ticker,event_ticker,category,side,contracts,maker_contracts,taker_contracts,avg_entry_price_cents,basis_cents,fees_cents,net_pnl_cents,return,entry_ts,exit_ts,holding_s,result
538APPROVE-22AUG24-T41.4,538APPROVE-22AUG24,Politics,no,249,249,0,98.0,24402,0,498,0.02040816326530612,1661378348,1661447100,68752,no
538APPROVE-22AUG31-T42.3,538APPROVE-22AUG31,Politics,no,43,43,0,91.0,3913,0,-3913,-1.0,1661963214,1662051840,88626,yes
538APPROVE-22NOV09-T41.2,538APPROVE-22NOV09,Politics,no,41,41,0,97.0,3977,0,-3977,-1.0,1668028930,1668110100,81170,yes
ACPI-22-B6.5,ACPI-22,Economics,yes,25,25,0,95.0,2375,0,125,0.05263157894736842,1673363940,1673550240,186300,yes
APRPOTUS-21NOV05-T42.3,APRPOTUS-21NOV05,Politics,yes,25,25,0,96.0,2400,0,100,0.041666666666666664,1636117639,1636232400,114761,yes
CPI-21DEC-T0.8,CPI-21DEC,Economics,no,10,10,0,94.0,940,1,59,0.0627659574468085,1641925995,1642068007,142012,no
CPI-22APR-T0.6,CPI-22APR,Economics,no,25,25,0,93.0,2325,3,172,0.07397849462365591,1652205022,1652288760,83738,no
CPI-22APR-T0.7,CPI-22APR,Economics,no,37,37,0,91.0,3367,6,327,0.09711909711909712,1652234983,1652288760,53777,no
CPI-22APR-T0.8,CPI-22APR,Economics,no,5,5,0,96.0,480,1,19,0.03958333333333333,1652206240,1652288760,82520,no
CPI-22AUG-T0.3,CPI-22AUG,Economics,no,12,12,0,96.0,1152,1,47,0.04079861111111111,1663028799,1663089180,60381,no
CPI-22AUG-T0.4,CPI-22AUG,Economics,no,6,6,0,98.0,588,1,11,0.01870748299319728,1663031022,1663089180,58158,no
CPI-22DEC-T0.0,CPI-22DEC,Economics,no,51,51,0,90.0,4590,9,501,0.10915032679738562,1673528498,1673550421,21923,no
CPI-22DEC-T0.1,CPI-22DEC,Economics,no,19,19,0,94.0,1786,2,112,0.06270996640537514,1673466594,1673550240,83646,no
CPI-22JUL-T0.8,CPI-22JUL,Economics,no,12,12,0,96.0,1152,1,47,0.04079861111111111,1660077093,1660151340,74247,no
CPI-22JUN-T0.4,CPI-22JUN,Economics,yes,1,1,0,97.0,97,1,2,0.020618556701030927,1657653904,1657731780,77876,yes
CPI-22JUN-T1.3,CPI-22JUN,Economics,no,92,92,0,93.0,8556,11,633,0.07398316970546985,1657640766,1657731840,91074,no
CPI-22MAR-T0.8,CPI-22MAR,Economics,yes,51,51,0,90.0,4590,9,501,0.10915032679738562,1649710120,1649783220,73100,yes
CPI-22MAY-T0.3,CPI-22MAY,Economics,yes,25,25,0,96.0,2400,2,98,0.04083333333333333,1654808250,1654880940,72690,yes
CPI-22MAY-T0.4,CPI-22MAY,Economics,yes,137,137,0,97.0,13289,8,403,0.030325833396041838,1654819770,1654880940,61170,yes
CPI-22NOV-T0.0,CPI-22NOV,Economics,yes,62,62,0,91.0,5642,9,549,0.09730591988656505,1670883131,1670954520,71389,yes
CPI-22NOV-T0.5,CPI-22NOV,Economics,no,92,92,0,93.0,8556,11,633,0.07398316970546985,1670879058,1670954520,75462,no
CPI-22SEP-T0.0,CPI-22SEP,Economics,yes,20,20,0,92.0,1840,3,157,0.08532608695652173,1665610720,1665682260,71540,yes
CPI-23APR-T0.1,CPI-23APR,Economics,yes,24,24,0,98.0,2352,1,47,0.019982993197278913,1683662088,1683738241,76153,yes
CPI-23MAR-T0.0,CPI-23MAR,Economics,yes,47,47,0,97.0,4559,3,138,0.03026979600789647,1681247094,1681319041,71947,yes
CPI-23MAR-T0.3,CPI-23MAR,Economics,no,32,32,0,92.0,2944,5,251,0.08525815217391304,1681248100,1681319100,71000,no
CPI-23MAR-T0.4,CPI-23MAR,Economics,no,6,6,0,98.0,588,1,11,0.01870748299319728,1681247109,1681319101,71992,no
CPICORE-23APR-T0.1,CPICORE-23APR,Economics,yes,2,2,0,97.0,194,0,6,0.030927835051546393,1683673573,1683738180,64607,yes
DCEIL-21OCT01,DCEIL-21OCT,Politics,no,12,12,0,98.0,1176,0,24,0.02040816326530612,1633024676,1633273200,248524,no
DCEIL-21OCT14,DCEIL-21OCT,Politics,yes,69,69,0,97.0,6693,0,-6693,-1.0,1634131788,1634396400,264612,no
DCEIL-23JUN1,DCEIL-23DEC31,Politics,no,98,98,0,95.0,9310,0,490,0.05263157894736842,1685631204,1685765521,134317,no
DCEIL-23JUNE2,DCEIL-23DEC31,Politics,yes,531,531,0,94.0,49914,0,-49914,-1.0,1685715641,1686034381,318740,no
FED-22JULY-T2.25,FED-22JUL,Economics,yes,2,2,0,98.0,196,1,3,0.015306122448979591,1658894220,1658959200,64980,yes
FED-22JULY-T2.50,FED-22JUL,Economics,no,51,51,0,90.0,4590,9,501,0.10915032679738562,1658864078,1658959260,95182,no
FED-22JUN-T1.75,FED-22JUN,Economics,no,213,213,0,96.0,20448,15,837,0.0409330985915493,1655231371,1655338500,107129,no
FED-22MAR-T0.25,FED-22MAR,Economics,yes,26,26,0,97.0,2522,2,76,0.03013481363996828,1647445135,1647465424,20289,yes
FED-22MAR-T0.5,FED-22MAR,Economics,no,5,5,0,93.0,465,1,34,0.07311827956989247,1647432562,1647465424,32862,no
FED-22MAY-T0.75,FED-22MAY,Economics,yes,62,62,0,94.0,5828,7,365,0.06262868908716542,1651601479,1651698360,96881,yes
FED-22MAY-T1,FED-22MAY,Economics,no,106,106,0,96.0,10176,8,416,0.040880503144654086,1651600842,1651698360,97518,no
FED-22NOV-T3.75,FED-22NOV,Economics,yes,3,3,0,97.0,291,1,8,0.027491408934707903,1667331910,1667450161,118251,yes
FED-22NOV-T4.00,FED-22NOV,Economics,no,35,35,0,98.0,3430,2,68,0.019825072886297375,1667351519,1667450160,98641,no
FED-22SEP-T3.00,FED-22SEP,Economics,yes,2,2,0,98.0,196,1,3,0.015306122448979591,1663704813,1663814280,109467,yes
FED-22SEP-T3.25,FED-22SEP,Economics,no,30,30,0,91.0,2730,5,265,0.09706959706959707,1663702475,1663814280,111805,no
FED-23FEB-T4.75,FED-23FEB,Economics,no,25,25,0,97.0,2425,2,73,0.030103092783505155,1675192641,1675289460,96819,no
FED-23JUN-T5.25,FED-23JUN,Economics,no,63,63,0,95.0,5985,6,309,0.05162907268170426,1686745315,1686780060,34745,no
FED-23MAR-T4.50,FED-23MAR,Economics,yes,223,223,0,98.0,21854,8,438,0.020042097556511394,1679448281,1679519221,70940,yes
FED-23MAR-T5.00,FED-23MAR,Economics,no,87,87,0,98.0,8526,3,171,0.020056298381421533,1679421647,1679519221,97574,no
FED-23MAY-T5.00,FED-23MAY,Economics,yes,75,75,0,92.0,6900,10,590,0.08550724637681159,1683059321,1683147961,88640,yes
FEDDECISION-23JUN-H25,FEDDECISION-23JUN,Economics,no,1,1,0,96.0,96,1,3,0.03125,1686765097,1686819720,54623,no
FEDDECISION-23MAY-H0,FEDDECISION-23MAY,Economics,no,116,116,0,94.0,10904,12,684,0.06272927366104182,1683063662,1683148021,84359,no
FEDDECISION-23MAY-H25,FEDDECISION-23MAY,Economics,yes,5,5,0,94.0,470,1,29,0.06170212765957447,1683063608,1683148021,84413,yes
FRMMAX-22DEC29-P7.0,FRMMAX-22DEC29,Economics,yes,46,46,0,96.0,4416,0,184,0.041666666666666664,1666810380,1666890480,80100,yes
GAS-22JUN13-A5.00,GAS-22JUN13,Economics,no,48,48,0,92.0,4416,0,384,0.08695652173913043,1655092390,1655226120,133730,no
GASM-22JUL11-A4.60,GASM-22JUL11,Economics,no,27,27,0,93.0,2511,0,189,0.07526881720430108,1657494760,1657645440,150680,no
GDP-22JUN30-T1.0,GDP-22JUN30,Economics,no,62,62,0,91.0,5642,9,549,0.09730591988656505,1658929850,1659027900,98050,no
GDP-22JUN30-T2.0,GDP-22JUN30,Economics,no,236,236,0,97.0,22892,13,695,0.03035995107461122,1658929918,1659027900,97982,no
GOVSHUT-21OCT01,GOVSHUT-21OCT01,Politics,no,510,510,0,98.0,49980,0,1020,0.02040816326530612,1633056683,1633190460,133777,no
HAPPIER-21AUG12-T200,ALBHAPPIER-21AUG12,World,no,187,187,0,98.0,18326,0,374,0.02040816326530612,1628783664,1629241200,457536,no
HIGHAUS-23JUN11-B96.5,HIGHAUS-23JUN11,Climate and Weather,no,114,114,0,90.0,10260,0,-10260,-1.0,1686512645,1686583561,70916,yes
HIGHAUS-23JUN11-T96,HIGHAUS-23JUN11,Climate and Weather,no,15,15,0,97.0,1455,0,45,0.030927835051546393,1686511576,1686583561,71985,no
HIGHCHI-21AUG26-T89,HIGHCHI-21AUG26,Climate and Weather,no,27,27,0,96.0,2592,0,-2592,-1.0,1629997928,1630163040,165112,yes
HIGHCHI-21AUG30-T83,HIGHCHI-21AUG30,Climate and Weather,yes,12,12,0,92.0,1104,0,96,0.08695652173913043,1630349720,1630508460,158740,yes
HIGHCHI-21DEC02-T58,HIGHCHI-21DEC02,Climate and Weather,no,44,44,0,91.0,4004,0,-4004,-1.0,1638458767,1638594002,135235,yes
HIGHCHI-21DEC03-T51,HIGHCHI-21DEC03,Climate and Weather,no,41,41,0,91.0,3731,0,369,0.0989010989010989,1638541218,1638680400,139182,no
HIGHCHI-21DEC05-T48,HIGHCHI-21DEC05,Climate and Weather,no,24,24,0,90.0,2160,0,240,0.1111111111111111,1638730342,1638853202,122860,no
HIGHCHI-21DEC07-T27,HIGHCHI-21DEC07,Climate and Weather,no,2,2,0,92.0,184,0,16,0.08695652173913043,1638896457,1639026000,129543,no
HIGHCHI-21DEC10-T49,HIGHCHI-21DEC10,Climate and Weather,yes,1,1,0,97.0,97,0,3,0.030927835051546393,1639175931,1639285202,109271,yes
HIGHCHI-21DEC10-T51,HIGHCHI-21DEC10,Climate and Weather,yes,28,28,0,91.0,2548,0,252,0.0989010989010989,1639153954,1639285202,131248,yes
HIGHCHI-21DEC12-T49,HIGHCHI-21DEC12,Climate and Weather,no,28,28,0,93.0,2604,0,-2604,-1.0,1639331125,1639497900,166775,yes
HIGHCHI-21DEC16-T62,HIGHCHI-21DEC16,Climate and Weather,yes,43,43,0,97.0,4171,0,129,0.030927835051546393,1639663399,1639803600,140201,yes
HIGHCHI-21DEC23-T44,HIGHCHI-21DEC23,Climate and Weather,yes,12,12,0,94.0,1128,0,72,0.06382978723404255,1640282679,1640408400,125721,yes
HIGHCHI-21DEC25-T53,HIGHCHI-21DEC25,Climate and Weather,yes,32,32,0,95.0,3040,0,160,0.05263157894736842,1640451587,1640581205,129618,yes
HIGHCHI-21DEC31-T46,HIGHCHI-21DEC31,Climate and Weather,no,67,67,0,91.0,6097,0,603,0.0989010989010989,1640976621,1641060120,83499,no
HIGHCHI-21NOV04-T49,HIGHCHI-21NOV04,Climate and Weather,no,27,27,0,95.0,2565,0,135,0.05263157894736842,1636035281,1636210800,175519,no
HIGHCHI-21NOV06-T59,HIGHCHI-21NOV06,Climate and Weather,no,1,1,0,93.0,93,0,-93,-1.0,1636224966,1636383600,158634,yes
HIGHCHI-21NOV11-T56,HIGHCHI-21NOV11,Climate and Weather,yes,258,258,0,95.0,24510,0,1290,0.05263157894736842,1636643566,1636779600,136034,yes
HIGHCHI-21NOV13-T40,HIGHCHI-21NOV13,Climate and Weather,yes,2,2,0,95.0,190,0,10,0.05263157894736842,1636853739,1636952820,99081,yes
HIGHCHI-21NOV16-T54,HIGHCHI-21NOV16,Climate and Weather,no,110,110,0,96.0,10560,0,-10560,-1.0,1637091771,1637211600,119829,yes
HIGHCHI-21NOV24-T50,HIGHCHI-21NOV24,Climate and Weather,yes,5,5,0,92.0,460,0,40,0.08695652173913043,1637770873,1637902800,131927,yes
HIGHCHI-21NOV28-T36,HIGHCHI-21NOV28,Climate and Weather,yes,2,2,0,95.0,190,0,10,0.05263157894736842,1638119199,1638248402,129203,yes
HIGHCHI-21NOV29-T43,HIGHCHI-21NOV29,Climate and Weather,no,4,4,0,98.0,392,0,8,0.02040816326530612,1638199498,1638334802,135304,no
HIGHCHI-21OCT02-T80,HIGHCHI-21OCT02,Climate and Weather,no,25,25,0,92.0,2300,0,-2300,-1.0,1633193612,1633359600,165988,yes
HIGHCHI-21OCT10-T84,HIGHCHI-21OCT10,Climate and Weather,no,30,30,0,93.0,2790,0,210,0.07526881720430108,1633908853,1634050860,142007,no
HIGHCHI-21OCT18-T70,HIGHCHI-21OCT18,Climate and Weather,yes,9,9,0,93.0,837,0,63,0.07526881720430108,1634581753,1634742000,160247,yes
HIGHCHI-21OCT30-T58,HIGHCHI-21OCT30,Climate and Weather,no,22,22,0,96.0,2112,0,88,0.041666666666666664,1635622685,1635778860,156175,no
HIGHCHI-21OCT31-T55,HIGHCHI-21OCT31,Climate and Weather,no,2,2,0,96.0,192,0,8,0.041666666666666664,1635713716,1635865260,151544,no
HIGHCHI-21SEP02-T80,HIGHCHI-21SEP02,Climate and Weather,no,59,59,0,92.0,5428,0,472,0.08695652173913043,1630600485,1630767660,167175,no
HIGHCHI-21SEP03-T77,HIGHCHI-21SEP03,Climate and Weather,no,25,25,0,98.0,2450,0,50,0.02040816326530612,1630703586,1630854000,150414,no
HIGHCHI-21SEP14-T87,HIGHCHI-21SEP14,Climate and Weather,no,162,162,0,92.0,14904,0,-14904,-1.0,1631649263,1631804400,155137,yes
HIGHCHI-21SEP28-T76,HIGHCHI-21SEP28,Climate and Weather,no,43,43,0,94.0,4042,0,258,0.06382978723404255,1632854033,1633014000,159967,no
HIGHCHI-21SEP30-T83,HIGHCHI-21SEP30,Climate and Weather,no,30,30,0,91.0,2730,0,270,0.0989010989010989,1633015450,1633186800,171350,no
HIGHCHI-22APR02-T45,HIGHCHI-22APR02,Climate and Weather,no,3,3,0,90.0,270,0,30,0.1111111111111111,1648918836,1649005680,86844,no
HIGHCHI-22APR05-T55,HIGHCHI-22APR05,Climate and Weather,no,17,17,0,97.0,1649,0,51,0.030927835051546393,1649216619,1649264640,48021,no
HIGHCHI-22APR06-T55,HIGHCHI-22APR06,Climate and Weather,yes,5,5,0,93.0,465,0,35,0.07526881720430108,1649257368,1649351580,94212,yes
HIGHCHI-22APR07-T46,HIGHCHI-22APR07,Climate and Weather,no,7,7,0,97.0,679,0,21,0.030927835051546393,1649383084,1649437440,54356,no
HIGHCHI-22APR07-T48,HIGHCHI-22APR07,Climate and Weather,no,5,5,0,90.0,450,0,50,0.1111111111111111,1649340290,1649437440,97150,no
HIGHCHI-22APR13-T73,HIGHCHI-22APR13,Climate and Weather,no,30,30,0,90.0,2700,0,300,0.1111111111111111,1649874611,1649955780,81169,no
HIGHCHI-22APR14-T56,HIGHCHI-22APR14,Climate and Weather,no,3,3,0,97.0,291,0,9,0.030927835051546393,1649962809,1650042180,79371,no
HIGHCHI-22APR15-T56,HIGHCHI-22APR15,Climate and Weather,no,16,16,0,93.0,1488,0,112,0.07526881720430108,1650029262,1650139020,109758,no
HIGHCHI-22APR16-T50,HIGHCHI-22APR16,Climate and Weather,no,48,48,0,93.0,4464,0,-4464,-1.0,1650146482,1650214980,68498,yes
HIGHCHI-22APR17-T42,HIGHCHI-22APR17,Climate and Weather,yes,7,7,0,91.0,637,0,63,0.0989010989010989,1650216975,1650301440,84465,yes
HIGHCHI-22APR20-T56,HIGHCHI-22APR20,Climate and Weather,no,48,48,0,96.0,4608,0,192,0.041666666666666664,1650497632,1650560520,62888,no
HIGHCHI-22APR21-T71,HIGHCHI-22APR21,Climate and Weather,no,17,17,0,92.0,1564,0,136,0.08695652173913043,1650573741,1650646980,73239,no
HIGHCHI-22APR24-T74,HIGHCHI-22APR24,Climate and Weather,yes,49,49,0,95.0,4655,0,245,0.05263157894736842,1650823492,1650906120,82628,yes
HIGHCHI-22APR25-T57,HIGHCHI-22APR25,Climate and Weather,yes,123,123,0,97.0,11931,0,369,0.030927835051546393,1650923769,1650992640,68871,yes
HIGHCHI-22APR25-T59,HIGHCHI-22APR25,Climate and Weather,no,201,201,0,93.0,18693,0,1407,0.07526881720430108,1650922467,1650992640,70173,no
HIGHCHI-22APR26-T54,HIGHCHI-22APR26,Climate and Weather,no,14,14,0,98.0,1372,0,28,0.02040816326530612,1651005851,1651078980,73129,no
HIGHCHI-22APR28-B51.5,HIGHCHI-22APR28,Climate and Weather,yes,22,22,0,92.0,2024,0,176,0.08695652173913043,1651189634,1651251720,62086,yes
HIGHCHI-22APR29-B64.5,HIGHCHI-22APR29,Climate and Weather,no,9,9,0,94.0,846,0,54,0.06382978723404255,1651252781,1651338180,85399,no
HIGHCHI-22APR30-T68,HIGHCHI-22APR30,Climate and Weather,no,10,10,0,90.0,900,0,100,0.1111111111111111,1651341676,1651424520,82844,no
HIGHCHI-22AUG01-T86,HIGHCHI-22AUG01,Climate and Weather,no,7,7,0,94.0,658,0,42,0.06382978723404255,1659359678,1659459840,100162,no
HIGHCHI-22AUG02-B89.5,HIGHCHI-22AUG02,Climate and Weather,no,38,38,0,93.0,3534,0,266,0.07526881720430108,1659469923,1659546120,76197,no
HIGHCHI-22AUG02-T87,HIGHCHI-22AUG02,Climate and Weather,no,16,16,0,98.0,1568,0,32,0.02040816326530612,1659451160,1659546120,94960,no
HIGHCHI-22AUG02-T90,HIGHCHI-22AUG02,Climate and Weather,yes,25,25,0,94.0,2350,0,150,0.06382978723404255,1659470041,1659546120,76079,yes
HIGHCHI-22AUG06-T95,HIGHCHI-22AUG06,Climate and Weather,no,16,16,0,91.0,1456,0,144,0.0989010989010989,1659803978,1659891720,87742,no
HIGHCHI-22AUG07-T89,HIGHCHI-22AUG07,Climate and Weather,yes,50,50,0,92.0,4600,0,400,0.08695652173913043,1659906896,1659978120,71224,yes
HIGHCHI-22AUG08-B84.5,HIGHCHI-22AUG08,Climate and Weather,no,33,33,0,94.0,3102,0,-3102,-1.0,1659983850,1660064580,80730,yes
HIGHCHI-22AUG08-B86.5,HIGHCHI-22AUG08,Climate and Weather,no,9,9,0,94.0,846,0,54,0.06382978723404255,1659988562,1660064580,76018,no
HIGHCHI-22AUG08-T84,HIGHCHI-22AUG08,Climate and Weather,yes,14,14,0,93.0,1302,0,-1302,-1.0,1659984054,1660064580,80526,no
HIGHCHI-22AUG08-T87,HIGHCHI-22AUG08,Climate and Weather,no,19,19,0,98.0,1862,0,38,0.02040816326530612,1659984573,1660064580,80007,no
HIGHCHI-22AUG09-T80,HIGHCHI-22AUG09,Climate and Weather,no,16,16,0,98.0,1568,0,32,0.02040816326530612,1660072522,1660151040,78518,no
HIGHCHI-22AUG10-T84,HIGHCHI-22AUG10,Climate and Weather,no,2,2,0,92.0,184,0,16,0.08695652173913043,1660144216,1660237380,93164,no
HIGHCHI-22AUG10-T87,HIGHCHI-22AUG10,Climate and Weather,no,126,126,0,90.0,11340,0,1260,0.1111111111111111,1660154799,1660237380,82581,no
HIGHCHI-22AUG11-B79.5,HIGHCHI-22AUG11,Climate and Weather,yes,59,59,0,96.0,5664,0,236,0.041666666666666664,1660241960,1660324440,82480,yes
HIGHCHI-22AUG11-T80,HIGHCHI-22AUG11,Climate and Weather,no,212,212,0,95.0,20140,0,1060,0.05263157894736842,1660242920,1660324440,81520,no
HIGHCHI-22AUG13-B81.5,HIGHCHI-22AUG13,Climate and Weather,no,14,14,0,98.0,1372,0,28,0.02040816326530612,1660435068,1660496460,61392,no
HIGHCHI-22AUG13-T81,HIGHCHI-22AUG13,Climate and Weather,yes,30,30,0,97.0,2910,0,90,0.030927835051546393,1660434980,1660496460,61480,yes
HIGHCHI-22AUG14-T79,HIGHCHI-22AUG14,Climate and Weather,no,3,3,0,91.0,273,0,-273,-1.0,1660489208,1660582980,93772,yes
HIGHCHI-22AUG16-T79,HIGHCHI-22AUG16,Climate and Weather,no,4,4,0,94.0,376,0,24,0.06382978723404255,1660658694,1660755780,97086,no
HIGHCHI-22AUG18-T83,HIGHCHI-22AUG18,Climate and Weather,no,25,25,0,98.0,2450,0,50,0.02040816326530612,1660832859,1660928640,95781,no
HIGHCHI-22AUG18-T86,HIGHCHI-22AUG18,Climate and Weather,no,67,67,0,92.0,6164,0,536,0.08695652173913043,1660852048,1660928640,76592,no
HIGHCHI-22AUG19-T86,HIGHCHI-22AUG19,Climate and Weather,no,15,15,0,90.0,1350,0,150,0.1111111111111111,1660914941,1661094240,179299,no
HIGHCHI-22AUG20-B77.5,HIGHCHI-22AUG20,Climate and Weather,yes,38,38,0,94.0,3572,0,-3572,-1.0,1661031384,1661101620,70236,no
HIGHCHI-22AUG20-T78,HIGHCHI-22AUG20,Climate and Weather,no,12,12,0,93.0,1116,0,-1116,-1.0,1661030696,1661101620,70924,yes
HIGHCHI-22AUG23-T83,HIGHCHI-22AUG23,Climate and Weather,no,4,4,0,90.0,360,0,40,0.1111111111111111,1661268786,1661360520,91734,no
HIGHCHI-22AUG24-T89,HIGHCHI-22AUG24,Climate and Weather,no,2,2,0,94.0,188,0,12,0.06382978723404255,1661351625,1661446980,95355,no
HIGHCHI-22AUG25-T85,HIGHCHI-22AUG25,Climate and Weather,no,22,22,0,90.0,1980,0,220,0.1111111111111111,1661436142,1661533801,97659,no
HIGHCHI-22AUG26-T76,HIGHCHI-22AUG26,Climate and Weather,no,14,14,0,92.0,1288,0,112,0.08695652173913043,1661521227,1661619900,98673,no
HIGHCHI-22AUG26-T79,HIGHCHI-22AUG26,Climate and Weather,no,81,81,0,95.0,7695,0,-7695,-1.0,1661532574,1661619900,87326,yes
HIGHCHI-22AUG27-T84,HIGHCHI-22AUG27,Climate and Weather,no,7,7,0,94.0,658,0,42,0.06382978723404255,1661614460,1661710800,96340,no
HIGHCHI-22AUG27-T87,HIGHCHI-22AUG27,Climate and Weather,no,9,9,0,96.0,864,0,36,0.041666666666666664,1661625003,1661710800,85797,no
HIGHCHI-22AUG28-T88,HIGHCHI-22AUG28,Climate and Weather,no,20,20,0,94.0,1880,0,120,0.06382978723404255,1661705188,1661792760,87572,no
HIGHCHI-22AUG29-T87,HIGHCHI-22AUG29,Climate and Weather,no,10,10,0,98.0,980,0,20,0.02040816326530612,1661782129,1661878920,96791,no
HIGHCHI-22AUG30-B82.5,HIGHCHI-22AUG30,Climate and Weather,yes,81,81,0,96.0,7776,0,324,0.041666666666666664,1661888630,1661994420,105790,yes
HIGHCHI-22AUG30-T85,HIGHCHI-22AUG30,Climate and Weather,no,7,7,0,94.0,658,0,42,0.06382978723404255,1661869499,1661994420,124921,no
HIGHCHI-22AUG31-T85,HIGHCHI-22AUG31,Climate and Weather,no,12,12,0,93.0,1116,0,84,0.07526881720430108,1661956345,1662051900,95555,no
HIGHCHI-22AUG31-T88,HIGHCHI-22AUG31,Climate and Weather,no,5,5,0,93.0,465,0,35,0.07526881720430108,1661972459,1662051900,79441,no
HIGHCHI-22DEC01-B38.5,HIGHCHI-22DEC01,Climate and Weather,no,6,6,0,91.0,546,0,54,0.0989010989010989,1669918736,1670004840,86104,no
HIGHCHI-22DEC01-T36,HIGHCHI-22DEC01,Climate and Weather,yes,13,13,0,97.0,1261,0,-1261,-1.0,1669932536,1670004840,72304,no
HIGHCHI-22DEC02-T53,HIGHCHI-22DEC02,Climate and Weather,no,13,13,0,90.0,1170,0,130,0.1111111111111111,1669993968,1670090820,96852,no
HIGHCHI-22DEC03-T51,HIGHCHI-22DEC03,Climate and Weather,yes,248,248,0,97.0,24056,0,744,0.030927835051546393,1670076343,1670176860,100517,yes
HIGHCHI-22DEC05-B46.5,HIGHCHI-22DEC05,Climate and Weather,no,83,83,0,90.0,7470,0,830,0.1111111111111111,1670255889,1670349960,94071,no
HIGHCHI-22DEC06-T44,HIGHCHI-22DEC06,Climate and Weather,no,55,55,0,92.0,5060,0,440,0.08695652173913043,1670343863,1670436360,92497,no
HIGHCHI-22DEC07-T44,HIGHCHI-22DEC07,Climate and Weather,no,76,76,0,95.0,7220,0,-7220,-1.0,1670428013,1670522460,94447,yes
HIGHCHI-22DEC10-T43,HIGHCHI-22DEC10,Climate and Weather,yes,2,2,0,96.0,192,0,8,0.041666666666666664,1670714657,1670781901,67244,yes
HIGHCHI-22DEC11-B40.5,HIGHCHI-22DEC11,Climate and Weather,no,45,45,0,92.0,4140,0,-4140,-1.0,1670805564,1670868900,63336,yes
HIGHCHI-22DEC13-B38.5,HIGHCHI-22DEC13,Climate and Weather,no,2,2,0,90.0,180,0,-180,-1.0,1670987553,1671040920,53367,yes
HIGHCHI-22DEC13-T38,HIGHCHI-22DEC13,Climate and Weather,no,5,5,0,94.0,470,0,30,0.06382978723404255,1670959060,1671040920,81860,no
HIGHCHI-22DEC14-T44,HIGHCHI-22DEC14,Climate and Weather,no,63,63,0,94.0,5922,0,378,0.06382978723404255,1671044169,1671127620,83451,no
HIGHCHI-22DEC17-B25.5,HIGHCHI-22DEC17,Climate and Weather,no,64,64,0,92.0,5888,0,-5888,-1.0,1671282042,1671391081,109039,yes
HIGHCHI-22DEC24-B7.5,HIGHCHI-22DEC24,Climate and Weather,no,3,3,0,95.0,285,0,15,0.05263157894736842,1671901751,1671997861,96110,no
HIGHCHI-22DEC27-B27.5,HIGHCHI-22DEC27,Climate and Weather,no,150,150,0,94.0,14100,0,900,0.06382978723404255,1672186924,1672253160,66236,no
HIGHCHI-22DEC28-B43.5,HIGHCHI-22DEC28,Climate and Weather,yes,361,361,0,91.0,32851,0,-32851,-1.0,1672277842,1672337820,59978,no
HIGHCHI-22DEC28-B45.5,HIGHCHI-22DEC28,Climate and Weather,no,73,73,0,91.0,6643,0,-6643,-1.0,1672259902,1672337820,77918,yes
HIGHCHI-22DEC28-T46,HIGHCHI-22DEC28,Climate and Weather,no,8,8,0,92.0,736,0,64,0.08695652173913043,1672255094,1672337820,82726,no
HIGHCHI-22DEC31-B39.5,HIGHCHI-22DEC31,Climate and Weather,yes,31,31,0,95.0,2945,0,155,0.05263157894736842,1672531762,1672596660,64898,yes
HIGHCHI-22FEB08-T40,HIGHCHI-22FEB08,Climate and Weather,no,77,77,0,96.0,7392,0,-7392,-1.0,1644380978,1644429780,48802,yes
HIGHCHI-22FEB13-T20,HIGHCHI-22FEB13,Climate and Weather,yes,179,179,0,94.0,16826,0,1074,0.06382978723404255,1644786357,1644861720,75363,yes
HIGHCHI-22FEB14-T32,HIGHCHI-22FEB14,Climate and Weather,no,14,14,0,97.0,1358,0,42,0.030927835051546393,1644861981,1644948120,86139,no
HIGHCHI-22FEB15-T40,HIGHCHI-22FEB15,Climate and Weather,yes,7,7,0,90.0,630,0,70,0.1111111111111111,1644950823,1645035240,84417,yes
HIGHCHI-22FEB16-T54,HIGHCHI-22FEB16,Climate and Weather,no,7,7,0,90.0,630,0,70,0.1111111111111111,1645057382,1645122840,65458,no
HIGHCHI-22FEB19-T29,HIGHCHI-22FEB19,Climate and Weather,no,5,5,0,92.0,460,0,40,0.08695652173913043,1645289185,1645380120,90935,no
HIGHCHI-22FEB24-T28,HIGHCHI-22FEB24,Climate and Weather,yes,1,1,0,93.0,93,0,7,0.07526881720430108,1645722675,1645812180,89505,yes
HIGHCHI-22JAN03-T24,HIGHCHI-22JAN03,Climate and Weather,no,40,40,0,95.0,3800,0,200,0.05263157894736842,1641265650,1641319500,53850,no
HIGHCHI-22JAN11-T32,HIGHCHI-22JAN11,Climate and Weather,yes,21,21,0,92.0,1932,0,168,0.08695652173913043,1641920992,1642010580,89588,yes
HIGHCHI-22JAN15-T28,HIGHCHI-22JAN15,Climate and Weather,no,5,5,0,95.0,475,0,25,0.05263157894736842,1642273837,1642356241,82404,no
HIGHCHI-22JAN20-T21,HIGHCHI-22JAN20,Climate and Weather,no,41,41,0,90.0,3690,0,-3690,-1.0,1642693639,1642788300,94661,yes
HIGHCHI-22JAN22-T32,HIGHCHI-22JAN22,Climate and Weather,no,175,175,0,90.0,15750,0,-15750,-1.0,1642870270,1642960980,90710,yes
HIGHCHI-22JAN26-T11,HIGHCHI-22JAN26,Climate and Weather,yes,27,27,0,91.0,2457,0,243,0.0989010989010989,1643226512,1643306520,80008,yes
HIGHCHI-22JUL02-B88.5,HIGHCHI-22JUL02,Climate and Weather,no,112,112,0,92.0,10304,0,896,0.08695652173913043,1656780912,1656867660,86748,no
HIGHCHI-22JUL02-T89,HIGHCHI-22JUL02,Climate and Weather,no,5,5,0,98.0,490,0,10,0.02040816326530612,1656781436,1656867660,86224,no
HIGHCHI-22JUL03-B90.5,HIGHCHI-22JUL03,Climate and Weather,no,4,4,0,90.0,360,0,40,0.1111111111111111,1656872438,1656954060,81622,no
HIGHCHI-22JUL03-T90,HIGHCHI-22JUL03,Climate and Weather,yes,10,10,0,90.0,900,0,100,0.1111111111111111,1656871235,1656954060,82825,yes
HIGHCHI-22JUL04-B92.5,HIGHCHI-22JUL04,Climate and Weather,no,5,5,0,96.0,480,0,20,0.041666666666666664,1656962674,1657040520,77846,no
HIGHCHI-22JUL04-T95,HIGHCHI-22JUL04,Climate and Weather,no,1,1,0,98.0,98,0,2,0.02040816326530612,1656949026,1657040520,91494,no
HIGHCHI-22JUL06-T82,HIGHCHI-22JUL06,Climate and Weather,no,25,25,0,98.0,2450,0,50,0.02040816326530612,1657140348,1657216860,76512,no
HIGHCHI-22JUL08-B79.5,HIGHCHI-22JUL08,Climate and Weather,yes,26,26,0,97.0,2522,0,-2522,-1.0,1657307808,1657386120,78312,no
HIGHCHI-22JUL08-T80,HIGHCHI-22JUL08,Climate and Weather,no,25,25,0,97.0,2425,0,-2425,-1.0,1657307650,1657386120,78470,yes
HIGHCHI-22JUL10-B85.5,HIGHCHI-22JUL10,Climate and Weather,no,46,46,0,91.0,4186,0,414,0.0989010989010989,1657479859,1657558860,79001,no
HIGHCHI-22JUL10-T88,HIGHCHI-22JUL10,Climate and Weather,no,31,31,0,91.0,2821,0,279,0.0989010989010989,1657479146,1657558860,79714,no
HIGHCHI-22JUL18-T91,HIGHCHI-22JUL18,Climate and Weather,no,13,13,0,97.0,1261,0,39,0.030927835051546393,1658160948,1658250240,89292,no
HIGHCHI-22JUL21-T96,HIGHCHI-22JUL21,Climate and Weather,no,25,25,0,93.0,2325,0,175,0.07526881720430108,1658409349,1658509500,100151,no
HIGHCHI-22JUL23-T94,HIGHCHI-22JUL23,Climate and Weather,no,134,134,0,92.0,12328,0,-12328,-1.0,1658594990,1658682120,87130,yes
HIGHCHI-22JUL23-T97,HIGHCHI-22JUL23,Climate and Weather,no,3,3,0,98.0,294,0,6,0.02040816326530612,1658596913,1658682120,85207,no
HIGHCHI-22JUL24-B86.5,HIGHCHI-22JUL24,Climate and Weather,yes,104,104,0,98.0,10192,0,-10192,-1.0,1658701432,1658768640,67208,no
HIGHCHI-22JUL27-T86,HIGHCHI-22JUL27,Climate and Weather,no,4,4,0,95.0,380,0,-380,-1.0,1658949073,1659027960,78887,yes
HIGHCHI-22JUL29-B83.5,HIGHCHI-22JUL29,Climate and Weather,no,14,14,0,92.0,1288,0,-1288,-1.0,1659123846,1659200520,76674,yes
HIGHCHI-22JUL29-T84,HIGHCHI-22JUL29,Climate and Weather,no,21,21,0,98.0,2058,0,42,0.02040816326530612,1659127388,1659200520,73132,no
HIGHCHI-22JUL30-T84,HIGHCHI-22JUL30,Climate and Weather,no,63,63,0,95.0,5985,0,315,0.05263157894736842,1659187908,1659287040,99132,no
HIGHCHI-22JUL30-T87,HIGHCHI-22JUL30,Climate and Weather,no,15,15,0,94.0,1410,0,90,0.06382978723404255,1659191409,1659287040,95631,no
HIGHCHI-22JUL31-T85,HIGHCHI-22JUL31,Climate and Weather,no,11,11,0,91.0,1001,0,99,0.0989010989010989,1659278400,1659373320,94920,no
HIGHCHI-22JUN01-B73.5,HIGHCHI-22JUN01,Climate and Weather,no,64,64,0,98.0,6272,0,128,0.02040816326530612,1654137023,1654189740,52717,no
HIGHCHI-22JUN01-T71,HIGHCHI-22JUN01,Climate and Weather,no,25,25,0,98.0,2450,0,50,0.02040816326530612,1654109924,1654189740,79816,no
HIGHCHI-22JUN02-B78.5,HIGHCHI-22JUN02,Climate and Weather,no,519,519,0,95.0,49305,0,-49305,-1.0,1654196280,1654275780,79500,yes
HIGHCHI-22JUN02-T76,HIGHCHI-22JUN02,Climate and Weather,no,48,48,0,93.0,4464,0,336,0.07526881720430108,1654192058,1654275780,83722,no
HIGHCHI-22JUN05-B81.5,HIGHCHI-22JUN05,Climate and Weather,no,67,67,0,91.0,6097,0,-6097,-1.0,1654465008,1654544460,79452,yes
HIGHCHI-22JUN05-B83.5,HIGHCHI-22JUN05,Climate and Weather,no,17,17,0,90.0,1530,0,170,0.1111111111111111,1654451440,1654544460,93020,no
HIGHCHI-22JUN06-T75,HIGHCHI-22JUN06,Climate and Weather,no,81,81,0,93.0,7533,0,567,0.07526881720430108,1654534384,1654621380,86996,no
HIGHCHI-22JUN07-B73.5,HIGHCHI-22JUN07,Climate and Weather,no,5,5,0,98.0,490,0,10,0.02040816326530612,1654650023,1654707660,57637,no
HIGHCHI-22JUN07-T74,HIGHCHI-22JUN07,Climate and Weather,no,6,6,0,93.0,558,0,42,0.07526881720430108,1654631801,1654707660,75859,no
HIGHCHI-22JUN09-B82.5,HIGHCHI-22JUN09,Climate and Weather,no,9,9,0,93.0,837,0,63,0.07526881720430108,1654798427,1654880640,82213,no
HIGHCHI-22JUN12-B71.5,HIGHCHI-22JUN12,Climate and Weather,no,164,164,0,97.0,15908,0,492,0.030927835051546393,1655056753,1655139720,82967,no
HIGHCHI-22JUN12-B73.5,HIGHCHI-22JUN12,Climate and Weather,yes,4,4,0,93.0,372,0,28,0.07526881720430108,1655067162,1655139720,72558,yes
HIGHCHI-22JUN12-T71,HIGHCHI-22JUN12,Climate and Weather,no,510,510,0,98.0,49980,0,1020,0.02040816326530612,1655056794,1655139720,82926,no
HIGHCHI-22JUN12-T74,HIGHCHI-22JUN12,Climate and Weather,no,87,87,0,98.0,8526,0,174,0.02040816326530612,1655057457,1655139720,82263,no
HIGHCHI-22JUN13-B86.5,HIGHCHI-22JUN13,Climate and Weather,no,53,53,0,90.0,4770,0,530,0.1111111111111111,1655138053,1655226300,88247,no
HIGHCHI-22JUN14-B102.5,HIGHCHI-22JUN14,Climate and Weather,no,49,49,0,92.0,4508,0,392,0.08695652173913043,1655231937,1655312520,80583,no
HIGHCHI-22JUN14-T103,HIGHCHI-22JUN14,Climate and Weather,no,16,16,0,91.0,1456,0,144,0.0989010989010989,1655225853,1655312520,86667,no
HIGHCHI-22JUN15-B100.5,HIGHCHI-22JUN15,Climate and Weather,no,45,45,0,92.0,4140,0,-4140,-1.0,1655326347,1655398980,72633,yes
HIGHCHI-22JUN15-T100,HIGHCHI-22JUN15,Climate and Weather,yes,43,43,0,92.0,3956,0,-3956,-1.0,1655323984,1655398980,74996,no
HIGHCHI-22JUN16-T98,HIGHCHI-22JUN16,Climate and Weather,no,12,12,0,98.0,1176,0,24,0.02040816326530612,1655399910,1655485380,85470,no
HIGHCHI-22JUN17-T88,HIGHCHI-22JUN17,Climate and Weather,no,47,47,0,91.0,4277,0,423,0.0989010989010989,1655477787,1655571720,93933,no
HIGHCHI-22JUN19-B87.5,HIGHCHI-22JUN19,Climate and Weather,yes,66,66,0,92.0,6072,0,528,0.08695652173913043,1655677611,1655744520,66909,yes
HIGHCHI-22JUN19-B89.5,HIGHCHI-22JUN19,Climate and Weather,no,22,22,0,94.0,2068,0,132,0.06382978723404255,1655669378,1655744520,75142,no
HIGHCHI-22JUN21-T103,HIGHCHI-22JUN21,Climate and Weather,no,30,30,0,97.0,2910,0,90,0.030927835051546393,1655835898,1655917500,81602,no
HIGHCHI-22JUN22-T92,HIGHCHI-22JUN22,Climate and Weather,no,30,30,0,96.0,2880,0,120,0.041666666666666664,1655923560,1656003780,80220,no
HIGHCHI-22JUN26-B85.5,HIGHCHI-22JUN26,Climate and Weather,no,7,7,0,93.0,651,0,49,0.07526881720430108,1656257022,1656349320,92298,no
HIGHCHI-22JUN27-B80.5,HIGHCHI-22JUN27,Climate and Weather,no,16,16,0,95.0,1520,0,-1520,-1.0,1656344751,1656435720,90969,yes
HIGHCHI-22JUN27-T81,HIGHCHI-22JUN27,Climate and Weather,no,37,37,0,98.0,3626,0,74,0.02040816326530612,1656345930,1656435720,89790,no
HIGHCHI-22JUN28-B87.5,HIGHCHI-22JUN28,Climate and Weather,yes,33,33,0,96.0,3168,0,132,0.041666666666666664,1656472009,1656522300,50291,yes
HIGHCHI-22JUN28-B89.5,HIGHCHI-22JUN28,Climate and Weather,no,102,102,0,95.0,9690,0,510,0.05263157894736842,1656442066,1656522300,80234,no
HIGHCHI-22JUN28-T87,HIGHCHI-22JUN28,Climate and Weather,no,510,510,0,98.0,49980,0,1020,0.02040816326530612,1656469110,1656522300,53190,no
HIGHCHI-22JUN29-T90,HIGHCHI-22JUN29,Climate and Weather,no,26,26,0,96.0,2496,0,104,0.041666666666666664,1656528842,1656608520,79678,no
HIGHCHI-22JUN30-T94,HIGHCHI-22JUN30,Climate and Weather,no,53,53,0,90.0,4770,0,530,0.1111111111111111,1656608478,1656694920,86442,no
HIGHCHI-22MAR01-T49,HIGHCHI-22MAR01,Climate and Weather,yes,6,6,0,94.0,564,0,36,0.06382978723404255,1646154129,1646244180,90051,yes
HIGHCHI-22MAR04-T47,HIGHCHI-22MAR04,Climate and Weather,no,5,5,0,98.0,490,0,10,0.02040816326530612,1646429144,1646503440,74296,no
HIGHCHI-22MAR06-T60,HIGHCHI-22MAR06,Climate and Weather,yes,55,55,0,94.0,5170,0,330,0.06382978723404255,1646577084,1646676180,99096,yes
HIGHCHI-22MAR08-T42,HIGHCHI-22MAR08,Climate and Weather,no,17,17,0,91.0,1547,0,153,0.0989010989010989,1646773570,1646848920,75350,no
HIGHCHI-22MAR10-T32,HIGHCHI-22MAR10,Climate and Weather,yes,441,441,0,97.0,42777,0,1323,0.030927835051546393,1646944055,1647021960,77905,yes
HIGHCHI-22MAR11-T37,HIGHCHI-22MAR11,Climate and Weather,no,2,2,0,94.0,188,0,12,0.06382978723404255,1647014744,1647108120,93376,no
HIGHCHI-22MAR15-T56,HIGHCHI-22MAR15,Climate and Weather,no,48,48,0,97.0,4656,0,144,0.030927835051546393,1647395633,1647450240,54607,no
HIGHCHI-22MAR16-T68,HIGHCHI-22MAR16,Climate and Weather,yes,32,32,0,94.0,3008,0,192,0.06382978723404255,1647456950,1647536824,79874,yes
HIGHCHI-22MAR23-T62,HIGHCHI-22MAR23,Climate and Weather,no,31,31,0,97.0,3007,0,93,0.030927835051546393,1648062064,1648143240,81176,no
HIGHCHI-22MAR25-T49,HIGHCHI-22MAR25,Climate and Weather,yes,477,477,0,96.0,45792,0,1908,0.041666666666666664,1648246680,1648314180,67500,yes
HIGHCHI-22MAR28-T37,HIGHCHI-22MAR28,Climate and Weather,no,25,25,0,91.0,2275,0,225,0.0989010989010989,1648479959,1648573440,93481,no
HIGHCHI-22MAR29-T45,HIGHCHI-22MAR29,Climate and Weather,no,18,18,0,93.0,1674,0,126,0.07526881720430108,1648608252,1648659840,51588,no
HIGHCHI-22MAR30-T64,HIGHCHI-22MAR30,Climate and Weather,no,40,40,0,93.0,3720,0,280,0.07526881720430108,1648675978,1648746180,70202,no
HIGHCHI-22MAY03-T53,HIGHCHI-22MAY03,Climate and Weather,no,25,25,0,93.0,2325,0,175,0.07526881720430108,1651579349,1651683720,104371,no
HIGHCHI-22MAY06-B52.5,HIGHCHI-22MAY06,Climate and Weather,yes,63,63,0,91.0,5733,0,-5733,-1.0,1651889148,1651942980,53832,no
HIGHCHI-22MAY06-B54.5,HIGHCHI-22MAY06,Climate and Weather,no,65,65,0,91.0,5915,0,-5915,-1.0,1651889137,1651942980,53843,yes
HIGHCHI-22MAY06-T52,HIGHCHI-22MAY06,Climate and Weather,no,53,53,0,98.0,5194,0,106,0.02040816326530612,1651849710,1651942980,93270,no
HIGHCHI-22MAY09-B82.5,HIGHCHI-22MAY09,Climate and Weather,no,108,108,0,91.0,9828,0,972,0.0989010989010989,1652114828,1652202120,87292,no
HIGHCHI-22MAY09-T83,HIGHCHI-22MAY09,Climate and Weather,no,5,5,0,94.0,470,0,-470,-1.0,1652112780,1652202120,89340,yes
HIGHCHI-22MAY10-T85,HIGHCHI-22MAY10,Climate and Weather,no,58,58,0,97.0,5626,0,174,0.030927835051546393,1652199601,1652288700,89099,no
HIGHCHI-22MAY13-B89.5,HIGHCHI-22MAY13,Climate and Weather,no,2,2,0,91.0,182,0,18,0.0989010989010989,1652465497,1652547720,82223,no
HIGHCHI-22MAY16-B79.5,HIGHCHI-22MAY16,Climate and Weather,yes,28,28,0,93.0,2604,0,196,0.07526881720430108,1652739189,1652807220,68031,yes
HIGHCHI-22MAY16-T80,HIGHCHI-22MAY16,Climate and Weather,no,5,5,0,90.0,450,0,50,0.1111111111111111,1652711846,1652807220,95374,no
HIGHCHI-22MAY17-T66,HIGHCHI-22MAY17,Climate and Weather,no,89,89,0,97.0,8633,0,267,0.030927835051546393,1652803110,1652893320,90210,no
HIGHCHI-22MAY17-T69,HIGHCHI-22MAY17,Climate and Weather,no,1,1,0,93.0,93,0,7,0.07526881720430108,1652805750,1652893320,87570,no
HIGHCHI-22MAY19-B90.5,HIGHCHI-22MAY19,Climate and Weather,no,37,37,0,96.0,3552,0,148,0.041666666666666664,1652995433,1653066060,70627,no
HIGHCHI-22MAY20-B88.5,HIGHCHI-22MAY20,Climate and Weather,no,38,38,0,94.0,3572,0,-3572,-1.0,1653077525,1653152520,74995,yes
HIGHCHI-22MAY20-B90.5,HIGHCHI-22MAY20,Climate and Weather,no,30,30,0,96.0,2880,0,120,0.041666666666666664,1653079749,1653152520,72771,no
HIGHCHI-22MAY20-T88,HIGHCHI-22MAY20,Climate and Weather,yes,70,70,0,94.0,6580,0,-6580,-1.0,1653078531,1653152520,73989,no
HIGHCHI-22MAY20-T91,HIGHCHI-22MAY20,Climate and Weather,no,18,18,0,98.0,1764,0,36,0.02040816326530612,1653077204,1653152520,75316,no
HIGHCHI-22MAY22-T66,HIGHCHI-22MAY22,Climate and Weather,no,2,2,0,92.0,184,0,16,0.08695652173913043,1653235599,1653325320,89721,no
HIGHCHI-22MAY23-B65.5,HIGHCHI-22MAY23,Climate and Weather,no,27,27,0,96.0,2592,0,108,0.041666666666666664,1653328708,1653411660,82952,no
HIGHCHI-22MAY24-T69,HIGHCHI-22MAY24,Climate and Weather,no,1,1,0,92.0,92,0,8,0.08695652173913043,1653423216,1653498120,74904,no
HIGHCHI-22MAY25-B80.5,HIGHCHI-22MAY25,Climate and Weather,no,44,44,0,94.0,4136,0,264,0.06382978723404255,1653502328,1653584520,82192,no
HIGHCHI-22MAY25-B82.5,HIGHCHI-22MAY25,Climate and Weather,no,235,235,0,91.0,21385,0,-21385,-1.0,1653508779,1653584520,75741,yes
HIGHCHI-22MAY25-T80,HIGHCHI-22MAY25,Climate and Weather,yes,1,1,0,93.0,93,0,-93,-1.0,1653502106,1653584520,82414,no
HIGHCHI-22MAY25-T83,HIGHCHI-22MAY25,Climate and Weather,no,116,116,0,96.0,11136,0,464,0.041666666666666664,1653507313,1653584520,77207,no
HIGHCHI-22MAY26-B74.5,HIGHCHI-22MAY26,Climate and Weather,no,48,48,0,97.0,4656,0,144,0.030927835051546393,1653587879,1653670860,82981,no
HIGHCHI-22MAY30-T94,HIGHCHI-22MAY30,Climate and Weather,no,1,1,0,92.0,92,0,8,0.08695652173913043,1653915911,1654016520,100609,no
HIGHCHI-22MAY31-B91.5,HIGHCHI-22MAY31,Climate and Weather,no,4,4,0,90.0,360,0,40,0.1111111111111111,1654014088,1654103100,89012,no
HIGHCHI-22MAY31-T92,HIGHCHI-22MAY31,Climate and Weather,no,5,5,0,95.0,475,0,25,0.05263157894736842,1654033499,1654103100,69601,no
HIGHCHI-22NOV01-T73,HIGHCHI-22NOV01,Climate and Weather,no,112,112,0,96.0,10752,0,448,0.041666666666666664,1667321810,1667408760,86950,no
HIGHCHI-22NOV02-T75,HIGHCHI-22NOV02,Climate and Weather,no,49,49,0,93.0,4557,0,343,0.07526881720430108,1667391147,1667496240,105093,no
HIGHCHI-22NOV03-T74,HIGHCHI-22NOV03,Climate and Weather,no,82,82,0,98.0,8036,0,164,0.02040816326530612,1667501742,1667582580,80838,no
HIGHCHI-22NOV04-T75,HIGHCHI-22NOV04,Climate and Weather,no,56,56,0,97.0,5432,0,-5432,-1.0,1667592937,1667669341,76404,yes
HIGHCHI-22NOV06-T67,HIGHCHI-22NOV06,Climate and Weather,no,44,44,0,90.0,3960,0,440,0.1111111111111111,1667751734,1667844060,92326,no
HIGHCHI-22NOV07-T56,HIGHCHI-22NOV07,Climate and Weather,no,55,55,0,91.0,5005,0,-5005,-1.0,1667834695,1667930580,95885,yes
HIGHCHI-22NOV09-B72.5,HIGHCHI-22NOV09,Climate and Weather,no,75,75,0,98.0,7350,0,150,0.02040816326530612,1668031640,1668110101,78461,no
HIGHCHI-22NOV09-T73,HIGHCHI-22NOV09,Climate and Weather,no,2,2,0,92.0,184,0,16,0.08695652173913043,1668011702,1668110101,98399,no
HIGHCHI-22NOV11-B59.5,HIGHCHI-22NOV11,Climate and Weather,yes,7,7,0,98.0,686,0,14,0.02040816326530612,1668204169,1668279000,74831,yes
HIGHCHI-22NOV12-T39,HIGHCHI-22NOV12,Climate and Weather,no,33,33,0,95.0,3135,0,-3135,-1.0,1668276966,1668371641,94675,yes
HIGHCHI-22NOV14-B43.5,HIGHCHI-22NOV14,Climate and Weather,no,7,7,0,95.0,665,0,35,0.05263157894736842,1668456053,1668535680,79627,no
HIGHCHI-22NOV14-T46,HIGHCHI-22NOV14,Climate and Weather,no,14,14,0,94.0,1316,0,84,0.06382978723404255,1668452359,1668535680,83321,no
HIGHCHI-22NOV16-B39.5,HIGHCHI-22NOV16,Climate and Weather,no,4,4,0,91.0,364,0,36,0.0989010989010989,1668610944,1668709620,98676,no
HIGHCHI-22NOV17-T35,HIGHCHI-22NOV17,Climate and Weather,no,36,36,0,95.0,3420,0,180,0.05263157894736842,1668709863,1668795780,85917,no
HIGHCHI-22NOV18-T29,HIGHCHI-22NOV18,Climate and Weather,yes,12,12,0,98.0,1176,0,24,0.02040816326530612,1668794506,1668885780,91274,yes
HIGHCHI-22NOV22-T51,HIGHCHI-22NOV22,Climate and Weather,no,56,56,0,91.0,5096,0,-5096,-1.0,1669136532,1669226460,89928,yes
HIGHCHI-22NOV23-B55.5,HIGHCHI-22NOV23,Climate and Weather,no,2,2,0,93.0,186,0,14,0.07526881720430108,1669220030,1669312920,92890,no
HIGHCHI-22NOV25-T51,HIGHCHI-22NOV25,Climate and Weather,no,13,13,0,94.0,1222,0,78,0.06382978723404255,1669399189,1669485780,86591,no
HIGHCHI-22NOV27-T47,HIGHCHI-22NOV27,Climate and Weather,no,68,68,0,91.0,6188,0,612,0.0989010989010989,1669564780,1669658460,93680,no
HIGHCHI-22NOV29-T60,HIGHCHI-22NOV29,Climate and Weather,no,24,24,0,92.0,2208,0,192,0.08695652173913043,1669744879,1669831260,86381,no
HIGHCHI-22NOV30-B33.5,HIGHCHI-22NOV30,Climate and Weather,no,59,59,0,98.0,5782,0,118,0.02040816326530612,1669832772,1669917660,84888,no
HIGHCHI-22OCT01-T72,HIGHCHI-22OCT01,Climate and Weather,no,87,87,0,94.0,8178,0,522,0.06382978723404255,1664639822,1664730240,90418,no
HIGHCHI-22OCT02-T69,HIGHCHI-22OCT02,Climate and Weather,no,29,29,0,90.0,2610,0,290,0.1111111111111111,1664737785,1664816580,78795,no
HIGHCHI-22OCT03-T67,HIGHCHI-22OCT03,Climate and Weather,no,14,14,0,92.0,1288,0,112,0.08695652173913043,1664802116,1664902920,100804,no
HIGHCHI-22OCT03-T70,HIGHCHI-22OCT03,Climate and Weather,no,43,43,0,91.0,3913,0,387,0.0989010989010989,1664815642,1664902920,87278,no
HIGHCHI-22OCT04-T72,HIGHCHI-22OCT04,Climate and Weather,no,42,42,0,94.0,3948,0,252,0.06382978723404255,1664892970,1664989320,96350,no
HIGHCHI-22OCT06-T73,HIGHCHI-22OCT06,Climate and Weather,no,47,47,0,90.0,4230,0,470,0.1111111111111111,1665061350,1665162120,100770,no
HIGHCHI-22OCT06-T76,HIGHCHI-22OCT06,Climate and Weather,no,8,8,0,90.0,720,0,-720,-1.0,1665066706,1665162120,95414,yes
HIGHCHI-22OCT08-B62.5,HIGHCHI-22OCT08,Climate and Weather,no,53,53,0,91.0,4823,0,477,0.0989010989010989,1665244897,1665418800,173903,no
HIGHCHI-22OCT11-T71,HIGHCHI-22OCT11,Climate and Weather,no,18,18,0,93.0,1674,0,126,0.07526881720430108,1665501003,1665594181,93178,no
HIGHCHI-22OCT13-T54,HIGHCHI-22OCT13,Climate and Weather,no,39,39,0,95.0,3705,0,195,0.05263157894736842,1665674071,1665766920,92849,no
HIGHCHI-22OCT13-T57,HIGHCHI-22OCT13,Climate and Weather,no,17,17,0,91.0,1547,0,-1547,-1.0,1665680229,1665766920,86691,yes
HIGHCHI-22OCT14-T60,HIGHCHI-22OCT14,Climate and Weather,no,39,39,0,90.0,3510,0,390,0.1111111111111111,1665768358,1665859800,91442,no
HIGHCHI-22OCT14-T63,HIGHCHI-22OCT14,Climate and Weather,no,22,22,0,93.0,2046,0,154,0.07526881720430108,1665756830,1665859800,102970,no
HIGHCHI-22OCT16-T59,HIGHCHI-22OCT16,Climate and Weather,no,12,12,0,94.0,1128,0,72,0.06382978723404255,1665928818,1666026120,97302,no
HIGHCHI-22OCT18-T46,HIGHCHI-22OCT18,Climate and Weather,no,59,59,0,92.0,5428,0,472,0.08695652173913043,1666100539,1666198920,98381,no
HIGHCHI-22OCT18-T49,HIGHCHI-22OCT18,Climate and Weather,no,63,63,0,93.0,5859,0,-5859,-1.0,1666116643,1666198920,82277,yes
HIGHCHI-22OCT20-T59,HIGHCHI-22OCT20,Climate and Weather,no,11,11,0,95.0,1045,0,55,0.05263157894736842,1666278798,1666401180,122382,no
HIGHCHI-22OCT21-T74,HIGHCHI-22OCT21,Climate and Weather,no,13,13,0,94.0,1222,0,78,0.06382978723404255,1666358005,1666479601,121596,no
HIGHCHI-22OCT21-T77,HIGHCHI-22OCT21,Climate and Weather,no,35,35,0,92.0,3220,0,-3220,-1.0,1666375982,1666479601,103619,yes
HIGHCHI-22OCT23-T82,HIGHCHI-22OCT23,Climate and Weather,no,51,51,0,91.0,4641,0,459,0.0989010989010989,1666540460,1666631400,90940,no
HIGHCHI-22OCT24-T77,HIGHCHI-22OCT24,Climate and Weather,no,15,15,0,91.0,1365,0,135,0.0989010989010989,1666624493,1666717261,92768,no
HIGHCHI-22OCT24-T80,HIGHCHI-22OCT24,Climate and Weather,no,18,18,0,90.0,1620,0,180,0.1111111111111111,1666631152,1666717261,86109,no
HIGHCHI-22OCT25-T71,HIGHCHI-22OCT25,Climate and Weather,no,17,17,0,98.0,1666,0,34,0.02040816326530612,1666715723,1666803660,87937,no
HIGHCHI-22OCT27-B58.5,HIGHCHI-22OCT27,Climate and Weather,no,16,16,0,90.0,1440,0,160,0.1111111111111111,1666886929,1666977660,90731,no
HIGHCHI-22OCT29-T68,HIGHCHI-22OCT29,Climate and Weather,no,3,3,0,95.0,285,0,15,0.05263157894736842,1667060419,1667150040,89621,no
HIGHCHI-22OCT30-T66,HIGHCHI-22OCT30,Climate and Weather,no,23,23,0,95.0,2185,0,-2185,-1.0,1667156864,1667236560,79696,yes
HIGHCHI-22OCT31-B59.5,HIGHCHI-22OCT31,Climate and Weather,no,39,39,0,93.0,3627,0,273,0.07526881720430108,1667232789,1667322241,89452,no
HIGHCHI-22SEP01-T89,HIGHCHI-22SEP01,Climate and Weather,no,59,59,0,92.0,5428,0,472,0.08695652173913043,1662033975,1662138480,104505,no
HIGHCHI-22SEP02-B90.5,HIGHCHI-22SEP02,Climate and Weather,no,57,57,0,98.0,5586,0,114,0.02040816326530612,1662139077,1662229140,90063,no
HIGHCHI-22SEP05-B77.5,HIGHCHI-22SEP05,Climate and Weather,no,29,29,0,90.0,2610,0,290,0.1111111111111111,1662390255,1662483720,93465,no
HIGHCHI-22SEP06-B81.5,HIGHCHI-22SEP06,Climate and Weather,no,30,30,0,90.0,2700,0,-2700,-1.0,1662471309,1662570121,98812,yes
HIGHCHI-22SEP08-T83,HIGHCHI-22SEP08,Climate and Weather,no,5,5,0,91.0,455,0,45,0.0989010989010989,1662650360,1662742920,92560,no
HIGHCHI-22SEP09-T85,HIGHCHI-22SEP09,Climate and Weather,no,19,19,0,91.0,1729,0,171,0.0989010989010989,1662740771,1662829380,88609,no
HIGHCHI-22SEP10-T87,HIGHCHI-22SEP10,Climate and Weather,no,19,19,0,92.0,1748,0,152,0.08695652173913043,1662817023,1662915720,98697,no
HIGHCHI-22SEP11-B74.5,HIGHCHI-22SEP11,Climate and Weather,yes,16,16,0,94.0,1504,0,96,0.06382978723404255,1662905142,1663002060,96918,yes
HIGHCHI-22SEP12-B66.5,HIGHCHI-22SEP12,Climate and Weather,no,82,82,0,95.0,7790,0,410,0.05263157894736842,1662990016,1663089060,99044,no
HIGHCHI-22SEP12-B68.5,HIGHCHI-22SEP12,Climate and Weather,no,165,165,0,96.0,15840,0,-15840,-1.0,1663017920,1663089060,71140,yes
HIGHCHI-22SEP12-T66,HIGHCHI-22SEP12,Climate and Weather,yes,1,1,0,91.0,91,0,-91,-1.0,1663010359,1663089060,78701,no
HIGHCHI-22SEP12-T69,HIGHCHI-22SEP12,Climate and Weather,no,32,32,0,97.0,3104,0,96,0.030927835051546393,1663020873,1663089060,68187,no
HIGHCHI-22SEP13-T79,HIGHCHI-22SEP13,Climate and Weather,no,6,6,0,90.0,540,0,-540,-1.0,1663080528,1663175460,94932,yes
HIGHCHI-22SEP16-T88,HIGHCHI-22SEP16,Climate and Weather,no,13,13,0,93.0,1209,0,91,0.07526881720430108,1663339925,1663450080,110155,no
HIGHCHI-22SEP17-B89.5,HIGHCHI-22SEP17,Climate and Weather,no,11,11,0,91.0,1001,0,99,0.0989010989010989,1663425661,1663603680,178019,no
HIGHCHI-22SEP20-T90,HIGHCHI-22SEP20,Climate and Weather,no,85,85,0,90.0,7650,0,850,0.1111111111111111,1663689047,1663814340,125293,no
HIGHCHI-22SEP22-T67,HIGHCHI-22SEP22,Climate and Weather,no,126,126,0,91.0,11466,0,1134,0.0989010989010989,1663869601,1663952520,82919,no
HIGHCHI-22SEP23-T66,HIGHCHI-22SEP23,Climate and Weather,no,48,48,0,92.0,4416,0,-4416,-1.0,1663962393,1664118061,155668,yes
HIGHCHI-22SEP27-T62,HIGHCHI-22SEP27,Climate and Weather,no,61,61,0,93.0,5673,0,-5673,-1.0,1664296709,1664391061,94352,yes
HIGHCHI-22SEP28-T63,HIGHCHI-22SEP28,Climate and Weather,no,2,2,0,90.0,180,0,20,0.1111111111111111,1664377038,1664470920,93882,no
HIGHCHI-22SEP30-T69,HIGHCHI-22SEP30,Climate and Weather,no,52,52,0,96.0,4992,0,208,0.041666666666666664,1664558811,1664644020,85209,no
HIGHCHI-23APR01-B54.5,HIGHCHI-23APR01,Climate and Weather,no,28,28,0,97.0,2716,0,84,0.030927835051546393,1680366174,1680454860,88686,no
HIGHCHI-23APR01-B56.5,HIGHCHI-23APR01,Climate and Weather,no,46,46,0,97.0,4462,0,138,0.030927835051546393,1680366184,1680454860,88676,no
HIGHCHI-23APR01-T57,HIGHCHI-23APR01,Climate and Weather,no,33,33,0,98.0,3234,0,66,0.02040816326530612,1680351092,1680454860,103768,no
HIGHCHI-23APR02-B55.5,HIGHCHI-23APR02,Climate and Weather,yes,16,16,0,97.0,1552,0,48,0.030927835051546393,1680487842,1680541441,53599,yes
HIGHCHI-23APR02-B57.5,HIGHCHI-23APR02,Climate and Weather,no,100,100,0,97.0,9700,0,300,0.030927835051546393,1680487761,1680541441,53680,no
HIGHCHI-23APR04-B65.5,HIGHCHI-23APR04,Climate and Weather,no,2,2,0,94.0,188,0,12,0.06382978723404255,1680636237,1680714301,78064,no
HIGHCHI-23APR09-B66.5,HIGHCHI-23APR09,Climate and Weather,no,4,4,0,97.0,388,0,12,0.030927835051546393,1681071402,1681146360,74958,no
HIGHCHI-23APR12-B86.5,HIGHCHI-23APR12,Climate and Weather,no,83,83,0,97.0,8051,0,249,0.030927835051546393,1681322561,1681406401,83840,no
HIGHCHI-23APR16-B63.5,HIGHCHI-23APR16,Climate and Weather,yes,157,157,0,96.0,15072,0,628,0.041666666666666664,1681663961,1681751281,87320,yes
HIGHCHI-23APR16-T64,HIGHCHI-23APR16,Climate and Weather,no,210,210,0,97.0,20370,0,630,0.030927835051546393,1681662876,1681751281,88405,no
HIGHCHI-23APR18-T58,HIGHCHI-23APR18,Climate and Weather,no,526,526,0,95.0,49970,0,-49970,-1.0,1681848042,1681924381,76339,yes
HIGHCHI-23APR19-B72.5,HIGHCHI-23APR19,Climate and Weather,no,71,71,0,95.0,6745,0,-6745,-1.0,1681938306,1682010661,72355,yes
HIGHCHI-23APR19-T73,HIGHCHI-23APR19,Climate and Weather,yes,26,26,0,95.0,2470,0,-2470,-1.0,1681934054,1682010661,76607,no
HIGHCHI-23APR20-B73.5,HIGHCHI-23APR20,Climate and Weather,no,6,6,0,92.0,552,0,48,0.08695652173913043,1682006912,1682096821,89909,no
HIGHCHI-23APR22-B48.5,HIGHCHI-23APR22,Climate and Weather,no,12,12,0,90.0,1080,0,120,0.1111111111111111,1682179639,1682269261,89622,no
HIGHCHI-23APR23-T43,HIGHCHI-23APR23,Climate and Weather,no,94,94,0,97.0,9118,0,-9118,-1.0,1682272536,1682355661,83125,yes
HIGHCHI-23APR24-B52.5,HIGHCHI-23APR24,Climate and Weather,no,360,360,0,97.0,34920,0,1080,0.030927835051546393,1682377294,1682442481,65187,no
HIGHCHI-23FEB03-T14,HIGHCHI-23FEB03,Climate and Weather,no,31,31,0,90.0,2790,0,310,0.1111111111111111,1675469973,1675533901,63928,no
HIGHCHI-23FEB04-B35.5,HIGHCHI-23FEB04,Climate and Weather,no,10,10,0,94.0,940,0,60,0.06382978723404255,1675522902,1675643520,120618,no
HIGHCHI-23FEB04-B37.5,HIGHCHI-23FEB04,Climate and Weather,no,32,32,0,90.0,2880,0,320,0.1111111111111111,1675522995,1675643520,120525,no
HIGHCHI-23FEB13-B56.5,HIGHCHI-23FEB13,Climate and Weather,no,5,5,0,93.0,465,0,35,0.07526881720430108,1676298400,1676397901,99501,no
HIGHCHI-23FEB15-B53.5,HIGHCHI-23FEB15,Climate and Weather,yes,151,151,0,96.0,14496,0,604,0.041666666666666664,1676475785,1676573220,97435,yes
HIGHCHI-23FEB16-B36.5,HIGHCHI-23FEB16,Climate and Weather,yes,30,30,0,90.0,2700,0,300,0.1111111111111111,1676563974,1676658540,94566,yes
HIGHCHI-23FEB16-B38.5,HIGHCHI-23FEB16,Climate and Weather,no,14,14,0,92.0,1288,0,112,0.08695652173913043,1676552473,1676658540,106067,no
HIGHCHI-23FEB20-B41.5,HIGHCHI-23FEB20,Climate and Weather,no,186,186,0,97.0,18042,0,558,0.030927835051546393,1676930932,1677089461,158529,no
HIGHCHI-23FEB20-B43.5,HIGHCHI-23FEB20,Climate and Weather,no,69,69,0,97.0,6693,0,207,0.030927835051546393,1676912060,1677089461,177401,no
HIGHCHI-23FEB20-B45.5,HIGHCHI-23FEB20,Climate and Weather,no,3,3,0,91.0,273,0,-273,-1.0,1676909018,1677089461,180443,yes
HIGHCHI-23FEB24-B27.5,HIGHCHI-23FEB24,Climate and Weather,no,3,3,0,95.0,285,0,-285,-1.0,1677275304,1677353100,77796,yes
HIGHCHI-23FEB26-T49,HIGHCHI-23FEB26,Climate and Weather,no,31,31,0,91.0,2821,0,-2821,-1.0,1677421461,1677520920,99459,yes
HIGHCHI-23JAN02-B40.5,HIGHCHI-23JAN02,Climate and Weather,no,13,13,0,90.0,1170,0,130,0.1111111111111111,1672671403,1672768921,97518,no
HIGHCHI-23JAN02-B46.5,HIGHCHI-23JAN02,Climate and Weather,no,8,8,0,94.0,752,0,48,0.06382978723404255,1672685837,1672768921,83084,no
HIGHCHI-23JAN03-T56,HIGHCHI-23JAN03,Climate and Weather,yes,24,24,0,98.0,2352,0,48,0.02040816326530612,1672800595,1672855560,54965,yes
HIGHCHI-23JAN06-B32.5,HIGHCHI-23JAN06,Climate and Weather,yes,18,18,0,98.0,1764,0,36,0.02040816326530612,1673061780,1673118180,56400,yes
HIGHCHI-23JAN07-B32.5,HIGHCHI-23JAN07,Climate and Weather,no,50,50,0,95.0,4750,0,-4750,-1.0,1673118811,1673236801,117990,yes
HIGHCHI-23JAN08-B36.5,HIGHCHI-23JAN08,Climate and Weather,no,17,17,0,93.0,1581,0,119,0.07526881720430108,1673200805,1673287320,86515,no
HIGHCHI-23JAN09-B38.5,HIGHCHI-23JAN09,Climate and Weather,no,12,12,0,94.0,1128,0,72,0.06382978723404255,1673285525,1673377680,92155,no
HIGHCHI-23JAN16-T50,HIGHCHI-23JAN16,Climate and Weather,no,1,1,0,98.0,98,0,-98,-1.0,1673924226,1673979000,54774,yes
HIGHCHI-23JAN18-B38.5,HIGHCHI-23JAN18,Climate and Weather,no,48,48,0,91.0,4368,0,-4368,-1.0,1674063907,1674155400,91493,yes
HIGHCHI-23JAN19-B39.5,HIGHCHI-23JAN19,Climate and Weather,no,15,15,0,94.0,1410,0,90,0.06382978723404255,1674141615,1674247921,106306,no
HIGHCHI-23JAN21-B37.5,HIGHCHI-23JAN21,Climate and Weather,no,3,3,0,93.0,279,0,21,0.07526881720430108,1674320508,1674410821,90313,no
HIGHCHI-23JAN23-B34.5,HIGHCHI-23JAN23,Climate and Weather,no,2,2,0,94.0,188,0,12,0.06382978723404255,1674510252,1674586741,76489,no
HIGHCHI-23JAN27-B32.5,HIGHCHI-23JAN27,Climate and Weather,no,1,1,0,91.0,91,0,9,0.0989010989010989,1674840951,1674928861,87910,no
HIGHCHI-23JAN28-B28.5,HIGHCHI-23JAN28,Climate and Weather,no,6,6,0,90.0,540,0,60,0.1111111111111111,1674929651,1675016940,87289,no
HIGHCHI-23JAN28-B32.5,HIGHCHI-23JAN28,Climate and Weather,no,7,7,0,90.0,630,0,70,0.1111111111111111,1674922537,1675016940,94403,no
HIGHCHI-23JAN28-T33,HIGHCHI-23JAN28,Climate and Weather,no,7,7,0,93.0,651,0,49,0.07526881720430108,1674922162,1675016940,94778,no
HIGHCHI-23JAN29-B31.5,HIGHCHI-23JAN29,Climate and Weather,yes,10,10,0,96.0,960,0,40,0.041666666666666664,1675008295,1675102021,93726,yes
HIGHCHI-23JAN30-B21.5,HIGHCHI-23JAN30,Climate and Weather,no,5,5,0,96.0,480,0,20,0.041666666666666664,1675137198,1675188720,51522,no
HIGHCHI-23JUN02-B89.5,HIGHCHI-23JUN02,Climate and Weather,no,30,30,0,97.0,2910,0,90,0.030927835051546393,1685752816,1685915641,162825,no
HIGHCHI-23JUN03-T84,HIGHCHI-23JUN03,Climate and Weather,no,11,11,0,95.0,1045,0,55,0.05263157894736842,1685797608,1685915581,117973,no
HIGHCHI-23JUN11-T67,HIGHCHI-23JUN11,Climate and Weather,no,4,4,0,95.0,380,0,20,0.05263157894736842,1686489798,1686583561,93763,no
HIGHCHI-23MAR01-B54.5,HIGHCHI-23MAR01,Climate and Weather,no,36,36,0,95.0,3420,0,180,0.05263157894736842,1677685585,1677780421,94836,no
HIGHCHI-23MAR02-B38.5,HIGHCHI-23MAR02,Climate and Weather,no,63,63,0,90.0,5670,0,-5670,-1.0,1677762052,1677866641,104589,yes
HIGHCHI-23MAR06-T54,HIGHCHI-23MAR06,Climate and Weather,no,61,61,0,90.0,5490,0,610,0.1111111111111111,1678124696,1678213440,88744,no
HIGHCHI-23MAR07-B39.5,HIGHCHI-23MAR07,Climate and Weather,no,3,3,0,96.0,288,0,12,0.041666666666666664,1678197827,1678298821,100994,no
HIGHCHI-23MAR07-B43.5,HIGHCHI-23MAR07,Climate and Weather,yes,44,44,0,97.0,4268,0,132,0.030927835051546393,1678233684,1678298821,65137,yes
HIGHCHI-23MAR07-T44,HIGHCHI-23MAR07,Climate and Weather,no,110,110,0,97.0,10670,0,330,0.030927835051546393,1678233279,1678298821,65542,no
HIGHCHI-23MAR09-T42,HIGHCHI-23MAR09,Climate and Weather,no,3,3,0,91.0,273,0,27,0.0989010989010989,1678374433,1678471561,97128,no
HIGHCHI-23MAR12-B36.5,HIGHCHI-23MAR12,Climate and Weather,no,1,1,0,90.0,90,0,-90,-1.0,1678645052,1678742341,97289,yes
HIGHCHI-23MAR17-T46,HIGHCHI-23MAR17,Climate and Weather,no,54,54,0,97.0,5238,0,162,0.030927835051546393,1679088893,1679158981,70088,no
HIGHCHI-23MAR18-B23.5,HIGHCHI-23MAR18,Climate and Weather,no,4,4,0,94.0,376,0,24,0.06382978723404255,1679161459,1679246220,84761,no
HIGHCHI-23MAR18-T30,HIGHCHI-23MAR18,Climate and Weather,no,1,1,0,91.0,91,0,9,0.0989010989010989,1679175838,1679246220,70382,no
HIGHCHI-23MAR21-B50.5,HIGHCHI-23MAR21,Climate and Weather,no,3,3,0,91.0,273,0,27,0.0989010989010989,1679415259,1679506261,91002,no
HIGHCHI-23MAR21-T55,HIGHCHI-23MAR21,Climate and Weather,no,322,322,0,96.0,30912,0,-30912,-1.0,1679429671,1679506261,76590,yes
HIGHCHI-23MAR23-B49.5,HIGHCHI-23MAR23,Climate and Weather,yes,4,4,0,97.0,388,0,12,0.030927835051546393,1679602200,1679683861,81661,yes
HIGHCHI-23MAR28-B47.5,HIGHCHI-23MAR28,Climate and Weather,no,17,17,0,93.0,1581,0,119,0.07526881720430108,1680017382,1680110281,92899,no
HIGHCHI-23MAR29-B40.5,HIGHCHI-23MAR29,Climate and Weather,no,62,62,0,97.0,6014,0,186,0.030927835051546393,1680105272,1680196441,91169,no
HIGHCHI-23MAR29-T43,HIGHCHI-23MAR29,Climate and Weather,no,21,21,0,94.0,1974,0,126,0.06382978723404255,1680092882,1680196441,103559,no
HIGHCHI-23MAR30-B52.5,HIGHCHI-23MAR30,Climate and Weather,no,16,16,0,94.0,1504,0,96,0.06382978723404255,1680185880,1680282181,96301,no
HIGHCHI-23MAY01-T48,HIGHCHI-23MAY01,Climate and Weather,no,16,16,0,90.0,1440,0,-1440,-1.0,1682951153,1683057961,106808,yes
HIGHCHI-23MAY06-T78,HIGHCHI-23MAY06,Climate and Weather,no,25,25,0,93.0,2325,0,-2325,-1.0,1683402427,1683481681,79254,yes
HIGHCHI-23MAY08-T69,HIGHCHI-23MAY08,Climate and Weather,no,10,10,0,90.0,900,0,100,0.1111111111111111,1683547237,1683648601,101364,no
HIGHCHI-23MAY15-B68.5,HIGHCHI-23MAY15,Climate and Weather,yes,6,6,0,91.0,546,0,54,0.0989010989010989,1684199388,1684248900,49512,yes
HIGHCHI-23MAY18-B73.5,HIGHCHI-23MAY18,Climate and Weather,no,94,94,0,90.0,8460,0,940,0.1111111111111111,1684411645,1684515660,104015,no
HIGHCHI-23MAY18-B77.5,HIGHCHI-23MAY18,Climate and Weather,no,15,15,0,90.0,1350,0,150,0.1111111111111111,1684440319,1684515660,75341,no
HIGHCHI-23MAY23-B82.5,HIGHCHI-23MAY23,Climate and Weather,no,2,2,0,93.0,186,0,14,0.07526881720430108,1684847696,1684944002,96306,no
HIGHCHI-23MAY26-B63.5,HIGHCHI-23MAY26,Climate and Weather,no,1,1,0,96.0,96,0,4,0.041666666666666664,1685119828,1685208361,88533,no
HIGHCHI-23MAY27-B71.5,HIGHCHI-23MAY27,Climate and Weather,no,5,5,0,92.0,460,0,40,0.08695652173913043,1685203566,1685294401,90835,no
HIGHCHI-23MAY29-B77.5,HIGHCHI-23MAY29,Climate and Weather,no,25,25,0,98.0,2450,0,50,0.02040816326530612,1685383661,1685466121,82460,no
HIGHCHI-23MAY29-B79.5,HIGHCHI-23MAY29,Climate and Weather,no,10,10,0,97.0,970,0,30,0.030927835051546393,1685376052,1685466121,90069,no
HIGHCHI-23MAY29-T84,HIGHCHI-23MAY29,Climate and Weather,no,4,4,0,91.0,364,0,36,0.0989010989010989,1685365727,1685466121,100394,no
HIGHMIA-23JUN10-B88.5,HIGHMIA-23JUN10,Climate and Weather,no,25,25,0,97.0,2425,0,75,0.030927835051546393,1686424008,1686507121,83113,no
HIGHMIA-23MAY19-B88.5,HIGHMIA-23MAY19,Climate and Weather,no,55,55,0,98.0,5390,0,110,0.02040816326530612,1684549531,1684602721,53190,no
HIGHMIA-23MAY19-T89,HIGHMIA-23MAY19,Climate and Weather,yes,32,32,0,98.0,3136,0,64,0.02040816326530612,1684549578,1684602721,53143,yes
HIGHMIA-23MAY25-B82.5,HIGHMIA-23MAY25,Climate and Weather,no,2,2,0,90.0,180,0,20,0.1111111111111111,1685026505,1685112721,86216,no
HIGHMIA-23MAY29-T90,HIGHMIA-23MAY29,Climate and Weather,yes,72,72,0,97.0,6984,0,216,0.030927835051546393,1685410069,1685465940,55871,yes
HIGHNY-21AUG06-T86,HIGHNY-21AUG06,Climate and Weather,yes,26,26,0,98.0,2548,0,52,0.02040816326530612,1628272492,1628438700,166208,yes
HIGHNY-21AUG12-T94,HIGHNY-21AUG12,Climate and Weather,no,156,156,0,97.0,15132,0,468,0.030927835051546393,1628803262,1628953440,150178,no
HIGHNY-21AUG15-T83,HIGHNY-21AUG15,Climate and Weather,no,91,91,0,97.0,8827,0,273,0.030927835051546393,1629072783,1629224640,151857,no
HIGHNY-21AUG20-T84,HIGHNY-21AUG20,Climate and Weather,no,42,42,0,98.0,4116,0,84,0.02040816326530612,1629481757,1629670980,189223,no
HIGHNY-21AUG23-T83,HIGHNY-21AUG23,Climate and Weather,no,126,126,0,96.0,12096,0,504,0.041666666666666664,1629734256,1629903660,169404,no
HIGHNY-21AUG25-T91,HIGHNY-21AUG25,Climate and Weather,no,76,76,0,91.0,6916,0,684,0.0989010989010989,1629910060,1630076460,166400,no
HIGHNY-21AUG26-T92,HIGHNY-21AUG26,Climate and Weather,no,118,118,0,95.0,11210,0,590,0.05263157894736842,1630002081,1630163040,160959,no
HIGHNY-21AUG27-T92,HIGHNY-21AUG27,Climate and Weather,no,406,406,0,92.0,37352,0,-37352,-1.0,1630083293,1630249320,166027,yes
HIGHNY-21AUG28-T80,HIGHNY-21AUG28,Climate and Weather,no,76,76,0,96.0,7296,0,304,0.041666666666666664,1630164729,1630335660,170931,no
HIGHNY-21AUG31-T85,HIGHNY-21AUG31,Climate and Weather,no,73,73,0,95.0,6935,0,365,0.05263157894736842,1630433259,1630594860,161601,no
HIGHNY-21DEC03-T49,HIGHNY-21DEC03,Climate and Weather,no,5,5,0,97.0,485,0,15,0.030927835051546393,1638567098,1638680400,113302,no
HIGHNY-21DEC04-T49,HIGHNY-21DEC04,Climate and Weather,no,50,50,0,90.0,4500,0,500,0.1111111111111111,1638629738,1638766802,137064,no
HIGHNY-21DEC06-T61,HIGHNY-21DEC06,Climate and Weather,no,257,257,0,97.0,24929,0,771,0.030927835051546393,1638822357,1638939602,117245,no
HIGHNY-21DEC08-T42,HIGHNY-21DEC08,Climate and Weather,no,8,8,0,92.0,736,0,64,0.08695652173913043,1638996907,1639112402,115495,no
HIGHNY-21DEC09-T39,HIGHNY-21DEC09,Climate and Weather,no,111,111,0,91.0,10101,0,999,0.0989010989010989,1639103848,1639198800,94952,no
HIGHNY-21DEC11-T66,HIGHNY-21DEC11,Climate and Weather,no,5,5,0,96.0,480,0,20,0.041666666666666664,1639243505,1639371604,128099,no
HIGHNY-21DEC20-T38,HIGHNY-21DEC20,Climate and Weather,no,12,12,0,95.0,1140,0,60,0.05263157894736842,1640052324,1640149200,96876,no
HIGHNY-21DEC23-T36,HIGHNY-21DEC23,Climate and Weather,no,4,4,0,92.0,368,0,32,0.08695652173913043,1640296968,1640408402,111434,no
HIGHNY-21NOV06-T54,HIGHNY-21NOV06,Climate and Weather,no,46,46,0,90.0,4140,0,460,0.1111111111111111,1636228832,1636383600,154768,no
HIGHNY-21NOV07-T54,HIGHNY-21NOV07,Climate and Weather,yes,2,2,0,94.0,188,0,-188,-1.0,1636295855,1636473600,177745,no
HIGHNY-21NOV08-T63,HIGHNY-21NOV08,Climate and Weather,no,361,361,0,91.0,32851,0,3249,0.0989010989010989,1636388947,1636560000,171053,no
HIGHNY-21NOV10-T63,HIGHNY-21NOV10,Climate and Weather,yes,132,132,0,95.0,12540,0,660,0.05263157894736842,1636576318,1636693200,116882,yes
HIGHNY-21NOV11-T58,HIGHNY-21NOV11,Climate and Weather,yes,88,88,0,95.0,8360,0,440,0.05263157894736842,1636654590,1636779600,125010,yes
HIGHNY-21NOV14-T46,HIGHNY-21NOV14,Climate and Weather,yes,131,131,0,94.0,12314,0,786,0.06382978723404255,1636905345,1637078402,173057,yes
HIGHNY-21NOV15-T46,HIGHNY-21NOV15,Climate and Weather,yes,32,32,0,93.0,2976,0,224,0.07526881720430108,1636998901,1637125200,126299,yes
HIGHNY-21NOV15-T48,HIGHNY-21NOV15,Climate and Weather,no,11,11,0,94.0,1034,0,66,0.06382978723404255,1636993663,1637125200,131537,no
HIGHNY-21NOV17-T56,HIGHNY-21NOV17,Climate and Weather,no,47,47,0,90.0,4230,0,-4230,-1.0,1637200032,1637298000,97968,yes
HIGHNY-21NOV25-T55,HIGHNY-21NOV25,Climate and Weather,no,22,22,0,97.0,2134,0,-2134,-1.0,1637851976,1637989202,137226,yes
HIGHNY-21NOV29-T43,HIGHNY-21NOV29,Climate and Weather,yes,28,28,0,95.0,2660,0,140,0.05263157894736842,1638210137,1638334802,124665,yes
HIGHNY-21OCT04-T72,HIGHNY-21OCT04,Climate and Weather,yes,270,270,0,98.0,26460,0,540,0.02040816326530612,1633375568,1633532460,156892,yes
HIGHNY-21OCT10-T66,HIGHNY-21OCT10,Climate and Weather,no,5,5,0,94.0,470,0,30,0.06382978723404255,1633899332,1634050860,151528,no
HIGHNY-21OCT11-T71,HIGHNY-21OCT11,Climate and Weather,no,2,2,0,90.0,180,0,20,0.1111111111111111,1633984964,1634137260,152296,no
HIGHNY-21OCT12-T71,HIGHNY-21OCT12,Climate and Weather,no,54,54,0,92.0,4968,0,432,0.08695652173913043,1634064671,1634223600,158929,no
HIGHNY-21OCT23-T57,HIGHNY-21OCT23,Climate and Weather,yes,2,2,0,92.0,184,0,16,0.08695652173913043,1635008025,1635174060,166035,yes
HIGHNY-21OCT28-T57,HIGHNY-21OCT28,Climate and Weather,no,7,7,0,96.0,672,0,28,0.041666666666666664,1635459892,1635606000,146108,no
HIGHNY-21OCT30-T61,HIGHNY-21OCT30,Climate and Weather,yes,66,66,0,96.0,6336,0,264,0.041666666666666664,1635607823,1635778860,171037,yes
HIGHNY-21OCT31-T64,HIGHNY-21OCT31,Climate and Weather,no,23,23,0,91.0,2093,0,207,0.0989010989010989,1635708858,1635865260,156402,no
HIGHNY-21SEP02-T78,HIGHNY-21SEP02,Climate and Weather,no,62,62,0,96.0,5952,0,248,0.041666666666666664,1630596286,1630767660,171374,no
HIGHNY-21SEP10-T74,HIGHNY-21SEP10,Climate and Weather,yes,82,82,0,90.0,7380,0,-7380,-1.0,1631285943,1631458800,172857,no
HIGHNY-21SEP14-T80,HIGHNY-21SEP14,Climate and Weather,no,21,21,0,96.0,2016,0,84,0.041666666666666664,1631655476,1631804400,148924,no
HIGHNY-21SEP24-T70,HIGHNY-21SEP24,Climate and Weather,yes,94,94,0,91.0,8554,0,846,0.0989010989010989,1632491519,1632668460,176941,yes
HIGHNY-21SEP28-T72,HIGHNY-21SEP28,Climate and Weather,yes,531,531,0,94.0,49914,0,-49914,-1.0,1632845803,1633014000,168197,no
HIGHNY-22APR01-T60,HIGHNY-22APR01,Climate and Weather,yes,17,17,0,94.0,1598,0,102,0.06382978723404255,1648821571,1648918980,97409,yes
HIGHNY-22APR03-T50,HIGHNY-22APR03,Climate and Weather,no,5,5,0,97.0,485,0,15,0.030927835051546393,1649037250,1649092080,54830,no
HIGHNY-22APR07-T50,HIGHNY-22APR07,Climate and Weather,yes,1,1,0,95.0,95,0,5,0.05263157894736842,1649357509,1649437380,79871,yes
HIGHNY-22APR08-T63,HIGHNY-22APR08,Climate and Weather,no,20,20,0,93.0,1860,0,-1860,-1.0,1649444036,1649523660,79624,yes
HIGHNY-22APR13-T69,HIGHNY-22APR13,Climate and Weather,yes,86,86,0,97.0,8342,0,258,0.030927835051546393,1649884027,1649955720,71693,yes
HIGHNY-22APR19-T51,HIGHNY-22APR19,Climate and Weather,yes,14,14,0,92.0,1288,0,-1288,-1.0,1650377275,1650474120,96845,no
HIGHNY-22APR19-T53,HIGHNY-22APR19,Climate and Weather,no,11,11,0,90.0,990,0,110,0.1111111111111111,1650384798,1650474180,89382,no
HIGHNY-22APR20-T60,HIGHNY-22APR20,Climate and Weather,no,93,93,0,97.0,9021,0,279,0.030927835051546393,1650468038,1650560520,92482,no
HIGHNY-22APR21-T58,HIGHNY-22APR21,Climate and Weather,yes,33,33,0,94.0,3102,0,198,0.06382978723404255,1650560956,1650646920,85964,yes
HIGHNY-22APR27-B57.5,HIGHNY-22APR27,Climate and Weather,yes,32,32,0,92.0,2944,0,256,0.08695652173913043,1651078867,1651165380,86513,yes
HIGHNY-22APR27-T58,HIGHNY-22APR27,Climate and Weather,no,56,56,0,90.0,5040,0,560,0.1111111111111111,1651063812,1651165380,101568,no
HIGHNY-22APR28-T58,HIGHNY-22APR28,Climate and Weather,no,90,90,0,93.0,8370,0,630,0.07526881720430108,1651175762,1651251660,75898,no
HIGHNY-22AUG01-B76.5,HIGHNY-22AUG01,Climate and Weather,no,82,82,0,98.0,8036,0,-8036,-1.0,1659366253,1659459780,93527,yes
HIGHNY-22AUG01-T76,HIGHNY-22AUG01,Climate and Weather,no,50,50,0,98.0,4900,0,100,0.02040816326530612,1659371609,1659459780,88171,no
HIGHNY-22AUG01-T79,HIGHNY-22AUG01,Climate and Weather,yes,117,117,0,98.0,11466,0,-11466,-1.0,1659366679,1659459780,93101,no
HIGHNY-22AUG03-T87,HIGHNY-22AUG03,Climate and Weather,no,18,18,0,93.0,1674,0,126,0.07526881720430108,1659535187,1659632580,97393,no
HIGHNY-22AUG04-T91,HIGHNY-22AUG04,Climate and Weather,no,7,7,0,95.0,665,0,35,0.05263157894736842,1659622658,1659718920,96262,no
HIGHNY-22AUG04-T94,HIGHNY-22AUG04,Climate and Weather,no,3,3,0,93.0,279,0,21,0.07526881720430108,1659626400,1659718920,92520,no
HIGHNY-22AUG05-T88,HIGHNY-22AUG05,Climate and Weather,no,12,12,0,92.0,1104,0,96,0.08695652173913043,1659713673,1659805320,91647,no
HIGHNY-22AUG05-T91,HIGHNY-22AUG05,Climate and Weather,no,87,87,0,98.0,8526,0,174,0.02040816326530612,1659723783,1659805320,81537,no
HIGHNY-22AUG07-B87.5,HIGHNY-22AUG07,Climate and Weather,no,14,14,0,92.0,1288,0,112,0.08695652173913043,1659889000,1659978120,89120,no
HIGHNY-22AUG08-T90,HIGHNY-22AUG08,Climate and Weather,no,14,14,0,95.0,1330,0,70,0.05263157894736842,1659964370,1660064520,100150,no
HIGHNY-22AUG08-T93,HIGHNY-22AUG08,Climate and Weather,no,27,27,0,94.0,2538,0,162,0.06382978723404255,1659980724,1660064520,83796,no
HIGHNY-22AUG09-T94,HIGHNY-22AUG09,Climate and Weather,no,40,40,0,92.0,3680,0,320,0.08695652173913043,1660063480,1660151040,87560,no
HIGHNY-22AUG09-T97,HIGHNY-22AUG09,Climate and Weather,no,27,27,0,97.0,2619,0,81,0.030927835051546393,1660055879,1660151040,95161,no
HIGHNY-22AUG10-T82,HIGHNY-22AUG10,Climate and Weather,no,13,13,0,98.0,1274,0,26,0.02040816326530612,1660138433,1660237380,98947,no
HIGHNY-22AUG11-B83.5,HIGHNY-22AUG11,Climate and Weather,no,29,29,0,90.0,2610,0,290,0.1111111111111111,1660227304,1660324560,97256,no
HIGHNY-22AUG11-T83,HIGHNY-22AUG11,Climate and Weather,no,43,43,0,96.0,4128,0,172,0.041666666666666664,1660230834,1660324560,93726,no
HIGHNY-22AUG12-B83.5,HIGHNY-22AUG12,Climate and Weather,yes,477,477,0,95.0,45315,0,-45315,-1.0,1660334148,1660410060,75912,no
HIGHNY-22AUG12-T81,HIGHNY-22AUG12,Climate and Weather,no,8,8,0,97.0,776,0,24,0.030927835051546393,1660318885,1660410060,91175,no
HIGHNY-22AUG12-T84,HIGHNY-22AUG12,Climate and Weather,no,305,305,0,93.0,28365,0,-28365,-1.0,1660334142,1660410060,75918,yes
HIGHNY-22AUG13-T79,HIGHNY-22AUG13,Climate and Weather,no,4,4,0,93.0,372,0,28,0.07526881720430108,1660407780,1660496460,88680,no
HIGHNY-22AUG13-T82,HIGHNY-22AUG13,Climate and Weather,no,2,2,0,95.0,190,0,10,0.05263157894736842,1660414303,1660496460,82157,no
HIGHNY-22AUG15-T83,HIGHNY-22AUG15,Climate and Weather,no,27,27,0,94.0,2538,0,162,0.06382978723404255,1660571778,1660670820,99042,no
HIGHNY-22AUG16-T80,HIGHNY-22AUG16,Climate and Weather,no,17,17,0,98.0,1666,0,34,0.02040816326530612,1660665456,1660755780,90324,no
HIGHNY-22AUG17-T80,HIGHNY-22AUG17,Climate and Weather,no,74,74,0,90.0,6660,0,-6660,-1.0,1660756198,1660842180,85982,yes
HIGHNY-22AUG18-T88,HIGHNY-22AUG18,Climate and Weather,no,19,19,0,93.0,1767,0,133,0.07526881720430108,1660832777,1660928640,95863,no
HIGHNY-22AUG20-T88,HIGHNY-22AUG20,Climate and Weather,no,7,7,0,91.0,637,0,63,0.0989010989010989,1661013837,1661101320,87483,no
HIGHNY-22AUG20-T91,HIGHNY-22AUG20,Climate and Weather,no,12,12,0,92.0,1104,0,96,0.08695652173913043,1661009408,1661101320,91912,no
HIGHNY-22AUG21-T82,HIGHNY-22AUG21,Climate and Weather,no,7,7,0,95.0,665,0,35,0.05263157894736842,1661100974,1661187840,86866,no
HIGHNY-22AUG22-B78.5,HIGHNY-22AUG22,Climate and Weather,yes,85,85,0,90.0,7650,0,850,0.1111111111111111,1661195022,1661274180,79158,yes
HIGHNY-22AUG23-T86,HIGHNY-22AUG23,Climate and Weather,no,46,46,0,95.0,4370,0,230,0.05263157894736842,1661269455,1661360520,91065,no
HIGHNY-22AUG24-T90,HIGHNY-22AUG24,Climate and Weather,no,33,33,0,96.0,3168,0,132,0.041666666666666664,1661373978,1661446920,72942,no
HIGHNY-22AUG25-T92,HIGHNY-22AUG25,Climate and Weather,no,34,34,0,98.0,3332,0,68,0.02040816326530612,1661443399,1661533801,90402,no
HIGHNY-22AUG26-T86,HIGHNY-22AUG26,Climate and Weather,no,23,23,0,95.0,2185,0,115,0.05263157894736842,1661523234,1661619840,96606,no
HIGHNY-22AUG26-T89,HIGHNY-22AUG26,Climate and Weather,no,24,24,0,98.0,2352,0,48,0.02040816326530612,1661544477,1661619840,75363,no
HIGHNY-22AUG29-T85,HIGHNY-22AUG29,Climate and Weather,no,1,1,0,90.0,90,0,10,0.1111111111111111,1661791461,1661878920,87459,no
HIGHNY-22AUG29-T88,HIGHNY-22AUG29,Climate and Weather,no,1,1,0,91.0,91,0,9,0.0989010989010989,1661780469,1661878920,98451,no
HIGHNY-22AUG30-T85,HIGHNY-22AUG30,Climate and Weather,no,25,25,0,93.0,2325,0,175,0.07526881720430108,1661863083,1661967121,104038,no
HIGHNY-22AUG31-B85.5,HIGHNY-22AUG31,Climate and Weather,no,32,32,0,92.0,2944,0,-2944,-1.0,1661969087,1662051900,82813,yes
HIGHNY-22AUG31-B87.5,HIGHNY-22AUG31,Climate and Weather,no,4,4,0,98.0,392,0,8,0.02040816326530612,1661965150,1662051900,86750,no
HIGHNY-22AUG31-T85,HIGHNY-22AUG31,Climate and Weather,yes,49,49,0,93.0,4557,0,-4557,-1.0,1661969269,1662051900,82631,no
HIGHNY-22AUG31-T88,HIGHNY-22AUG31,Climate and Weather,no,3,3,0,98.0,294,0,6,0.02040816326530612,1661972774,1662051900,79126,no
HIGHNY-22DEC02-B46.5,HIGHNY-22DEC02,Climate and Weather,no,40,40,0,95.0,3800,0,-3800,-1.0,1670014808,1670090820,76012,yes
HIGHNY-22DEC02-T46,HIGHNY-22DEC02,Climate and Weather,yes,4,4,0,95.0,380,0,-380,-1.0,1670039818,1670090820,51002,no
HIGHNY-22DEC02-T49,HIGHNY-22DEC02,Climate and Weather,no,164,164,0,98.0,16072,0,328,0.02040816326530612,1670041129,1670090820,49691,no
HIGHNY-22DEC03-T58,HIGHNY-22DEC03,Climate and Weather,no,10,10,0,96.0,960,0,40,0.041666666666666664,1670087661,1670176860,89199,no
HIGHNY-22DEC05-T50,HIGHNY-22DEC05,Climate and Weather,no,1,1,0,94.0,94,0,6,0.06382978723404255,1670246164,1670349960,103796,no
HIGHNY-22DEC12-B36.5,HIGHNY-22DEC12,Climate and Weather,no,26,26,0,95.0,2470,0,130,0.05263157894736842,1670865549,1670954700,89151,no
HIGHNY-22DEC13-B36.5,HIGHNY-22DEC13,Climate and Weather,no,50,50,0,96.0,4800,0,200,0.041666666666666664,1670943335,1671040860,97525,no
HIGHNY-22DEC14-B37.5,HIGHNY-22DEC14,Climate and Weather,no,30,30,0,94.0,2820,0,180,0.06382978723404255,1671052257,1671127620,75363,no
HIGHNY-22DEC15-T42,HIGHNY-22DEC15,Climate and Weather,no,75,75,0,93.0,6975,0,525,0.07526881720430108,1671126849,1671214440,87591,no
HIGHNY-22DEC17-T44,HIGHNY-22DEC17,Climate and Weather,no,52,52,0,94.0,4888,0,312,0.06382978723404255,1671289142,1671391081,101939,no
HIGHNY-22DEC18-T40,HIGHNY-22DEC18,Climate and Weather,no,46,46,0,90.0,4140,0,460,0.1111111111111111,1671390650,1671472920,82270,no
HIGHNY-22DEC19-T41,HIGHNY-22DEC19,Climate and Weather,no,1,1,0,96.0,96,0,4,0.041666666666666664,1671465894,1671559560,93666,no
HIGHNY-22DEC21-B42.5,HIGHNY-22DEC21,Climate and Weather,no,7,7,0,92.0,644,0,56,0.08695652173913043,1671656100,1671733200,77100,no
HIGHNY-22DEC27-B37.5,HIGHNY-22DEC27,Climate and Weather,no,15,15,0,93.0,1395,0,105,0.07526881720430108,1672161144,1672253160,92016,no
HIGHNY-22DEC28-B46.5,HIGHNY-22DEC28,Climate and Weather,no,135,135,0,90.0,12150,0,-12150,-1.0,1672235658,1672337820,102162,yes
HIGHNY-22DEC28-T47,HIGHNY-22DEC28,Climate and Weather,no,31,31,0,94.0,2914,0,186,0.06382978723404255,1672252061,1672337820,85759,no
HIGHNY-22DEC29-B45.5,HIGHNY-22DEC29,Climate and Weather,no,1,1,0,95.0,95,0,5,0.05263157894736842,1672329801,1672424220,94419,no
HIGHNY-22DEC29-B49.5,HIGHNY-22DEC29,Climate and Weather,no,4,4,0,94.0,376,0,24,0.06382978723404255,1672348584,1672424220,75636,no
HIGHNY-22DEC30-B52.5,HIGHNY-22DEC30,Climate and Weather,no,7,7,0,96.0,672,0,28,0.041666666666666664,1672417061,1672513213,96152,no
HIGHNY-22DEC31-B54.5,HIGHNY-22DEC31,Climate and Weather,yes,26,26,0,96.0,2496,0,104,0.041666666666666664,1672541289,1672596720,55431,yes
HIGHNY-22DEC31-B56.5,HIGHNY-22DEC31,Climate and Weather,no,16,16,0,95.0,1520,0,80,0.05263157894736842,1672541303,1672596720,55417,no
HIGHNY-22FEB08-T47,HIGHNY-22FEB08,Climate and Weather,no,16,16,0,94.0,1504,0,96,0.06382978723404255,1644339936,1644429720,89784,no
HIGHNY-22FEB09-T46,HIGHNY-22FEB09,Climate and Weather,no,13,13,0,90.0,1170,0,130,0.1111111111111111,1644429450,1644516240,86790,no
HIGHNY-22FEB11-T50,HIGHNY-22FEB11,Climate and Weather,yes,6,6,0,98.0,588,0,12,0.02040816326530612,1644600645,1644688980,88335,yes
HIGHNY-22FEB15-T34,HIGHNY-22FEB15,Climate and Weather,no,1,1,0,97.0,97,0,3,0.030927835051546393,1644935586,1645035240,99654,no
HIGHNY-22FEB20-T37,HIGHNY-22FEB20,Climate and Weather,no,10,10,0,91.0,910,0,90,0.0989010989010989,1645388028,1645466520,78492,no
HIGHNY-22FEB23-T64,HIGHNY-22FEB23,Climate and Weather,yes,13,13,0,95.0,1235,0,65,0.05263157894736842,1645635421,1645725720,90299,yes
HIGHNY-22FEB24-T36,HIGHNY-22FEB24,Climate and Weather,no,8,8,0,93.0,744,0,56,0.07526881720430108,1645751096,1645812120,61024,no
HIGHNY-22FEB24-T38,HIGHNY-22FEB24,Climate and Weather,no,40,40,0,97.0,3880,0,120,0.030927835051546393,1645747365,1645812120,64755,no
HIGHNY-22JAN01-T54,HIGHNY-22JAN01,Climate and Weather,yes,93,93,0,92.0,8556,0,744,0.08695652173913043,1641062740,1641146460,83720,yes
HIGHNY-22JAN08-T29,HIGHNY-22JAN08,Climate and Weather,yes,21,21,0,91.0,1911,0,189,0.0989010989010989,1641676864,1641751440,74576,yes
HIGHNY-22JAN09-T39,HIGHNY-22JAN09,Climate and Weather,yes,8,8,0,92.0,736,0,64,0.08695652173913043,1641749518,1641858360,108842,yes
HIGHNY-22JAN12-T40,HIGHNY-22JAN12,Climate and Weather,no,19,19,0,90.0,1710,0,190,0.1111111111111111,1642017360,1642096920,79560,no
HIGHNY-22JAN15-T22,HIGHNY-22JAN15,Climate and Weather,no,67,67,0,93.0,6231,0,469,0.07526881720430108,1642274114,1642356180,82066,no
HIGHNY-22JAN22-T31,HIGHNY-22JAN22,Climate and Weather,no,30,30,0,95.0,2850,0,150,0.05263157894736842,1642871185,1642960920,89735,no
HIGHNY-22JAN24-T34,HIGHNY-22JAN24,Climate and Weather,no,31,31,0,93.0,2883,0,-2883,-1.0,1643056182,1643133720,77538,yes
HIGHNY-22JAN28-T36,HIGHNY-22JAN28,Climate and Weather,no,3,3,0,98.0,294,0,6,0.02040816326530612,1643418469,1643479380,60911,no
HIGHNY-22JAN29-T27,HIGHNY-22JAN29,Climate and Weather,yes,5,5,0,90.0,450,0,50,0.1111111111111111,1643461364,1643565720,104356,yes
HIGHNY-22JUL01-T94,HIGHNY-22JUL01,Climate and Weather,no,50,50,0,96.0,4800,0,200,0.041666666666666664,1656693570,1656781260,87690,no
HIGHNY-22JUL03-T85,HIGHNY-22JUL03,Climate and Weather,no,7,7,0,92.0,644,0,56,0.08695652173913043,1656870735,1656954060,83325,no
HIGHNY-22JUL03-T88,HIGHNY-22JUL03,Climate and Weather,no,28,28,0,98.0,2744,0,56,0.02040816326530612,1656867152,1656954060,86908,no
HIGHNY-22JUL05-B88.5,HIGHNY-22JUL05,Climate and Weather,no,78,78,0,97.0,7566,0,234,0.030927835051546393,1657036464,1657127040,90576,no
HIGHNY-22JUL08-B85.5,HIGHNY-22JUL08,Climate and Weather,no,9,9,0,98.0,882,0,18,0.02040816326530612,1657308466,1657386120,77654,no
HIGHNY-22JUL08-B87.5,HIGHNY-22JUL08,Climate and Weather,no,14,14,0,96.0,1344,0,56,0.041666666666666664,1657291490,1657386120,94630,no
HIGHNY-22JUL09-B75.5,HIGHNY-22JUL09,Climate and Weather,no,12,12,0,98.0,1176,0,24,0.02040816326530612,1657371704,1657472460,100756,no
HIGHNY-22JUL09-B77.5,HIGHNY-22JUL09,Climate and Weather,no,20,20,0,98.0,1960,0,40,0.02040816326530612,1657371861,1657472460,100599,no
HIGHNY-22JUL10-T80,HIGHNY-22JUL10,Climate and Weather,no,20,20,0,94.0,1880,0,120,0.06382978723404255,1657462081,1657558920,96839,no
HIGHNY-22JUL10-T83,HIGHNY-22JUL10,Climate and Weather,no,5,5,0,91.0,455,0,45,0.0989010989010989,1657458227,1657558920,100693,no
HIGHNY-22JUL11-T86,HIGHNY-22JUL11,Climate and Weather,no,2,2,0,97.0,194,0,6,0.030927835051546393,1657562023,1657650180,88157,no
HIGHNY-22JUL13-B91.5,HIGHNY-22JUL13,Climate and Weather,no,10,10,0,91.0,910,0,-910,-1.0,1657728201,1657818060,89859,yes
HIGHNY-22JUL13-T92,HIGHNY-22JUL13,Climate and Weather,no,27,27,0,98.0,2646,0,54,0.02040816326530612,1657731191,1657818060,86869,no
HIGHNY-22JUL16-T85,HIGHNY-22JUL16,Climate and Weather,no,16,16,0,95.0,1520,0,80,0.05263157894736842,1657979747,1658077320,97573,no
HIGHNY-22JUL17-B84.5,HIGHNY-22JUL17,Climate and Weather,no,157,157,0,94.0,14758,0,942,0.06382978723404255,1658083660,1658250900,167240,no
HIGHNY-22JUL17-T84,HIGHNY-22JUL17,Climate and Weather,yes,142,142,0,94.0,13348,0,852,0.06382978723404255,1658083179,1658250900,167721,yes
HIGHNY-22JUL18-T82,HIGHNY-22JUL18,Climate and Weather,no,12,12,0,91.0,1092,0,-1092,-1.0,1658166873,1658250720,83847,yes
HIGHNY-22JUL18-T85,HIGHNY-22JUL18,Climate and Weather,no,13,13,0,98.0,1274,0,26,0.02040816326530612,1658164472,1658250720,86248,no
HIGHNY-22JUL21-T94,HIGHNY-22JUL21,Climate and Weather,no,18,18,0,97.0,1746,0,54,0.030927835051546393,1658429949,1658509380,79431,no
HIGHNY-22JUL22-B95.5,HIGHNY-22JUL22,Climate and Weather,no,14,14,0,96.0,1344,0,56,0.041666666666666664,1658520300,1658595660,75360,no
HIGHNY-22JUL23-T94,HIGHNY-22JUL23,Climate and Weather,no,7,7,0,93.0,651,0,49,0.07526881720430108,1658586854,1658682120,95266,no
HIGHNY-22JUL23-T96,HIGHNY-22JUL23,Climate and Weather,no,42,42,0,91.0,3822,0,378,0.0989010989010989,1658592319,1658682120,89801,no
HIGHNY-22JUL24-B48.5,HIGHNY-22JUL24,Climate and Weather,no,27,27,0,96.0,2592,0,108,0.041666666666666664,1658686708,1658768880,82172,no
HIGHNY-22JUL24-T94,HIGHNY-22JUL24,Climate and Weather,no,32,32,0,98.0,3136,0,64,0.02040816326530612,1658667638,1658768880,101242,no
HIGHNY-22JUL25-T87,HIGHNY-22JUL25,Climate and Weather,no,8,8,0,94.0,752,0,-752,-1.0,1658765459,1658854980,89521,yes
HIGHNY-22JUL26-T82,HIGHNY-22JUL26,Climate and Weather,no,3,3,0,92.0,276,0,-276,-1.0,1658852988,1658941380,88392,yes
HIGHNY-22JUL27-B86.5,HIGHNY-22JUL27,Climate and Weather,no,31,31,0,95.0,2945,0,155,0.05263157894736842,1658945050,1659028020,82970,no
HIGHNY-22JUL29-B86.5,HIGHNY-22JUL29,Climate and Weather,no,32,32,0,96.0,3072,0,128,0.041666666666666664,1659125093,1659200580,75487,no
HIGHNY-22JUL29-T86,HIGHNY-22JUL29,Climate and Weather,yes,6,6,0,97.0,582,0,18,0.030927835051546393,1659124784,1659200580,75796,yes
HIGHNY-22JUL30-T85,HIGHNY-22JUL30,Climate and Weather,no,25,25,0,92.0,2300,0,200,0.08695652173913043,1659202125,1659287040,84915,no
HIGHNY-22JUL30-T88,HIGHNY-22JUL30,Climate and Weather,no,53,53,0,97.0,5141,0,159,0.030927835051546393,1659191891,1659287040,95149,no
HIGHNY-22JUL31-B86.5,HIGHNY-22JUL31,Climate and Weather,no,9,9,0,90.0,810,0,-810,-1.0,1659279903,1659373320,93417,yes
HIGHNY-22JUL31-T87,HIGHNY-22JUL31,Climate and Weather,no,1,1,0,98.0,98,0,2,0.02040816326530612,1659290338,1659373320,82982,no
HIGHNY-22JUN01-B75.5,HIGHNY-22JUN01,Climate and Weather,no,25,25,0,97.0,2425,0,75,0.030927835051546393,1654099345,1654189740,90395,no
HIGHNY-22JUN04-B82.5,HIGHNY-22JUN04,Climate and Weather,no,34,34,0,98.0,3332,0,68,0.02040816326530612,1654378064,1654448520,70456,no
HIGHNY-22JUN04-T80,HIGHNY-22JUN04,Climate and Weather,no,28,28,0,93.0,2604,0,196,0.07526881720430108,1654359289,1654448520,89231,no
HIGHNY-22JUN04-T83,HIGHNY-22JUN04,Climate and Weather,no,26,26,0,95.0,2470,0,130,0.05263157894736842,1654362054,1654448520,86466,no
HIGHNY-22JUN05-B77.5,HIGHNY-22JUN05,Climate and Weather,yes,170,170,0,90.0,15300,0,1700,0.1111111111111111,1654463415,1654544460,81045,yes
HIGHNY-22JUN05-T78,HIGHNY-22JUN05,Climate and Weather,no,26,26,0,94.0,2444,0,156,0.06382978723404255,1654456112,1654544460,88348,no
HIGHNY-22JUN06-T79,HIGHNY-22JUN06,Climate and Weather,no,22,22,0,97.0,2134,0,66,0.030927835051546393,1654522038,1654621380,99342,no
HIGHNY-22JUN06-T82,HIGHNY-22JUN06,Climate and Weather,no,30,30,0,90.0,2700,0,300,0.1111111111111111,1654522970,1654621380,98410,no
HIGHNY-22JUN07-T75,HIGHNY-22JUN07,Climate and Weather,no,26,26,0,98.0,2548,0,52,0.02040816326530612,1654607738,1654707660,99922,no
HIGHNY-22JUN07-T78,HIGHNY-22JUN07,Climate and Weather,no,78,78,0,95.0,7410,0,390,0.05263157894736842,1654622911,1654707660,84749,no
HIGHNY-22JUN08-B83.5,HIGHNY-22JUN08,Climate and Weather,no,168,168,0,96.0,16128,0,672,0.041666666666666664,1654732361,1654794151,61790,no
HIGHNY-22JUN08-T81,HIGHNY-22JUN08,Climate and Weather,no,130,130,0,98.0,12740,0,260,0.02040816326530612,1654701925,1654794151,92226,no
HIGHNY-22JUN10-B81.5,HIGHNY-22JUN10,Climate and Weather,no,85,85,0,98.0,8330,0,170,0.02040816326530612,1654885454,1654966980,81526,no
HIGHNY-22JUN10-T82,HIGHNY-22JUN10,Climate and Weather,no,31,31,0,98.0,3038,0,62,0.02040816326530612,1654879099,1654966980,87881,no
HIGHNY-22JUN11-T76,HIGHNY-22JUN11,Climate and Weather,no,12,12,0,98.0,1176,0,-1176,-1.0,1654962833,1655053320,90487,yes
HIGHNY-22JUN11-T79,HIGHNY-22JUN11,Climate and Weather,no,21,21,0,92.0,1932,0,168,0.08695652173913043,1654963412,1655053320,89908,no
HIGHNY-22JUN12-T69,HIGHNY-22JUN12,Climate and Weather,no,31,31,0,95.0,2945,0,155,0.05263157894736842,1655050149,1655139720,89571,no
HIGHNY-22JUN13-B83.5,HIGHNY-22JUN13,Climate and Weather,yes,58,58,0,96.0,5568,0,-5568,-1.0,1655151491,1655226120,74629,no
HIGHNY-22JUN13-B85.5,HIGHNY-22JUN13,Climate and Weather,no,170,170,0,96.0,16320,0,-16320,-1.0,1655150094,1655226120,76026,yes
HIGHNY-22JUN15-T80,HIGHNY-22JUN15,Climate and Weather,no,10,10,0,91.0,910,0,90,0.0989010989010989,1655306861,1655398860,91999,no
HIGHNY-22JUN15-T83,HIGHNY-22JUN15,Climate and Weather,no,59,59,0,96.0,5664,0,236,0.041666666666666664,1655308805,1655398860,90055,no
HIGHNY-22JUN16-B75.5,HIGHNY-22JUN16,Climate and Weather,no,8,8,0,98.0,784,0,16,0.02040816326530612,1655409851,1655485380,75529,no
HIGHNY-22JUN17-B88.5,HIGHNY-22JUN17,Climate and Weather,yes,30,30,0,95.0,2850,0,150,0.05263157894736842,1655498196,1655571660,73464,yes
HIGHNY-22JUN17-B90.5,HIGHNY-22JUN17,Climate and Weather,no,34,34,0,90.0,3060,0,340,0.1111111111111111,1655484556,1655571660,87104,no
HIGHNY-22JUN18-B74.5,HIGHNY-22JUN18,Climate and Weather,yes,356,356,0,96.0,34176,0,1424,0.041666666666666664,1655603836,1655658120,54284,yes
HIGHNY-22JUN18-T74,HIGHNY-22JUN18,Climate and Weather,no,515,515,0,97.0,49955,0,1545,0.030927835051546393,1655563272,1655658120,94848,no
HIGHNY-22JUN19-B72.5,HIGHNY-22JUN19,Climate and Weather,yes,61,61,0,98.0,5978,0,122,0.02040816326530612,1655675542,1655744460,68918,yes
HIGHNY-22JUN19-B74.5,HIGHNY-22JUN19,Climate and Weather,no,6,6,0,98.0,588,0,12,0.02040816326530612,1655675538,1655744460,68922,no
HIGHNY-22JUN20-T78,HIGHNY-22JUN20,Climate and Weather,no,15,15,0,96.0,1440,0,60,0.041666666666666664,1655736855,1655830920,94065,no
HIGHNY-22JUN21-B79.5,HIGHNY-22JUN21,Climate and Weather,no,42,42,0,92.0,3864,0,-3864,-1.0,1655834124,1655917440,83316,yes
HIGHNY-22JUN21-T80,HIGHNY-22JUN21,Climate and Weather,no,65,65,0,95.0,6175,0,325,0.05263157894736842,1655838831,1655917440,78609,no
HIGHNY-22JUN22-T68,HIGHNY-22JUN22,Climate and Weather,no,75,75,0,97.0,7275,0,225,0.030927835051546393,1655920063,1656003780,83717,no
HIGHNY-22JUN23-T71,HIGHNY-22JUN23,Climate and Weather,no,57,57,0,97.0,5529,0,171,0.030927835051546393,1655999664,1656090120,90456,no
HIGHNY-22JUN24-T79,HIGHNY-22JUN24,Climate and Weather,no,123,123,0,92.0,11316,0,984,0.08695652173913043,1656089669,1656176460,86791,no
HIGHNY-22JUN24-T82,HIGHNY-22JUN24,Climate and Weather,no,3,3,0,93.0,279,0,21,0.07526881720430108,1656081405,1656176460,95055,no
HIGHNY-22JUN25-T87,HIGHNY-22JUN25,Climate and Weather,no,48,48,0,97.0,4656,0,144,0.030927835051546393,1656173381,1656270360,96979,no
HIGHNY-22JUN26-T88,HIGHNY-22JUN26,Climate and Weather,no,20,20,0,95.0,1900,0,100,0.05263157894736842,1656253232,1656349320,96088,no
HIGHNY-22JUN26-T91,HIGHNY-22JUN26,Climate and Weather,no,4,4,0,95.0,380,0,20,0.05263157894736842,1656251086,1656349320,98234,no
HIGHNY-22JUN28-T81,HIGHNY-22JUN28,Climate and Weather,no,16,16,0,92.0,1472,0,128,0.08695652173913043,1656427128,1656522240,95112,no
HIGHNY-22JUN29-T83,HIGHNY-22JUN29,Climate and Weather,no,3,3,0,91.0,273,0,27,0.0989010989010989,1656508066,1656608460,100394,no
HIGHNY-22JUN29-T86,HIGHNY-22JUN29,Climate and Weather,no,6,6,0,96.0,576,0,24,0.041666666666666664,1656512862,1656608460,95598,no
HIGHNY-22MAR01-T45,HIGHNY-22MAR01,Climate and Weather,yes,9,9,0,96.0,864,0,36,0.041666666666666664,1646153436,1646244180,90744,yes
HIGHNY-22MAR01-T47,HIGHNY-22MAR01,Climate and Weather,no,58,58,0,95.0,5510,0,-5510,-1.0,1646186511,1646244180,57669,yes
HIGHNY-22MAR09-T41,HIGHNY-22MAR09,Climate and Weather,no,32,32,0,96.0,3072,0,128,0.041666666666666664,1646851161,1646935320,84159,no
HIGHNY-22MAR11-T52,HIGHNY-22MAR11,Climate and Weather,yes,4,4,0,92.0,368,0,32,0.08695652173913043,1647014930,1647108120,93190,yes
HIGHNY-22MAR19-T59,HIGHNY-22MAR19,Climate and Weather,yes,7,7,0,98.0,686,0,14,0.02040816326530612,1647699981,1647795723,95742,yes
HIGHNY-22MAR31-T68,HIGHNY-22MAR31,Climate and Weather,no,36,36,0,91.0,3276,0,324,0.0989010989010989,1648740695,1648832760,92065,no
HIGHNY-22MAR31-T70,HIGHNY-22MAR31,Climate and Weather,no,28,28,0,97.0,2716,0,84,0.030927835051546393,1648740731,1648832760,92029,no
HIGHNY-22MAY05-T74,HIGHNY-22MAY05,Climate and Weather,no,44,44,0,92.0,4048,0,352,0.08695652173913043,1651781191,1651856520,75329,no
HIGHNY-22MAY10-T73,HIGHNY-22MAY10,Climate and Weather,no,14,14,0,98.0,1372,0,28,0.02040816326530612,1652223492,1652288640,65148,no
HIGHNY-22MAY11-T69,HIGHNY-22MAY11,Climate and Weather,no,3,3,0,91.0,273,0,27,0.0989010989010989,1652278351,1652375100,96749,no
HIGHNY-22MAY14-B71.5,HIGHNY-22MAY14,Climate and Weather,no,66,66,0,95.0,6270,0,-6270,-1.0,1652549006,1652634180,85174,yes
HIGHNY-22MAY16-B78.5,HIGHNY-22MAY16,Climate and Weather,no,53,53,0,98.0,5194,0,106,0.02040816326530612,1652738316,1652807160,68844,no
HIGHNY-22MAY16-T79,HIGHNY-22MAY16,Climate and Weather,no,3,3,0,90.0,270,0,30,0.1111111111111111,1652713104,1652807160,94056,no
HIGHNY-22MAY21-T95,HIGHNY-22MAY21,Climate and Weather,no,13,13,0,92.0,1196,0,104,0.08695652173913043,1653136414,1653238920,102506,no
HIGHNY-22MAY23-T74,HIGHNY-22MAY23,Climate and Weather,no,20,20,0,96.0,1920,0,-1920,-1.0,1653320318,1653411660,91342,yes
HIGHNY-22MAY25-T73,HIGHNY-22MAY25,Climate and Weather,no,51,51,0,92.0,4692,0,408,0.08695652173913043,1653494052,1653584520,90468,no
HIGHNY-22MAY27-B79.5,HIGHNY-22MAY27,Climate and Weather,no,313,313,0,90.0,28170,0,-28170,-1.0,1653662676,1653762720,100044,yes
HIGHNY-22MAY27-T80,HIGHNY-22MAY27,Climate and Weather,no,75,75,0,96.0,7200,0,300,0.041666666666666664,1653661857,1653762720,100863,no
HIGHNY-22MAY30-T85,HIGHNY-22MAY30,Climate and Weather,no,8,8,0,94.0,752,0,-752,-1.0,1653934050,1654016580,82530,yes
HIGHNY-22NOV01-T65,HIGHNY-22NOV01,Climate and Weather,no,42,42,0,95.0,3990,0,210,0.05263157894736842,1667314227,1667408760,94533,no
HIGHNY-22NOV03-T68,HIGHNY-22NOV03,Climate and Weather,no,89,89,0,94.0,8366,0,534,0.06382978723404255,1667487421,1667582580,95159,no
HIGHNY-22NOV04-T71,HIGHNY-22NOV04,Climate and Weather,no,32,32,0,97.0,3104,0,96,0.030927835051546393,1667580834,1667669341,88507,no
HIGHNY-22NOV05-T75,HIGHNY-22NOV05,Climate and Weather,no,79,79,0,93.0,7347,0,-7347,-1.0,1667653480,1667758680,105200,yes
HIGHNY-22NOV06-B73.5,HIGHNY-22NOV06,Climate and Weather,no,70,70,0,90.0,6300,0,700,0.1111111111111111,1667749813,1667844060,94247,no
HIGHNY-22NOV08-T55,HIGHNY-22NOV08,Climate and Weather,no,31,31,0,98.0,3038,0,62,0.02040816326530612,1667924073,1668018240,94167,no
HIGHNY-22NOV08-T58,HIGHNY-22NOV08,Climate and Weather,no,6,6,0,95.0,570,0,30,0.05263157894736842,1667934492,1668018240,83748,no
HIGHNY-22NOV09-T54,HIGHNY-22NOV09,Climate and Weather,no,33,33,0,90.0,2970,0,-2970,-1.0,1668009409,1668110100,100691,yes
HIGHNY-22NOV10-B67.5,HIGHNY-22NOV10,Climate and Weather,no,35,35,0,92.0,3220,0,280,0.08695652173913043,1668097372,1668203520,106148,no
HIGHNY-22NOV11-T67,HIGHNY-22NOV11,Climate and Weather,no,78,78,0,93.0,7254,0,546,0.07526881720430108,1668201549,1668279000,77451,no
HIGHNY-22NOV12-B71.5,HIGHNY-22NOV12,Climate and Weather,no,72,72,0,93.0,6696,0,504,0.07526881720430108,1668274268,1668371641,97373,no
HIGHNY-22NOV16-B48.5,HIGHNY-22NOV16,Climate and Weather,no,39,39,0,91.0,3549,0,351,0.0989010989010989,1668617612,1668709620,92008,no
HIGHNY-22NOV17-B44.5,HIGHNY-22NOV17,Climate and Weather,no,54,54,0,91.0,4914,0,486,0.0989010989010989,1668719059,1668795780,76721,no
HIGHNY-22NOV21-B42.5,HIGHNY-22NOV21,Climate and Weather,no,35,35,0,90.0,3150,0,350,0.1111111111111111,1669075124,1669140060,64936,no
HIGHNY-22NOV21-T40,HIGHNY-22NOV21,Climate and Weather,no,40,40,0,96.0,3840,0,160,0.041666666666666664,1669053328,1669140060,86732,no
HIGHNY-22NOV22-T50,HIGHNY-22NOV22,Climate and Weather,no,515,515,0,97.0,49955,0,-49955,-1.0,1669132496,1669226460,93964,yes
HIGHNY-22NOV23-T55,HIGHNY-22NOV23,Climate and Weather,no,25,25,0,98.0,2450,0,50,0.02040816326530612,1669219463,1669312920,93457,no
HIGHNY-22NOV25-B49.5,HIGHNY-22NOV25,Climate and Weather,no,209,209,0,95.0,19855,0,1045,0.05263157894736842,1669399939,1669485780,85841,no
HIGHNY-22NOV26-B57.5,HIGHNY-22NOV26,Climate and Weather,no,145,145,0,95.0,13775,0,-13775,-1.0,1669497579,1669572180,74601,yes
HIGHNY-22NOV27-T60,HIGHNY-22NOV27,Climate and Weather,no,131,131,0,96.0,12576,0,524,0.041666666666666664,1669592751,1669658460,65709,no
HIGHNY-22NOV28-B51.5,HIGHNY-22NOV28,Climate and Weather,no,97,97,0,98.0,9506,0,194,0.02040816326530612,1669647682,1669744981,97299,no
HIGHNY-22NOV28-B53.5,HIGHNY-22NOV28,Climate and Weather,no,62,62,0,95.0,5890,0,-5890,-1.0,1669666846,1669744981,78135,yes
HIGHNY-22NOV29-B48.5,HIGHNY-22NOV29,Climate and Weather,no,36,36,0,92.0,3312,0,288,0.08695652173913043,1669736233,1669831260,95027,no
HIGHNY-22NOV30-B59.5,HIGHNY-22NOV30,Climate and Weather,no,25,25,0,90.0,2250,0,250,0.1111111111111111,1669839340,1669917660,78320,no
HIGHNY-22OCT01-B56.5,HIGHNY-22OCT01,Climate and Weather,no,119,119,0,93.0,11067,0,833,0.07526881720430108,1664626038,1664730240,104202,no
HIGHNY-22OCT03-B57.5,HIGHNY-22OCT03,Climate and Weather,no,20,20,0,95.0,1900,0,100,0.05263157894736842,1664832112,1664902920,70808,no
HIGHNY-22OCT03-T57,HIGHNY-22OCT03,Climate and Weather,no,26,26,0,92.0,2392,0,-2392,-1.0,1664806271,1664902920,96649,yes
HIGHNY-22OCT04-T56,HIGHNY-22OCT04,Climate and Weather,no,151,151,0,92.0,13892,0,1208,0.08695652173913043,1664898504,1664989260,90756,no
HIGHNY-22OCT05-T57,HIGHNY-22OCT05,Climate and Weather,no,154,154,0,97.0,14938,0,462,0.030927835051546393,1664977867,1665075660,97793,no
HIGHNY-22OCT07-T75,HIGHNY-22OCT07,Climate and Weather,no,13,13,0,91.0,1183,0,117,0.0989010989010989,1665156936,1665257220,100284,no
HIGHNY-22OCT07-T78,HIGHNY-22OCT07,Climate and Weather,no,77,77,0,93.0,7161,0,539,0.07526881720430108,1665148001,1665257220,109219,no
HIGHNY-22OCT11-T69,HIGHNY-22OCT11,Climate and Weather,no,48,48,0,94.0,4512,0,288,0.06382978723404255,1665496561,1665594181,97620,no
HIGHNY-22OCT13-T70,HIGHNY-22OCT13,Climate and Weather,no,21,21,0,91.0,1911,0,189,0.0989010989010989,1665677566,1665766920,89354,no
HIGHNY-22OCT14-T66,HIGHNY-22OCT14,Climate and Weather,no,80,80,0,95.0,7600,0,400,0.05263157894736842,1665761361,1665859800,98439,no
HIGHNY-22OCT14-T69,HIGHNY-22OCT14,Climate and Weather,no,37,37,0,97.0,3589,0,111,0.030927835051546393,1665773854,1665859800,85946,no
HIGHNY-22OCT16-T64,HIGHNY-22OCT16,Climate and Weather,no,1,1,0,96.0,96,0,4,0.041666666666666664,1665932092,1666026060,93968,no
HIGHNY-22OCT17-B67.5,HIGHNY-22OCT17,Climate and Weather,no,43,43,0,93.0,3999,0,301,0.07526881720430108,1666032316,1666112581,80265,no
HIGHNY-22OCT19-T53,HIGHNY-22OCT19,Climate and Weather,no,1,1,0,90.0,90,0,10,0.1111111111111111,1666188357,1666285320,96963,no
HIGHNY-22OCT19-T56,HIGHNY-22OCT19,Climate and Weather,no,25,25,0,97.0,2425,0,75,0.030927835051546393,1666195798,1666285320,89522,no
HIGHNY-22OCT20-B60.5,HIGHNY-22OCT20,Climate and Weather,no,78,78,0,94.0,7332,0,468,0.06382978723404255,1666284928,1666371660,86732,no
HIGHNY-22OCT20-T58,HIGHNY-22OCT20,Climate and Weather,no,103,103,0,90.0,9270,0,1030,0.1111111111111111,1666280903,1666371660,90757,no
HIGHNY-22OCT21-B64.5,HIGHNY-22OCT21,Climate and Weather,no,41,41,0,92.0,3772,0,328,0.08695652173913043,1666367013,1666479601,112588,no
HIGHNY-22OCT22-B68.5,HIGHNY-22OCT22,Climate and Weather,no,19,19,0,91.0,1729,0,171,0.0989010989010989,1666447927,1666548480,100553,no
HIGHNY-22OCT23-B62.5,HIGHNY-22OCT23,Climate and Weather,no,46,46,0,95.0,4370,0,230,0.05263157894736842,1666551248,1666631400,80152,no
HIGHNY-22OCT23-T62,HIGHNY-22OCT23,Climate and Weather,yes,116,116,0,95.0,11020,0,580,0.05263157894736842,1666551253,1666631400,80147,yes
HIGHNY-22OCT24-B63.5,HIGHNY-22OCT24,Climate and Weather,no,45,45,0,92.0,4140,0,360,0.08695652173913043,1666648740,1666717260,68520,no
HIGHNY-22OCT24-T61,HIGHNY-22OCT24,Climate and Weather,no,125,125,0,93.0,11625,0,875,0.07526881720430108,1666615290,1666717260,101970,no
HIGHNY-22OCT25-T68,HIGHNY-22OCT25,Climate and Weather,no,53,53,0,91.0,4823,0,477,0.0989010989010989,1666700723,1666803660,102937,no
HIGHNY-22OCT25-T71,HIGHNY-22OCT25,Climate and Weather,no,38,38,0,91.0,3458,0,342,0.0989010989010989,1666717007,1666803660,86653,no
HIGHNY-22OCT27-T66,HIGHNY-22OCT27,Climate and Weather,no,24,24,0,93.0,2232,0,168,0.07526881720430108,1666886163,1666977660,91497,no
HIGHNY-22OCT29-B60.5,HIGHNY-22OCT29,Climate and Weather,no,24,24,0,90.0,2160,0,240,0.1111111111111111,1667073563,1667150040,76477,no
HIGHNY-22OCT31-B62.5,HIGHNY-22OCT31,Climate and Weather,no,77,77,0,94.0,7238,0,462,0.06382978723404255,1667235341,1667322241,86900,no
HIGHNY-22SEP01-T82,HIGHNY-22SEP01,Climate and Weather,no,12,12,0,98.0,1176,0,24,0.02040816326530612,1662046579,1662138480,91901,no
HIGHNY-22SEP02-T82,HIGHNY-22SEP02,Climate and Weather,no,21,21,0,98.0,2058,0,42,0.02040816326530612,1662138319,1662229140,90821,no
HIGHNY-22SEP03-B83.5,HIGHNY-22SEP03,Climate and Weather,no,80,80,0,96.0,7680,0,320,0.041666666666666664,1662220209,1662310980,90771,no
HIGHNY-22SEP03-T84,HIGHNY-22SEP03,Climate and Weather,no,27,27,0,98.0,2646,0,54,0.02040816326530612,1662220475,1662310980,90505,no
HIGHNY-22SEP04-T84,HIGHNY-22SEP04,Climate and Weather,no,3,3,0,95.0,285,0,15,0.05263157894736842,1662307562,1662397260,89698,no
HIGHNY-22SEP06-B73.5,HIGHNY-22SEP06,Climate and Weather,yes,98,98,0,97.0,9506,0,294,0.030927835051546393,1662478995,1662570060,91065,yes
HIGHNY-22SEP07-T71,HIGHNY-22SEP07,Climate and Weather,no,14,14,0,93.0,1302,0,98,0.07526881720430108,1662563158,1662656520,93362,no
HIGHNY-22SEP07-T74,HIGHNY-22SEP07,Climate and Weather,no,31,31,0,90.0,2790,0,310,0.1111111111111111,1662561380,1662656520,95140,no
HIGHNY-22SEP09-B82.5,HIGHNY-22SEP09,Climate and Weather,no,28,28,0,90.0,2520,0,280,0.1111111111111111,1662746052,1662829320,83268,no
HIGHNY-22SEP10-T83,HIGHNY-22SEP10,Climate and Weather,no,89,89,0,94.0,8366,0,534,0.06382978723404255,1662820078,1662915720,95642,no
HIGHNY-22SEP10-T86,HIGHNY-22SEP10,Climate and Weather,no,252,252,0,93.0,23436,0,1764,0.07526881720430108,1662834884,1662915720,80836,no
HIGHNY-22SEP12-T79,HIGHNY-22SEP12,Climate and Weather,no,89,89,0,94.0,8366,0,534,0.06382978723404255,1662993762,1663089000,95238,no
HIGHNY-22SEP13-T83,HIGHNY-22SEP13,Climate and Weather,no,30,30,0,93.0,2790,0,210,0.07526881720430108,1663099599,1663175460,75861,no
HIGHNY-22SEP14-T84,HIGHNY-22SEP14,Climate and Weather,no,3,3,0,94.0,282,0,18,0.06382978723404255,1663168053,1663264440,96387,no
HIGHNY-22SEP15-B74.5,HIGHNY-22SEP15,Climate and Weather,yes,122,122,0,92.0,11224,0,976,0.08695652173913043,1663271938,1663348860,76922,yes
HIGHNY-22SEP15-T77,HIGHNY-22SEP15,Climate and Weather,no,10,10,0,95.0,950,0,50,0.05263157894736842,1663248017,1663348860,100843,no
HIGHNY-22SEP16-T76,HIGHNY-22SEP16,Climate and Weather,no,2,2,0,96.0,192,0,-192,-1.0,1663333475,1663450080,116605,yes
HIGHNY-22SEP17-B78.5,HIGHNY-22SEP17,Climate and Weather,no,57,57,0,93.0,5301,0,399,0.07526881720430108,1663421484,1663603680,182196,no
HIGHNY-22SEP17-T79,HIGHNY-22SEP17,Climate and Weather,no,2,2,0,96.0,192,0,8,0.041666666666666664,1663447965,1663603680,155715,no
HIGHNY-22SEP19-T88,HIGHNY-22SEP19,Climate and Weather,no,3,3,0,96.0,288,0,12,0.041666666666666664,1663602760,1663693320,90560,no
HIGHNY-22SEP20-B79.5,HIGHNY-22SEP20,Climate and Weather,yes,13,13,0,94.0,1222,0,78,0.06382978723404255,1663711687,1663814280,102593,yes
HIGHNY-22SEP22-B73.5,HIGHNY-22SEP22,Climate and Weather,yes,86,86,0,90.0,7740,0,-7740,-1.0,1663869151,1663952520,83369,no
HIGHNY-22SEP26-T73,HIGHNY-22SEP26,Climate and Weather,no,11,11,0,91.0,1001,0,99,0.0989010989010989,1664204474,1664298060,93586,no
HIGHNY-22SEP27-T73,HIGHNY-22SEP27,Climate and Weather,no,126,126,0,91.0,11466,0,1134,0.0989010989010989,1664287217,1664391000,103783,no
HIGHNY-22SEP28-T69,HIGHNY-22SEP28,Climate and Weather,no,17,17,0,91.0,1547,0,153,0.0989010989010989,1664375650,1664470920,95270,no
HIGHNY-22SEP30-T63,HIGHNY-22SEP30,Climate and Weather,no,44,44,0,95.0,4180,0,-4180,-1.0,1664546107,1664643960,97853,yes
HIGHNY-22SEP30-T66,HIGHNY-22SEP30,Climate and Weather,no,21,21,0,94.0,1974,0,126,0.06382978723404255,1664547100,1664643960,96860,no
HIGHNY-23APR01-B66.5,HIGHNY-23APR01,Climate and Weather,no,2,2,0,94.0,188,0,12,0.06382978723404255,1680371825,1680454860,83035,no
HIGHNY-23APR03-B60.5,HIGHNY-23APR03,Climate and Weather,no,27,27,0,97.0,2619,0,81,0.030927835051546393,1680559961,1680628381,68420,no
HIGHNY-23APR03-T61,HIGHNY-23APR03,Climate and Weather,no,2,2,0,90.0,180,0,20,0.1111111111111111,1680546368,1680628381,82013,no
HIGHNY-23APR06-B71.5,HIGHNY-23APR06,Climate and Weather,no,10,10,0,97.0,970,0,30,0.030927835051546393,1680803178,1680887701,84523,no
HIGHNY-23APR06-B73.5,HIGHNY-23APR06,Climate and Weather,no,10,10,0,96.0,960,0,40,0.041666666666666664,1680782410,1680887701,105291,no
HIGHNY-23APR07-B58.5,HIGHNY-23APR07,Climate and Weather,no,325,325,0,97.0,31525,0,975,0.030927835051546393,1680895313,1681135321,240008,no
HIGHNY-23APR13-B86.5,HIGHNY-23APR13,Climate and Weather,no,6,6,0,90.0,540,0,60,0.1111111111111111,1681394641,1681491780,97139,no
HIGHNY-23APR13-T89,HIGHNY-23APR13,Climate and Weather,yes,140,140,0,97.0,13580,0,420,0.030927835051546393,1681433157,1681491780,58623,yes
HIGHNY-23APR15-B66.5,HIGHNY-23APR15,Climate and Weather,no,126,126,0,98.0,12348,0,252,0.02040816326530612,1681594946,1681674481,79535,no
HIGHNY-23APR17-T65,HIGHNY-23APR17,Climate and Weather,no,8,8,0,97.0,776,0,24,0.030927835051546393,1681744062,1681837320,93258,no
HIGHNY-23APR18-B54.5,HIGHNY-23APR18,Climate and Weather,no,196,196,0,93.0,18228,0,1372,0.07526881720430108,1681831922,1681924381,92459,no
HIGHNY-23APR19-B59.5,HIGHNY-23APR19,Climate and Weather,no,28,28,0,98.0,2744,0,56,0.02040816326530612,1681938375,1682010661,72286,no
HIGHNY-23APR23-B71.5,HIGHNY-23APR23,Climate and Weather,no,111,111,0,98.0,10878,0,222,0.02040816326530612,1682267464,1682355661,88197,no
HIGHNY-23APR23-T65,HIGHNY-23APR23,Climate and Weather,no,61,61,0,94.0,5734,0,366,0.06382978723404255,1682258055,1682355661,97606,no
HIGHNY-23APR25-T58,HIGHNY-23APR25,Climate and Weather,no,2,2,0,95.0,190,0,10,0.05263157894736842,1682433855,1682528461,94606,no
HIGHNY-23APR27-B61.5,HIGHNY-23APR27,Climate and Weather,no,32,32,0,96.0,3072,0,128,0.041666666666666664,1682600862,1682701321,100459,no
HIGHNY-23APR30-B61.5,HIGHNY-23APR30,Climate and Weather,no,2,2,0,97.0,194,0,6,0.030927835051546393,1682897420,1682962981,65561,no
HIGHNY-23FEB01-B36.5,HIGHNY-23FEB01,Climate and Weather,no,30,30,0,96.0,2880,0,120,0.041666666666666664,1675285359,1675361221,75862,no
HIGHNY-23FEB02-B38.5,HIGHNY-23FEB02,Climate and Weather,no,72,72,0,90.0,6480,0,720,0.1111111111111111,1675356019,1675447501,91482,no
HIGHNY-23FEB04-B30.5,HIGHNY-23FEB04,Climate and Weather,no,36,36,0,97.0,3492,0,108,0.030927835051546393,1675555776,1675643520,87744,no
HIGHNY-23FEB05-B44.5,HIGHNY-23FEB05,Climate and Weather,no,12,12,0,91.0,1092,0,108,0.0989010989010989,1675617454,1675706701,89247,no
HIGHNY-23FEB07-B45.5,HIGHNY-23FEB07,Climate and Weather,no,2,2,0,94.0,188,0,12,0.06382978723404255,1675790250,1675879441,89191,no
HIGHNY-23FEB09-B57.5,HIGHNY-23FEB09,Climate and Weather,no,12,12,0,90.0,1080,0,120,0.1111111111111111,1675954449,1676052661,98212,no
HIGHNY-23FEB09-T58,HIGHNY-23FEB09,Climate and Weather,no,3,3,0,90.0,270,0,30,0.1111111111111111,1675955194,1676052661,97467,no
HIGHNY-23FEB17-B64.5,HIGHNY-23FEB17,Climate and Weather,no,1,1,0,93.0,93,0,7,0.07526881720430108,1676643206,1676777881,134675,no
HIGHNY-23FEB18-B41.5,HIGHNY-23FEB18,Climate and Weather,no,20,20,0,91.0,1820,0,180,0.0989010989010989,1676728867,1676906160,177293,no
HIGHNY-23FEB21-B47.5,HIGHNY-23FEB21,Climate and Weather,no,150,150,0,95.0,14250,0,750,0.05263157894736842,1677010469,1677089280,78811,no
HIGHNY-23FEB21-B49.5,HIGHNY-23FEB21,Climate and Weather,yes,26,26,0,92.0,2392,0,208,0.08695652173913043,1676998343,1677089280,90937,yes
HIGHNY-23FEB25-B31.5,HIGHNY-23FEB25,Climate and Weather,no,64,64,0,93.0,5952,0,448,0.07526881720430108,1677355068,1677510480,155412,no
HIGHNY-23FEB25-B35.5,HIGHNY-23FEB25,Climate and Weather,no,9,9,0,90.0,810,0,90,0.1111111111111111,1677333642,1677510480,176838,no
HIGHNY-23FEB25-T31,HIGHNY-23FEB25,Climate and Weather,no,5,5,0,98.0,490,0,10,0.02040816326530612,1677362254,1677510480,148226,no
HIGHNY-23FEB26-B44.5,HIGHNY-23FEB26,Climate and Weather,no,25,25,0,93.0,2325,0,175,0.07526881720430108,1677429084,1677520920,91836,no
HIGHNY-23FEB28-B35.5,HIGHNY-23FEB28,Climate and Weather,no,3,3,0,94.0,282,0,18,0.06382978723404255,1677597977,1677693660,95683,no
HIGHNY-23JAN02-T57,HIGHNY-23JAN02,Climate and Weather,no,67,67,0,94.0,6298,0,402,0.06382978723404255,1672671784,1672768860,97076,no
HIGHNY-23JAN03-B53.5,HIGHNY-23JAN03,Climate and Weather,no,19,19,0,90.0,1710,0,190,0.1111111111111111,1672761253,1672855560,94307,no
HIGHNY-23JAN03-B59.5,HIGHNY-23JAN03,Climate and Weather,no,2,2,0,93.0,186,0,14,0.07526881720430108,1672780220,1672855560,75340,no
HIGHNY-23JAN05-B58.5,HIGHNY-23JAN05,Climate and Weather,no,6,6,0,98.0,588,0,12,0.02040816326530612,1672940630,1673028180,87550,no
HIGHNY-23JAN05-T52,HIGHNY-23JAN05,Climate and Weather,no,510,510,0,98.0,49980,0,-49980,-1.0,1672930961,1673028180,97219,yes
HIGHNY-23JAN07-T47,HIGHNY-23JAN07,Climate and Weather,no,14,14,0,95.0,1330,0,70,0.05263157894736842,1673108907,1673236801,127894,no
HIGHNY-23JAN10-B40.5,HIGHNY-23JAN10,Climate and Weather,no,11,11,0,96.0,1056,0,-1056,-1.0,1673369672,1673462340,92668,yes
HIGHNY-23JAN10-B44.5,HIGHNY-23JAN10,Climate and Weather,no,25,25,0,95.0,2375,0,125,0.05263157894736842,1673396005,1673462340,66335,no
HIGHNY-23JAN12-B50.5,HIGHNY-23JAN12,Climate and Weather,no,19,19,0,91.0,1729,0,171,0.0989010989010989,1673558532,1673632860,74328,no
HIGHNY-23JAN12-T55,HIGHNY-23JAN12,Climate and Weather,no,122,122,0,92.0,11224,0,976,0.08695652173913043,1673561784,1673632860,71076,no
HIGHNY-23JAN18-T53,HIGHNY-23JAN18,Climate and Weather,no,21,21,0,90.0,1890,0,210,0.1111111111111111,1674052474,1674155400,102926,no
HIGHNY-23JAN20-B50.5,HIGHNY-23JAN20,Climate and Weather,no,339,339,0,91.0,30849,0,3051,0.0989010989010989,1674228929,1674326580,97651,no
HIGHNY-23JAN20-T51,HIGHNY-23JAN20,Climate and Weather,no,125,125,0,95.0,11875,0,625,0.05263157894736842,1674228025,1674326580,98555,no
HIGHNY-23JAN21-B40.5,HIGHNY-23JAN21,Climate and Weather,no,304,304,0,97.0,29488,0,912,0.030927835051546393,1674325001,1674410821,85820,no
HIGHNY-23JAN22-B41.5,HIGHNY-23JAN22,Climate and Weather,no,81,81,0,93.0,7533,0,-7533,-1.0,1674419420,1674529080,109660,yes
HIGHNY-23JAN24-T45,HIGHNY-23JAN24,Climate and Weather,no,18,18,0,90.0,1620,0,-1620,-1.0,1674570126,1674671700,101574,yes
HIGHNY-23JAN25-T45,HIGHNY-23JAN25,Climate and Weather,no,100,100,0,91.0,9100,0,900,0.0989010989010989,1674659359,1674756600,97241,no
HIGHNY-23JAN27-B40.5,HIGHNY-23JAN27,Climate and Weather,no,29,29,0,93.0,2697,0,203,0.07526881720430108,1674839170,1674928861,89691,no
HIGHNY-23JAN27-B42.5,HIGHNY-23JAN27,Climate and Weather,yes,225,225,0,90.0,20250,0,-20250,-1.0,1674851420,1674928861,77441,no
HIGHNY-23JAN27-B44.5,HIGHNY-23JAN27,Climate and Weather,no,200,200,0,90.0,18000,0,-18000,-1.0,1674851622,1674928861,77239,yes
HIGHNY-23JAN30-B54.5,HIGHNY-23JAN30,Climate and Weather,no,37,37,0,92.0,3404,0,-3404,-1.0,1675087350,1675188720,101370,yes
HIGHNY-23JUN02-B87.5,HIGHNY-23JUN02,Climate and Weather,no,33,33,0,94.0,3102,0,198,0.06382978723404255,1685718454,1685973841,255387,no
HIGHNY-23JUN15-B77.5,HIGHNY-23JUN15,Climate and Weather,no,71,71,0,90.0,6390,0,-6390,-1.0,1686840843,1686958620,117777,yes
HIGHNY-23MAR02-B52.5,HIGHNY-23MAR02,Climate and Weather,no,42,42,0,96.0,4032,0,168,0.041666666666666664,1677771732,1677866641,94909,no
HIGHNY-23MAR04-B47.5,HIGHNY-23MAR04,Climate and Weather,no,35,35,0,90.0,3150,0,350,0.1111111111111111,1677941842,1678040520,98678,no
HIGHNY-23MAR06-B49.5,HIGHNY-23MAR06,Climate and Weather,no,33,33,0,96.0,3168,0,132,0.041666666666666664,1678116249,1678213440,97191,no
HIGHNY-23MAR06-B51.5,HIGHNY-23MAR06,Climate and Weather,yes,7,7,0,97.0,679,0,21,0.030927835051546393,1678146404,1678213440,67036,yes
HIGHNY-23MAR09-B50.5,HIGHNY-23MAR09,Climate and Weather,yes,1,1,0,98.0,98,0,2,0.02040816326530612,1678403743,1678471561,67818,yes
HIGHNY-23MAR09-T51,HIGHNY-23MAR09,Climate and Weather,no,1,1,0,94.0,94,0,6,0.06382978723404255,1678366832,1678471561,104729,no
HIGHNY-23MAR10-B44.5,HIGHNY-23MAR10,Climate and Weather,no,25,25,0,92.0,2300,0,200,0.08695652173913043,1678475107,1678557900,82793,no
HIGHNY-23MAR12-B44.5,HIGHNY-23MAR12,Climate and Weather,no,17,17,0,94.0,1598,0,102,0.06382978723404255,1678629700,1678742341,112641,no
HIGHNY-23MAR12-B48.5,HIGHNY-23MAR12,Climate and Weather,yes,5,5,0,97.0,485,0,15,0.030927835051546393,1678661895,1678742341,80446,yes
HIGHNY-23MAR14-B36.5,HIGHNY-23MAR14,Climate and Weather,no,4,4,0,95.0,380,0,20,0.05263157894736842,1678795698,1678900260,104562,no
HIGHNY-23MAR15-B43.5,HIGHNY-23MAR15,Climate and Weather,no,58,58,0,97.0,5626,0,174,0.030927835051546393,1678921765,1678988940,67175,no
HIGHNY-23MAR15-B45.5,HIGHNY-23MAR15,Climate and Weather,yes,2,2,0,97.0,194,0,6,0.030927835051546393,1678920225,1678988940,68715,yes
HIGHNY-23MAR17-T60,HIGHNY-23MAR17,Climate and Weather,no,19,19,0,95.0,1805,0,95,0.05263157894736842,1679091425,1679158981,67556,no
HIGHNY-23MAR18-B53.5,HIGHNY-23MAR18,Climate and Weather,no,2,2,0,98.0,196,0,4,0.02040816326530612,1679147662,1679246220,98558,no
HIGHNY-23MAR19-B40.5,HIGHNY-23MAR19,Climate and Weather,yes,77,77,0,96.0,7392,0,308,0.041666666666666664,1679261086,1679361181,100095,yes
HIGHNY-23MAR19-B42.5,HIGHNY-23MAR19,Climate and Weather,no,65,65,0,96.0,6240,0,260,0.041666666666666664,1679261065,1679361181,100116,no
HIGHNY-23MAR19-B46.5,HIGHNY-23MAR19,Climate and Weather,no,12,12,0,98.0,1176,0,24,0.02040816326530612,1679253849,1679361181,107332,no
HIGHNY-23MAR19-T47,HIGHNY-23MAR19,Climate and Weather,no,5,5,0,98.0,490,0,10,0.02040816326530612,1679253823,1679361181,107358,no
HIGHNY-23MAR20-B50.5,HIGHNY-23MAR20,Climate and Weather,yes,15,15,0,93.0,1395,0,105,0.07526881720430108,1679361454,1679418240,56786,yes
HIGHNY-23MAR23-B57.5,HIGHNY-23MAR23,Climate and Weather,no,250,250,0,94.0,23500,0,1500,0.06382978723404255,1679590276,1679683861,93585,no
HIGHNY-23MAR24-B54.5,HIGHNY-23MAR24,Climate and Weather,no,515,515,0,97.0,49955,0,-49955,-1.0,1679669588,1679805841,136253,yes
HIGHNY-23MAR25-B50.5,HIGHNY-23MAR25,Climate and Weather,no,7,7,0,94.0,658,0,42,0.06382978723404255,1679789840,1679850060,60220,no
HIGHNY-23MAR25-T51,HIGHNY-23MAR25,Climate and Weather,no,5,5,0,92.0,460,0,40,0.08695652173913043,1679768077,1679850060,81983,no
HIGHNY-23MAR28-B46.5,HIGHNY-23MAR28,Climate and Weather,no,78,78,0,97.0,7566,0,234,0.030927835051546393,1680008891,1680110281,101390,no
HIGHNY-23MAR28-T53,HIGHNY-23MAR28,Climate and Weather,no,2,2,0,90.0,180,0,20,0.1111111111111111,1680005143,1680110281,105138,no
HIGHNY-23MAR30-B43.5,HIGHNY-23MAR30,Climate and Weather,no,2,2,0,97.0,194,0,6,0.030927835051546393,1680181822,1680282240,100418,no
HIGHNY-23MAR30-T50,HIGHNY-23MAR30,Climate and Weather,no,23,23,0,97.0,2231,0,69,0.030927835051546393,1680201543,1680282240,80697,no
HIGHNY-23MAR31-B56.5,HIGHNY-23MAR31,Climate and Weather,no,127,127,0,98.0,12446,0,-12446,-1.0,1680313158,1680368521,55363,yes
HIGHNY-23MAY02-B57.5,HIGHNY-23MAY02,Climate and Weather,no,290,290,0,97.0,28130,0,870,0.030927835051546393,1683058634,1683133921,75287,no
HIGHNY-23MAY02-T53,HIGHNY-23MAY02,Climate and Weather,no,250,250,0,98.0,24500,0,500,0.02040816326530612,1683029176,1683133921,104745,no
HIGHNY-23MAY04-B59.5,HIGHNY-23MAY04,Climate and Weather,no,37,37,0,94.0,3478,0,222,0.06382978723404255,1683208610,1683306240,97630,no
HIGHNY-23MAY04-T55,HIGHNY-23MAY04,Climate and Weather,no,31,31,0,95.0,2945,0,155,0.05263157894736842,1683214493,1683306240,91747,no
HIGHNY-23MAY05-T64,HIGHNY-23MAY05,Climate and Weather,no,100,100,0,95.0,9500,0,-9500,-1.0,1683305746,1683417721,111975,yes
HIGHNY-23MAY06-B70.5,HIGHNY-23MAY06,Climate and Weather,no,11,11,0,91.0,1001,0,99,0.0989010989010989,1683394299,1683481681,87382,no
HIGHNY-23MAY07-B74.5,HIGHNY-23MAY07,Climate and Weather,no,15,15,0,92.0,1380,0,120,0.08695652173913043,1683475212,1683561720,86508,no
HIGHNY-23MAY11-B78.5,HIGHNY-23MAY11,Climate and Weather,no,5,5,0,93.0,465,0,35,0.07526881720430108,1683822283,1683907981,85698,no
HIGHNY-23MAY11-B80.5,HIGHNY-23MAY11,Climate and Weather,yes,6,6,0,92.0,552,0,48,0.08695652173913043,1683840863,1683907981,67118,yes
HIGHNY-23MAY12-B84.5,HIGHNY-23MAY12,Climate and Weather,no,15,15,0,98.0,1470,0,30,0.02040816326530612,1683914882,1684001941,87059,no
HIGHNY-23MAY13-B83.5,HIGHNY-23MAY13,Climate and Weather,no,23,23,0,90.0,2070,0,230,0.1111111111111111,1683985076,1684082041,96965,no
HIGHNY-23MAY13-B85.5,HIGHNY-23MAY13,Climate and Weather,no,34,34,0,95.0,3230,0,170,0.05263157894736842,1683982767,1684082041,99274,no
HIGHNY-23MAY16-B77.5,HIGHNY-23MAY16,Climate and Weather,no,247,247,0,97.0,23959,0,741,0.030927835051546393,1684259601,1684339381,79780,no
HIGHNY-23MAY16-B79.5,HIGHNY-23MAY16,Climate and Weather,no,9,9,0,91.0,819,0,-819,-1.0,1684247506,1684339381,91875,yes
HIGHNY-23MAY17-B63.5,HIGHNY-23MAY17,Climate and Weather,no,8,8,0,98.0,784,0,16,0.02040816326530612,1684334077,1684422240,88163,no
HIGHNY-23MAY18-T60,HIGHNY-23MAY18,Climate and Weather,no,8,8,0,91.0,728,0,72,0.0989010989010989,1684425185,1684515660,90475,no
HIGHNY-23MAY19-T71,HIGHNY-23MAY19,Climate and Weather,no,122,122,0,97.0,11834,0,366,0.030927835051546393,1684514242,1684602721,88479,no
HIGHNY0-21AUG01-T75,HIGHNY0-21AUG01,World,yes,62,62,0,90.0,5580,0,620,0.1111111111111111,1627830639,1627963260,132621,yes
HIGHNY0-21AUG02-T80,HIGHNY0-21AUG02,World,no,45,45,0,97.0,4365,0,135,0.030927835051546393,1627936500,1628049660,113160,no
HIGHNY0-21AUG03-T78,HIGHNY0-21AUG03,World,no,203,203,0,90.0,18270,0,-18270,-1.0,1628014153,1628136060,121907,yes
HIGHNY0-21JUL17-T90,HIGHNY0-21JUL1,World,yes,179,179,0,94.0,16826,0,1074,0.06382978723404255,1626548574,1626667260,118686,yes
HIGHNY0-21JUL31-T76,HIGHNY0-21JUL31,World,no,101,101,0,98.0,9898,0,202,0.02040816326530612,1627775728,1627876860,101132,no
INFRALW-21NOV08,INFRALW,Politics,no,2,2,0,98.0,196,0,4,0.02040816326530612,1636464511,1636642800,178289,no
OIL-22AUG15-N90,OIL-22AUG15,Economics,no,17,17,0,95.0,1615,0,85,0.05263157894736842,1660750506,1660842420,91914,no
OIL-22JUL11-N100,OIL-22JUL11,Economics,no,252,252,0,95.0,23940,0,1260,0.05263157894736842,1657745532,1657818180,72648,no
PROLLS-23APR-T0,PROLLS-23APR,Economics,yes,61,61,0,98.0,5978,3,119,0.01990632318501171,1683226594,1683306241,79647,yes
RAINNY-21AUG22-T2.1,RAINNY-21AUG22,World,yes,361,361,0,91.0,32851,0,-32851,-1.0,1629663556,1629817260,153704,no
RAINNY-21SEP01-T0,RAINNY-21SEP01,World,yes,12,12,0,98.0,1176,0,24,0.02040816326530612,1630545344,1630681260,135916,yes
U3-23FEB-T3.7,U3-23FEB,Economics,no,1,1,0,98.0,98,1,1,0.01020408163265306,1678454585,1678474501,19916,no
