ticker,event_ticker,category,side,contracts,maker_contracts,taker_contracts,avg_entry_price_cents,basis_cents,fees_cents,net_pnl_cents,return,entry_ts,exit_ts,holding_s,result,settle_ts,flb_train_ticker,subwindow
HIGHMIA-24SEP08-B90.5,HIGHMIA-24SEP08,Climate and Weather,yes,11,11,0,97.0,1067,0,33,0.030927835051546393,1725837354,1725886920,49566,yes,1725886920,False,CLEAN
HIGHNY-24SEP13-B82.5,HIGHNY-24SEP13,Climate and Weather,yes,7,7,0,97.0,679,0,21,0.030927835051546393,1726272152,1726319280,47128,yes,1726319280,False,CLEAN
FEDDECISION-24SEP-H0,FEDDECISION-24SEP,Economics,no,487,487,0,98.0,47726,17,957,0.02005196329044965,1726669412,1726690920,21508,no,1726690920,False,CLEAN
HIGHMIA-24OCT02-B92.5,HIGHMIA-24OCT02,Climate and Weather,yes,12,12,0,98.0,1176,0,24,0.02040816326530612,1727925772,1727962320,36548,yes,1727962320,False,CLEAN
HIGHMIA-24OCT18-B81.5,HIGHMIA-24OCT18,Climate and Weather,no,15,15,0,95.0,1425,0,75,0.05263157894736842,1729289262,1729346940,57678,no,1729346940,False,CLEAN
HIGHCHI-24OCT22-T76,HIGHCHI-24OCT22,Climate and Weather,no,4,4,0,95.0,380,0,20,0.05263157894736842,1729634600,1729688640,54040,no,1729688640,False,CLEAN
HIGHNY-24OCT23-B75.5,HIGHNY-24OCT23,Climate and Weather,yes,249,249,0,98.0,24402,0,498,0.02040816326530612,1729726108,1729782420,56312,yes,1729782420,False,CLEAN
HIGHNY-24OCT23-B77.5,HIGHNY-24OCT23,Climate and Weather,no,30,30,0,98.0,2940,0,60,0.02040816326530612,1729728089,1729782420,54331,no,1729782420,False,CLEAN
KXHIGHCHI-24OCT28-B70.5,KXHIGHCHI-24OCT28,Climate and Weather,no,295,295,0,97.0,28615,0,885,0.030927835051546393,1730157286,1730203247,45961,no,1730203247,False,CLEAN
KXHIGHCHI-24OCT28-T71,KXHIGHCHI-24OCT28,Climate and Weather,no,39,39,0,97.0,3783,0,117,0.030927835051546393,1730163965,1730203247,39282,no,1730203247,False,CLEAN
KXAAAGASW-24NOV04-US-3.130,KXAAAGASW-24NOV04-US,Economics,no,223,223,0,91.0,20293,0,2007,0.0989010989010989,1730685685,1730742911,57226,no,1730742911,False,CLEAN
KXINX-24NOV04-B5687,KXINX-24NOV04,Financials,no,6,6,0,91.0,546,0,54,0.0989010989010989,1730738343,1730768506,30163,no,1730768506,False,CLEAN
KXHIGHMIA-24NOV04-B82.5,KXHIGHMIA-24NOV04,Climate and Weather,no,352,352,0,96.0,33792,0,1408,0.041666666666666664,1730761811,1730811639,49828,no,1730811639,False,CLEAN
KXHIGHMIA-24NOV04-B86.5,KXHIGHMIA-24NOV04,Climate and Weather,no,7,7,0,96.0,672,0,28,0.041666666666666664,1730762240,1730811639,49399,no,1730811639,False,CLEAN
KXROGANKH-24-NOV05,KXROGANKH-24,Politics,no,515,515,0,97.0,49955,0,1545,0.030927835051546393,1730771597,1730819968,48371,no,1730819968,False,CLEAN
KXHIGHNY-24NOV10-B57.5,KXHIGHNY-24NOV10,Climate and Weather,yes,464,464,0,93.0,43152,0,3248,0.07526881720430108,1731290067,1731330029,39962,yes,1731330029,False,CLEAN
KXAAAGASW-24NOV18-US-3.083,KXAAAGASW-24NOV18-US,Economics,no,510,510,0,98.0,49980,0,1020,0.02040816326530612,1731892774,1731946981,54207,no,1731946981,False,CLEAN
KXHIGHCHI-24NOV18-B59.5,KXHIGHCHI-24NOV18,Climate and Weather,yes,531,531,0,94.0,49914,0,-49914,-1.0,1731983893,1732021239,37346,no,1732021239,False,CLEAN
KXHIGHCHI-24NOV21-T45,KXHIGHCHI-24NOV21,Climate and Weather,no,84,84,0,98.0,8232,0,168,0.02040816326530612,1732237200,1732280469,43269,no,1732280469,False,CLEAN
KXHIGHCHI-24NOV21-B40.5,KXHIGHCHI-24NOV21,Climate and Weather,yes,526,526,0,95.0,49970,0,2630,0.05263157894736842,1732244400,1732280469,36069,yes,1732280469,False,CLEAN
KXHIGHCHI-24NOV21-B42.5,KXHIGHCHI-24NOV21,Climate and Weather,no,531,531,0,94.0,49914,0,3186,0.06382978723404255,1732244400,1732280469,36069,no,1732280469,False,CLEAN
KXAAAGASW-24NOV25-US-3.071,KXAAAGASW-24NOV25-US,Economics,no,81,81,0,97.0,7857,0,243,0.030927835051546393,1732493502,1732550939,57437,no,1732550939,False,CLEAN
KXHIGHNY-24NOV25-B56.5,KXHIGHNY-24NOV25,Climate and Weather,no,515,515,0,97.0,49955,0,1545,0.030927835051546393,1732593600,1732626037,32437,no,1732626037,False,CLEAN
KXMICROS-25,KXMICROS-25,Politics,yes,164,164,0,94.0,15416,0,984,0.06382978723404255,1733151600,1733168109,16509,yes,1733168109,False,CLEAN
KXHIGHNY-24DEC04-B43.5,KXHIGHNY-24DEC04,Climate and Weather,no,510,510,0,98.0,49980,0,1020,0.02040816326530612,1733356800,1733408390,51590,no,1733408390,False,CLEAN
KXHIGHNY-24DEC10-B54.5,KXHIGHNY-24DEC10,Climate and Weather,no,311,311,0,95.0,29545,0,1555,0.05263157894736842,1733875200,1733922070,46870,no,1733922070,False,CLEAN
KXHIGHAUS-24DEC13-B65.5,KXHIGHAUS-24DEC13,Climate and Weather,yes,27,27,0,98.0,2646,0,-2646,-1.0,1734148800,1734181266,32466,no,1734181266,False,CLEAN
KXHIGHNY-24DEC15-T42,KXHIGHNY-24DEC15,Climate and Weather,no,464,464,0,93.0,43152,0,3248,0.07526881720430108,1734310800,1734354034,43234,no,1734354034,False,CLEAN
KXTSAW-24DEC15-A2.35,KXTSAW-24DEC15,Economics,yes,6,6,0,92.0,552,0,48,0.08695652173913043,1734325101,1734361335,36234,yes,1734361335,False,CLEAN
KXGERMANYCONFIDENCE-26-JAN1,KXGERMANYCONFIDENCE-26,Politics,yes,432,432,0,97.0,41904,0,1296,0.030927835051546393,1734375600,1734378993,3393,yes,1734378993,False,CLEAN
KXHIGHNY-24DEC16-T52,KXHIGHNY-24DEC16,Climate and Weather,no,361,361,0,91.0,32851,0,3249,0.0989010989010989,1734393600,1734440505,46905,no,1734440505,False,CLEAN
KXHIGHCHI-24DEC19-B37.5,KXHIGHCHI-24DEC19,Climate and Weather,no,223,223,0,98.0,21854,0,446,0.02040816326530612,1734652800,1734699641,46841,no,1734699641,False,CLEAN
KXAAAGASW-24DEC23-US-3.024,KXAAAGASW-24DEC23-US,Economics,yes,24,24,0,97.0,2328,0,72,0.030927835051546393,1734912727,1734967430,54703,yes,1734967430,False,CLEAN
KXTSAW-24DEC22-A2.60,KXTSAW-24DEC22,Economics,no,41,41,0,97.0,3977,0,123,0.030927835051546393,1734919200,1734966126,46926,no,1734966126,False,CLEAN
KXHIGHCHI-24DEC23-T43,KXHIGHCHI-24DEC23,Climate and Weather,no,526,526,0,95.0,49970,0,2630,0.05263157894736842,1734998400,1735045235,46835,no,1735045235,False,CLEAN
KXHIGHPHIL-24DEC23-B29.5,KXHIGHPHIL-24DEC23,Climate and Weather,yes,229,229,0,94.0,21526,0,1374,0.06382978723404255,1735002000,1735041979,39979,yes,1735041979,False,CLEAN
KXHIGHNY-24DEC23-B28.5,KXHIGHNY-24DEC23,Climate and Weather,yes,326,326,0,92.0,29992,0,-29992,-1.0,1735003587,1735045225,41638,no,1735045225,False,CLEAN
KXHIGHNY-24DEC23-B32.5,KXHIGHNY-24DEC23,Climate and Weather,no,510,510,0,98.0,49980,0,1020,0.02040816326530612,1735012800,1735045225,32425,no,1735045225,False,CLEAN
KXHIGHCHI-24DEC25-B41.5,KXHIGHCHI-24DEC25,Climate and Weather,no,32,32,0,92.0,2944,0,256,0.08695652173913043,1735178400,1735218072,39672,no,1735218072,False,CLEAN
KXHIGHCHI-24DEC25-B39.5,KXHIGHCHI-24DEC25,Climate and Weather,yes,110,110,0,90.0,9900,0,1100,0.1111111111111111,1735182000,1735218072,36072,yes,1735218072,False,CLEAN
KXHIGHNY-24DEC27-B41.5,KXHIGHNY-24DEC27,Climate and Weather,yes,240,240,0,94.0,22560,0,-22560,-1.0,1735349243,1735390854,41611,no,1735390854,False,CLEAN
KXHIGHPHIL-24DEC28-T54,KXHIGHPHIL-24DEC28,Climate and Weather,no,510,510,0,98.0,49980,0,1020,0.02040816326530612,1735430400,1735473954,43554,no,1735473954,False,CLEAN
KXHIGHNY-24DEC29-B57.5,KXHIGHNY-24DEC29,Climate and Weather,no,237,237,0,98.0,23226,0,474,0.02040816326530612,1735527600,1735563636,36036,no,1735563636,False,CLEAN
KXTSAW-24DEC29-A2.50,KXTSAW-24DEC29,Economics,yes,1,1,0,98.0,98,0,2,0.02040816326530612,1735531729,1735570952,39223,yes,1735570952,False,CLEAN
KXHIGHCHI-24DEC30-B44.5,KXHIGHCHI-24DEC30,Climate and Weather,no,515,515,0,97.0,49955,0,1545,0.030927835051546393,1735614000,1735650027,36027,no,1735650027,False,CLEAN
KXSPEAKERVOTE-25-4,KXSPEAKERVOTE-25,Politics,no,11,11,0,91.0,1001,0,99,0.0989010989010989,1735930800,1735939664,8864,no,1735939664,False,CLEAN
KXCAPMLEAVE-24-25APR01,KXCAPMLEAVE-24,Politics,yes,520,520,0,96.0,49920,0,2080,0.041666666666666664,1736179345,1736182541,3196,yes,1736182541,False,CLEAN
POPVOTEKHNM-2024-D-T6,POPVOTEKHNM-2024,Politics,no,13,13,0,97.0,1261,0,39,0.030927835051546393,1736189199,1736194601,5402,no,1736194601,False,CLEAN
KXHIGHPHIL-25JAN06-B32.5,KXHIGHPHIL-25JAN06,Climate and Weather,no,22,22,0,93.0,2046,0,154,0.07526881720430108,1736208000,1736251792,43792,no,1736251792,False,CLEAN
KXHIGHPHIL-25JAN06-B30.5,KXHIGHPHIL-25JAN06,Climate and Weather,yes,246,246,0,92.0,22632,0,1968,0.08695652173913043,1736218800,1736251792,32992,yes,1736251792,False,CLEAN
KXHIGHPHIL-25JAN11-B33.5,KXHIGHPHIL-25JAN11,Climate and Weather,yes,262,262,0,98.0,25676,0,524,0.02040816326530612,1736640000,1736683756,43756,yes,1736683756,False,CLEAN
KXTSAW-25JAN12-A2.15,KXTSAW-25JAN12,Economics,no,41,41,0,96.0,3936,0,164,0.041666666666666664,1736737160,1736780507,43347,no,1736780507,False,CLEAN
KXMARALAGO-26-RD,KXMARALAGO-26,Politics,yes,213,213,0,90.0,19170,0,2130,0.1111111111111111,1736895600,1736898715,3115,yes,1736898715,False,CLEAN
KXHIGHNY-25JAN16-B30.5,KXHIGHNY-25JAN16,Climate and Weather,yes,124,124,0,94.0,11656,0,744,0.06382978723404255,1737072000,1737126233,54233,yes,1737126233,False,CLEAN
TIKTOKBAN-25APR30,TIKTOKBAN-25APR30,Companies,yes,531,531,0,94.0,49914,0,3186,0.06382978723404255,1737254991,1737269365,14374,yes,1737269365,False,CLEAN
KXINAUG-25-MZ,KXINAUG-25,Politics,yes,13,13,0,96.0,1248,0,52,0.041666666666666664,1737381844,1737393237,11393,yes,1737393237,False,CLEAN
KXINAUG-25-HRC,KXINAUG-25,Politics,yes,526,526,0,95.0,49970,0,2630,0.05263157894736842,1737383892,1737393064,9172,yes,1737393064,False,CLEAN
KXINAUG-25-BC,KXINAUG-25,Politics,yes,22,22,0,97.0,2134,0,66,0.030927835051546393,1737383966,1737393032,9066,yes,1737393032,False,CLEAN
KXINAUG-25-JB,KXINAUG-25,Politics,yes,411,411,0,98.0,40278,0,822,0.02040816326530612,1737385895,1737392957,7062,yes,1737392957,False,CLEAN
CABINETRFK-25-FEB01,CABINETRFK-25,Politics,yes,97,97,0,96.0,9312,0,388,0.041666666666666664,1737388628,1737393091,4463,yes,1737393091,False,CLEAN
KXINAUG-25-JM,KXINAUG-25,Politics,yes,26,26,0,96.0,2496,0,104,0.041666666666666664,1737388800,1737394713,5913,yes,1737394713,False,CLEAN
KXINAUG-25-BO,KXINAUG-25,Politics,yes,63,63,0,98.0,6174,0,126,0.02040816326530612,1737388861,1737393014,4153,yes,1737393014,False,CLEAN
KXINAUG-25-KH,KXINAUG-25,Politics,yes,258,258,0,98.0,25284,0,516,0.02040816326530612,1737389707,1737393006,3299,yes,1737393006,False,CLEAN
KXINAUG-25-GWB,KXINAUG-25,Politics,yes,1,1,0,98.0,98,0,2,0.02040816326530612,1737390154,1737393073,2919,yes,1737393073,False,CLEAN
KXBIDENPARDON-25JAN21B-JB,KXBIDENPARDON-25JAN21B,Politics,no,531,531,0,94.0,49914,0,-49914,-1.0,1737391193,1737395655,4462,yes,1737395655,False,CLEAN
KXINAUG-25-RG,KXINAUG-25,Politics,yes,297,297,0,98.0,29106,0,594,0.02040816326530612,1737391396,1737393435,2039,yes,1737393435,False,CLEAN
KXINAUG-25-GM,KXINAUG-25,Politics,yes,14,14,0,98.0,1372,0,28,0.02040816326530612,1737392905,1737395298,2393,yes,1737395298,False,CLEAN
KXHIGHAUS-25JAN20-T35,KXHIGHAUS-25JAN20,Climate and Weather,yes,29,29,0,91.0,2639,0,261,0.0989010989010989,1737432000,1737464439,32439,yes,1737464439,False,CLEAN
KXHIGHDEN-25JAN21-T44,KXHIGHDEN-25JAN21,Climate and Weather,no,250,250,0,98.0,24500,0,500,0.02040816326530612,1737511200,1737547926,36726,no,1737547926,False,CLEAN
KXVOTEHEGSETH-26-JF,KXVOTEHEGSETH-26,Politics,no,531,531,0,94.0,49914,0,3186,0.06382978723404255,1737766032,1737785605,19573,no,1737785605,False,CLEAN
KXHEGSETHCOUNT-25-T50,KXHEGSETHCOUNT-25,Politics,no,406,406,0,92.0,37352,0,3248,0.08695652173913043,1737767391,1737783825,16434,no,1737783825,False,CLEAN
KXSECDEF-26DEC31-PH,KXSECDEF-26DEC31,Politics,yes,406,406,0,92.0,37352,0,3248,0.08695652173913043,1737768284,1737787146,18862,yes,1737787146,False,CLEAN
KXHIGHCHI-25JAN24-T24,KXHIGHCHI-25JAN24,Climate and Weather,no,464,464,0,93.0,43152,0,3248,0.07526881720430108,1737770400,1737810039,39639,no,1737810039,False,CLEAN
KXHEGSETHCOUNT-25-B51,KXHEGSETHCOUNT-25,Politics,yes,249,249,0,91.0,22659,0,2241,0.0989010989010989,1737770412,1737783825,13413,yes,1737783825,False,CLEAN
KXSECDEF-26DEC31-RD,KXSECDEF-26DEC31,Politics,no,18,18,0,97.0,1746,0,54,0.030927835051546393,1737770726,1737787146,16420,no,1737787146,False,CLEAN
KXHIGHMIA-25JAN24-B60.5,KXHIGHMIA-25JAN24,Climate and Weather,no,15,15,0,95.0,1425,0,75,0.05263157894736842,1737777600,1737810254,32654,no,1737810254,False,CLEAN
KXABORTION-25-MAY01,KXABORTION-25,Politics,yes,11,11,0,98.0,1078,0,22,0.02040816326530612,1737819208,1737828126,8918,yes,1737828126,False,CLEAN
KXHIGHHOU-25JAN27-B56.5,KXHIGHHOU-25JAN27,Climate and Weather,no,436,436,0,98.0,42728,0,872,0.02040816326530612,1738033200,1738066182,32982,no,1738066182,False,CLEAN
KXHIGHHOU-25JAN27-B58.5,KXHIGHHOU-25JAN27,Climate and Weather,no,185,185,0,96.0,17760,0,740,0.041666666666666664,1738033200,1738066182,32982,no,1738066182,False,CLEAN
KXHIGHHOU-25JAN28-B59.5,KXHIGHHOU-25JAN28,Climate and Weather,no,430,430,0,96.0,41280,0,1720,0.041666666666666664,1738119600,1738152355,32755,no,1738152355,False,CLEAN
KXFEDDECISION-25JAN-C25,KXFEDDECISION-25JAN,Economics,no,505,505,0,98.0,49490,18,992,0.02004445342493433,1738166098,1738181587,15489,no,1738181587,False,CLEAN
KXHIGHAUS-25JAN29-T72,KXHIGHAUS-25JAN29,Climate and Weather,no,171,171,0,93.0,15903,0,1197,0.07526881720430108,1738213200,1738242289,29089,no,1738242289,False,CLEAN
KXHIGHNY-25JAN30-T39,KXHIGHNY-25JAN30,Climate and Weather,no,362,362,0,96.0,34752,0,1448,0.041666666666666664,1738285200,1738328460,43260,no,1738328460,False,CLEAN
KXLAGODAYS-JAN25-0,KXLAGODAYS-JAN25,Politics,no,66,66,0,98.0,6468,0,132,0.02040816326530612,1738418694,1738423815,5121,no,1738423815,False,CLEAN
KXHIGHCHI-25FEB01-B35.5,KXHIGHCHI-25FEB01,Climate and Weather,yes,397,397,0,98.0,38906,0,794,0.02040816326530612,1738454400,1738501253,46853,yes,1738501253,False,CLEAN
KXHIGHCHI-25FEB01-B37.5,KXHIGHCHI-25FEB01,Climate and Weather,no,60,60,0,97.0,5820,0,180,0.030927835051546393,1738454400,1738501253,46853,no,1738501253,False,CLEAN
KXHIGHNY-25FEB02-T31,KXHIGHNY-25FEB02,Climate and Weather,no,464,464,0,93.0,43152,0,3248,0.07526881720430108,1738544400,1738596910,52510,no,1738596910,False,CLEAN
KXTSAW-25FEB02-A1.95,KXTSAW-25FEB02,Economics,yes,26,26,0,91.0,2366,0,234,0.0989010989010989,1738555200,1738625460,70260,yes,1738625460,False,CLEAN
KXHIGHNY-25FEB03-T49,KXHIGHNY-25FEB03,Climate and Weather,no,235,235,0,95.0,22325,0,1175,0.05263157894736842,1738627200,1738674129,46929,no,1738674129,False,CLEAN
KXHIGHAUS-25FEB10-T55,KXHIGHAUS-25FEB10,Climate and Weather,yes,211,211,0,98.0,20678,0,422,0.02040816326530612,1739242800,1739290873,48073,yes,1739290873,False,CLEAN
KXHIGHNY-25FEB12-T37,KXHIGHNY-25FEB12,Climate and Weather,no,476,476,0,95.0,45220,0,2380,0.05263157894736842,1739404800,1739465623,60823,no,1739465623,False,CLEAN
KXHIGHLAX-25FEB12-B58.5,KXHIGHLAX-25FEB12,Climate and Weather,no,91,91,0,98.0,8918,0,182,0.02040816326530612,1739419200,1739463230,44030,no,1739463230,False,CLEAN
KXALLVOTERFKJR-25,KXALLVOTERFKJR-25,Politics,no,81,81,0,92.0,7452,0,648,0.08695652173913043,1739455712,1739470589,14877,no,1739470589,False,CLEAN
KXVOTERFK-26-MM,KXVOTERFK-26,Politics,no,361,361,0,91.0,32851,0,3249,0.0989010989010989,1739456510,1739470616,14106,no,1739470616,False,CLEAN
KXRFKCOUNT-25-B52,KXRFKCOUNT-25,Politics,yes,325,325,0,90.0,29250,0,3250,0.1111111111111111,1739458613,1739469062,10449,yes,1739469062,False,CLEAN
KXRFKCOUNT-25-B53,KXRFKCOUNT-25,Politics,no,30,30,0,93.0,2790,0,210,0.07526881720430108,1739459702,1739469062,9360,no,1739469062,False,CLEAN
KXRFKCOUNT-25-B51,KXRFKCOUNT-25,Politics,no,361,361,0,91.0,32851,0,3249,0.0989010989010989,1739461469,1739469062,7593,no,1739469062,False,CLEAN
KXHIGHNY-25FEB13-B45.5,KXHIGHNY-25FEB13,Climate and Weather,yes,520,520,0,96.0,49920,0,2080,0.041666666666666664,1739491200,1739546409,55209,yes,1739546409,False,CLEAN
KXHIGHPHIL-25FEB15-B39.5,KXHIGHPHIL-25FEB15,Climate and Weather,yes,14,14,0,90.0,1260,0,140,0.1111111111111111,1739671200,1739721878,50678,yes,1739721878,False,CLEAN
KXHIGHNY-25FEB15-B35.5,KXHIGHNY-25FEB15,Climate and Weather,yes,461,461,0,97.0,44717,0,1383,0.030927835051546393,1739678400,1739725202,46802,yes,1739725202,False,CLEAN
KXHIGHNY-25FEB18-B27.5,KXHIGHNY-25FEB18,Climate and Weather,yes,183,183,0,98.0,17934,0,366,0.02040816326530612,1739923200,1739978768,55568,yes,1739978768,False,CLEAN
KXPATELCOUNT-25-B50,KXPATELCOUNT-25,Politics,no,320,320,0,96.0,30720,0,1280,0.041666666666666664,1740063373,1740079917,16544,no,1740079917,False,CLEAN
KXVOTEPATEL-26-SC,KXVOTEPATEL-26,Politics,yes,239,239,0,92.0,21988,0,-21988,-1.0,1740064209,1740081617,17408,no,1740081617,False,CLEAN
KXVOTEPATEL-26-JF,KXVOTEPATEL-26,Politics,no,510,510,0,98.0,49980,0,1020,0.02040816326530612,1740064300,1740081666,17366,no,1740081666,False,CLEAN
KXVOTEDPATEL,KXVOTEDPATEL,Politics,no,515,515,0,97.0,49955,0,1545,0.030927835051546393,1740066854,1740081450,14596,no,1740081450,False,CLEAN
KXFBI-26DEC31-KP,KXFBI-26DEC31,Politics,yes,510,510,0,98.0,49980,0,1020,0.02040816326530612,1740072822,1740083144,10322,yes,1740083144,False,CLEAN
KXPATELCOUNT-25-B49,KXPATELCOUNT-25,Politics,no,520,520,0,96.0,49920,0,2080,0.041666666666666664,1740075331,1740079917,4586,no,1740079917,False,CLEAN
KXHIGHNY-25FEB28-B50.5,KXHIGHNY-25FEB28,Climate and Weather,yes,56,56,0,98.0,5488,0,112,0.02040816326530612,1740794400,1740853885,59485,yes,1740853885,False,CLEAN
KXHIGHNY-25MAR05-B56.5,KXHIGHNY-25MAR05,Climate and Weather,no,114,114,0,93.0,10602,0,798,0.07526881720430108,1741219200,1741266171,46971,no,1741266171,False,CLEAN
KXHIGHNY-25MAR05-B58.5,KXHIGHNY-25MAR05,Climate and Weather,no,80,80,0,96.0,7680,0,320,0.041666666666666664,1741219200,1741266171,46971,no,1741266171,False,CLEAN
KXHIGHMIA-25MAR09-B87.5,KXHIGHMIA-25MAR09,Climate and Weather,yes,6,6,0,98.0,588,0,12,0.02040816326530612,1741564800,1741608160,43360,yes,1741608160,False,CLEAN
KXTSAW-25MAR09-A2.35,KXTSAW-25MAR09,Economics,yes,91,91,0,96.0,8736,0,364,0.041666666666666664,1741568400,1741615293,46893,yes,1741615293,False,CLEAN
KXVOTECHAVEZDEREMER-26-LMUR,KXVOTECHAVEZDEREMER-26,Politics,yes,63,63,0,96.0,6048,0,252,0.041666666666666664,1741647600,1741663900,16300,yes,1741663900,False,CLEAN
KXHIGHAUS-25MAR11-T83,KXHIGHAUS-25MAR11,Climate and Weather,no,476,476,0,95.0,45220,0,2380,0.05263157894736842,1741737600,1741780907,43307,no,1741780907,False,CLEAN
KXGOVTFUNDSVOTES-25MAR17-55.0,KXGOVTFUNDSVOTES-25MAR17,Politics,no,526,526,0,95.0,49970,0,2630,0.05263157894736842,1741986000,1741994647,8647,no,1741994647,False,CLEAN
KXHIGHNY-25MAR21-B51.5,KXHIGHNY-25MAR21,Climate and Weather,yes,51,51,0,98.0,4998,0,102,0.02040816326530612,1742601600,1742656469,54869,yes,1742656469,False,CLEAN
KXHIGHAUS-25MAR24-B83.5,KXHIGHAUS-25MAR24,Climate and Weather,yes,137,137,0,96.0,13152,0,548,0.041666666666666664,1742860800,1742917110,56310,yes,1742917110,False,CLEAN
KXELONTWEETS-25MAR28-474.5,KXELONTWEETS-25MAR28,Politics,yes,10,10,0,90.0,900,0,100,0.1111111111111111,1743170400,1743193626,23226,yes,1743193626,False,CLEAN
KXELONTWEETS-25MAR28-524.5,KXELONTWEETS-25MAR28,Politics,no,66,66,0,94.0,6204,0,396,0.06382978723404255,1743170400,1743193626,23226,no,1743193626,False,CLEAN
KXHIGHMIA-25APR02-B84.5,KXHIGHMIA-25APR02,Climate and Weather,yes,106,106,0,97.0,10282,0,318,0.030927835051546393,1743634800,1743689566,54766,yes,1743689566,False,CLEAN
KXHIGHAUS-25APR02-B85.5,KXHIGHAUS-25APR02,Climate and Weather,yes,5,5,0,90.0,450,0,50,0.1111111111111111,1743638400,1743682572,44172,yes,1743682572,False,CLEAN
KXHIGHAUS-25APR03-B91.5,KXHIGHAUS-25APR03,Climate and Weather,yes,26,26,0,96.0,2496,0,104,0.041666666666666664,1743724800,1743768133,43333,yes,1743768133,False,CLEAN
KXHIGHNY-25APR03-B74.5,KXHIGHNY-25APR03,Climate and Weather,no,50,50,0,95.0,4750,0,250,0.05263157894736842,1743732000,1743778114,46114,no,1743778114,False,CLEAN
KXHIGHNY-25APR03-T75,KXHIGHNY-25APR03,Climate and Weather,no,75,75,0,98.0,7350,0,150,0.02040816326530612,1743732000,1743778114,46114,no,1743778114,False,CLEAN
KXHIGHPHIL-25APR08-B47.5,KXHIGHPHIL-25APR08,Climate and Weather,yes,33,33,0,98.0,3234,0,66,0.02040816326530612,1744153200,1744205754,52554,yes,1744205754,False,CLEAN
KXHIGHPHIL-25APR17-B64.5,KXHIGHPHIL-25APR17,Climate and Weather,no,74,74,0,93.0,6882,0,518,0.07526881720430108,1744930800,1744974368,43568,no,1744974368,False,CLEAN
KXAAAGASM-25APR30-3.20,KXAAAGASM-25APR30,Economics,no,142,142,0,97.0,13774,8,418,0.030347030637432843,1745975250,1746019920,44670,no,1746019920,False,CLEAN
KXHIGHNY-25MAY05-B60.5,KXHIGHNY-25MAY05,Climate and Weather,yes,193,193,0,90.0,17370,0,1930,0.1111111111111111,1746489600,1746539785,50185,yes,1746539785,False,CLEAN
KXFEDDECISION-25MAY-C25,KXFEDDECISION-25MAY,Economics,no,213,213,0,96.0,20448,15,837,0.0409330985915493,1746624132,1746641513,17381,no,1746641513,False,CLEAN
FED-25MAY-T4.25,FED-25MAY,Economics,yes,332,332,0,97.0,32204,17,979,0.03039995031673084,1746624305,1746641513,17208,yes,1746641513,False,CLEAN
KXFEDDECISION-25MAY-H0,KXFEDDECISION-25MAY,Economics,yes,213,213,0,96.0,20448,15,837,0.0409330985915493,1746624666,1746641513,16847,yes,1746641513,False,CLEAN
FED-25MAY-T4.50,FED-25MAY,Economics,no,270,270,0,98.0,26460,10,530,0.0200302343159486,1746639509,1746641513,2004,no,1746641513,False,CLEAN
KXNEXTPOPE-35-JMARC,KXNEXTPOPE-35,Elections,no,151,151,0,95.0,14345,0,755,0.05263157894736842,1746709504,1746727003,17499,no,1746727003,False,CLEAN
KXNEXTPOPE-35-DMAM,KXNEXTPOPE-35,Elections,no,47,47,0,98.0,4606,0,94,0.02040816326530612,1746709867,1746727003,17136,no,1746727003,False,CLEAN
KXNEXTPOPE-35-MZUP,KXNEXTPOPE-35,Elections,no,325,325,0,90.0,29250,0,3250,0.1111111111111111,1746710927,1746727003,16076,no,1746727003,False,CLEAN
KXNEXTPOPE-35-FAMB,KXNEXTPOPE-35,Elections,no,318,318,0,97.0,30846,0,954,0.030927835051546393,1746710978,1746727003,16025,no,1746727003,False,CLEAN
KXNEXTPOPE-35-PPIZ,KXNEXTPOPE-35,Elections,no,272,272,0,90.0,24480,0,2720,0.1111111111111111,1746711373,1746727003,15630,no,1746727003,False,CLEAN
KXNEXTPOPE-35-PTURK,KXNEXTPOPE-35,Elections,no,531,531,0,94.0,49914,0,3186,0.06382978723404255,1746712018,1746727003,14985,no,1746727003,False,CLEAN
KXNEXTPOPE-35-MGRE,KXNEXTPOPE-35,Elections,no,11,11,0,98.0,1078,0,22,0.02040816326530612,1746713167,1746727003,13836,no,1746727003,False,CLEAN
KXNEXTPOPE-35-PERD,KXNEXTPOPE-35,Elections,no,531,531,0,94.0,49914,0,3186,0.06382978723404255,1746714888,1746727003,12115,no,1746727003,False,CLEAN
KXNEXTPOPE-35-RPRE,KXNEXTPOPE-35,Elections,no,510,510,0,98.0,49980,0,-49980,-1.0,1746716731,1746727003,10272,yes,1746727003,False,CLEAN
KXNEWPOPEROUNDS-25-3.5,KXNEWPOPEROUNDS-25,World,no,325,325,0,90.0,29250,0,-29250,-1.0,1746720917,1746746273,25356,yes,1746746273,False,CLEAN
KXCPIYOY-25APR-T2.8,KXCPIYOY-25APR,Economics,no,62,62,0,98.0,6076,3,121,0.01991441737985517,1747137685,1747141085,3400,no,1747141085,False,CLEAN
KXEGGS-APR-0,KXEGGS-APR,Economics,no,23,23,0,95.0,2185,2,113,0.0517162471395881,1747138100,1747146492,8392,no,1747146492,False,CLEAN
KXCPIYOY-25APR-T2.7,KXCPIYOY-25APR,Economics,no,125,125,0,97.0,12125,7,368,0.030350515463917527,1747138780,1747141085,2305,no,1747141085,False,CLEAN
KXHIGHPHIL-25MAY17-B85.5,KXHIGHPHIL-25MAY17,Climate and Weather,yes,7,7,0,90.0,630,0,70,0.1111111111111111,1747526400,1747566374,39974,yes,1747566374,False,CLEAN
KXHIGHLAX-25MAY17-B61.5,KXHIGHLAX-25MAY17,Climate and Weather,yes,98,98,0,92.0,9016,0,-9016,-1.0,1747533600,1747579227,45627,no,1747579227,False,CLEAN
KXHIGHCHI-25MAY19-B61.5,KXHIGHCHI-25MAY19,Climate and Weather,no,22,22,0,97.0,2134,0,66,0.030927835051546393,1747713600,1747756513,42913,no,1747756513,False,CLEAN
KXHIGHNY-25MAY29-B72.5,KXHIGHNY-25MAY29,Climate and Weather,no,3,3,0,98.0,294,0,6,0.02040816326530612,1748559600,1748606480,46880,no,1748606480,False,CLEAN
KXHIGHCHI-25MAY29-B71.5,KXHIGHCHI-25MAY29,Climate and Weather,yes,369,369,0,94.0,34686,0,2214,0.06382978723404255,1748563200,1748606509,43309,yes,1748606509,False,CLEAN
KXMUSKDOGE-26-25JUN16,KXMUSKDOGE-26,Politics,yes,53,53,0,94.0,4982,0,318,0.06382978723404255,1748613866,1748633429,19563,yes,1748633429,False,CLEAN
KXMUSKDOGE-26-JAN01,KXMUSKDOGE-26,Politics,yes,39,39,0,96.0,3744,0,156,0.041666666666666664,1748627974,1748633444,5470,yes,1748633444,False,CLEAN
KXMUSKDOGE-26-JUL05,KXMUSKDOGE-26,Politics,yes,1,1,0,97.0,97,0,3,0.030927835051546393,1748628738,1748633444,4706,yes,1748633444,False,CLEAN
KXAAAGASM-25MAY31-3.15,KXAAAGASM-25MAY31,Economics,yes,75,75,0,92.0,6900,10,-6910,-1.0014492753623188,1748657586,1748705567,47981,no,1748705567,False,CLEAN
KXPAYROLLS-25MAY-T200000,KXPAYROLLS-25MAY,Economics,no,62,62,0,91.0,5642,9,549,0.09730591988656505,1749212190,1749217696,5506,no,1749217696,False,CLEAN
KXCPI-25MAY-T0.0,KXCPI-25MAY,Economics,yes,4,4,0,91.0,364,1,35,0.09615384615384616,1749643256,1749650536,7280,yes,1749650536,False,CLEAN
KXFEDDECISION-25JUN-C25,KXFEDDECISION-25JUN,Economics,no,332,332,0,97.0,32204,17,979,0.03039995031673084,1750253119,1750273615,20496,no,1750273615,False,CLEAN
KXFEDDECISION-25JUN-H0,KXFEDDECISION-25JUN,Economics,yes,332,332,0,97.0,32204,17,979,0.03039995031673084,1750253583,1750273615,20032,yes,1750273615,False,CLEAN
FED-25JUN-T4.25,FED-25JUN,Economics,yes,505,505,0,98.0,49490,18,992,0.02004445342493433,1750257332,1750269982,12650,yes,1750269982,False,CLEAN
KXHIGHAUS-25JUN27-B94.5,KXHIGHAUS-25JUN27,Climate and Weather,yes,307,307,0,90.0,27630,0,3070,0.1111111111111111,1751068800,1751128914,60114,yes,1751128914,False,CLEAN
KXAAAGASM-25JUN30-3.25,KXAAAGASM-25JUN30,Economics,no,165,165,0,98.0,16170,6,324,0.020037105751391466,1751240224,1751290494,50270,no,1751290494,False,CLEAN
KXAAAGASM-25JUN30-3.15,KXAAAGASM-25JUN30,Economics,yes,237,237,0,98.0,23226,9,465,0.02002066649444588,1751240621,1751290494,49873,yes,1751290494,False,CLEAN
KXAAAGASM-25JUN30-3.20,KXAAAGASM-25JUN30,Economics,no,505,505,0,98.0,49490,18,992,0.02004445342493433,1751255134,1751290494,35360,no,1751290494,False,CLEAN
KXHIGHDEN-25JUL04-B86.5,KXHIGHDEN-25JUL04,Climate and Weather,yes,406,406,0,92.0,37352,0,3248,0.08695652173913043,1751680800,1751726263,45463,yes,1751726263,False,CLEAN
KXUSADEALCOUNT-25JUL10-1,KXUSADEALCOUNT-25JUL10,Politics,yes,467,467,0,95.0,44365,0,2335,0.05263157894736842,1752084000,1752103331,19331,yes,1752103331,False,CLEAN
KXCPIYOY-25JUN-T2.4,KXCPIYOY-25JUN,Economics,yes,152,152,0,95.0,14440,13,747,0.05173130193905817,1752581070,1752587981,6911,yes,1752587981,False,CLEAN
KXCPIYOY-25JUN-T2.7,KXCPIYOY-25JUN,Economics,no,62,62,0,91.0,5642,9,549,0.09730591988656505,1752581915,1752587992,6077,no,1752587992,False,CLEAN
KXHIGHPHIL-25JUL17-T95,KXHIGHPHIL-25JUL17,Climate and Weather,no,33,33,0,97.0,3201,0,99,0.030927835051546393,1752793200,1752894252,101052,no,1752894252,False,CLEAN
KXGDP-25JUL30-T3.5,KXGDP-25JUL30,Economics,no,51,51,0,90.0,4590,9,501,0.10915032679738562,1753877053,1753882362,5309,no,1753882362,False,CLEAN
KXFOMCVOTE-DISSENT-25JUL30,KXFOMCVOTE-DISSENT-25JUL30,Politics,yes,29,29,0,95.0,2755,0,145,0.05263157894736842,1753880595,1753905518,24923,yes,1753905518,False,CLEAN
KXFEDDECISION-25JUL-H0,KXFEDDECISION-25JUL,Economics,yes,332,332,0,97.0,32204,17,979,0.03039995031673084,1753881675,1753902427,20752,yes,1753902427,False,CLEAN
KXFEDDECISION-25JUL-C25,KXFEDDECISION-25JUL,Economics,no,332,332,0,97.0,32204,17,979,0.03039995031673084,1753881871,1753902427,20556,no,1753902427,False,CLEAN
FED-25JUL-T4.25,FED-25JUL,Economics,yes,332,332,0,97.0,32204,17,979,0.03039995031673084,1753883739,1753898788,15049,yes,1753898788,False,CLEAN
KXUSADEALCOUNT-25AUG01-5,KXUSADEALCOUNT-25AUG01,Politics,yes,203,203,0,90.0,18270,0,2030,0.1111111111111111,1754013600,1754166457,152857,yes,1754166457,False,CLEAN
KXPAYROLLS-25JUL-T200000,KXPAYROLLS-25JUL,Economics,no,50,50,0,96.0,4800,4,196,0.04083333333333333,1754051098,1754052917,1819,no,1754052917,False,CLEAN
KXAAAGASW-25AUG04-3.143,KXAAAGASW-25AUG04,Economics,yes,12,12,0,95.0,1140,0,60,0.05263157894736842,1754276400,1754320272,43872,yes,1754320272,False,CLEAN
KXCPIYOY-25JUL-T3.0,KXCPIYOY-25JUL,Economics,no,10,10,0,96.0,960,1,39,0.040625,1754996923,1755004145,7222,no,1755004145,False,CLEAN
KXCPIYOY-25JUL-T2.5,KXCPIYOY-25JUL,Economics,yes,44,44,0,97.0,4268,3,129,0.030224929709465793,1754999805,1755004145,4340,yes,1755004145,False,CLEAN
KXCPI-25JUL-T0.4,KXCPI-25JUL,Economics,no,7,7,0,97.0,679,1,20,0.029455081001472753,1755000312,1755004189,3877,no,1755004189,False,CLEAN
KXCPI-25JUL-T0.1,KXCPI-25JUL,Economics,yes,1,1,0,91.0,91,1,8,0.08791208791208792,1755000347,1755004189,3842,yes,1755004189,False,CLEAN
KXTRUMPPUTIN-25-MRUB,KXTRUMPPUTIN-25,Politics,yes,79,79,0,97.0,7663,0,237,0.030927835051546393,1755273600,1755288549,14949,yes,1755288549,False,CLEAN
KXTRUMPPUTIN-25-STE,KXTRUMPPUTIN-25,Politics,yes,116,116,0,98.0,11368,0,232,0.02040816326530612,1755273600,1755288565,14965,yes,1755288565,False,CLEAN
KXDJTPUTINHANDSHAKE-25AUG16,KXDJTPUTINHANDSHAKE-25AUG16,Politics,yes,40,40,0,98.0,3920,0,80,0.02040816326530612,1755284400,1755287928,3528,yes,1755287928,False,CLEAN
KXAAAGASM-25AUG31-3.20,KXAAAGASM-25AUG31,Economics,no,43,43,0,97.0,4171,3,126,0.030208583073603454,1756592927,1756649550,56623,no,1756649550,False,CLEAN
KXTSAW-25AUG31-A2.40,KXTSAW-25AUG31,Economics,yes,3,3,0,95.0,285,0,15,0.05263157894736842,1756688400,1756863139,174739,yes,1756863139,False,CLEAN
KXPAYROLLS-25AUG-T150000,KXPAYROLLS-25AUG,Economics,no,75,75,0,94.0,7050,8,442,0.0626950354609929,1757073715,1757080203,6488,no,1757080203,False,CLEAN
KXPAYROLLS-25AUG-T200000,KXPAYROLLS-25AUG,Economics,no,3,3,0,97.0,291,1,8,0.027491408934707903,1757074063,1757080203,6140,no,1757080203,False,CLEAN
KXPAYROLLS-25AUG-T0,KXPAYROLLS-25AUG,Economics,yes,213,213,0,96.0,20448,15,837,0.0409330985915493,1757075052,1757080203,5151,yes,1757080203,False,CLEAN
KXHIGHNY-25SEP07-B71.5,KXHIGHNY-25SEP07,Climate and Weather,no,55,55,0,98.0,5390,0,110,0.02040816326530612,1757289600,1757349109,59509,no,1757349109,False,CLEAN
KXCPIYOY-25AUG-T2.7,KXCPIYOY-25AUG,Economics,yes,75,75,0,92.0,6900,10,590,0.08550724637681159,1757585645,1757598229,12584,yes,1757598229,False,CLEAN
KXCPIYOY-25AUG-T2.6,KXCPIYOY-25AUG,Economics,yes,181,181,0,97.0,17557,10,533,0.030358261662015152,1757587243,1757598229,10986,yes,1757598229,False,CLEAN
KXHIGHPHIL-25SEP11-B84.5,KXHIGHPHIL-25SEP11,Climate and Weather,no,42,42,0,94.0,3948,0,252,0.06382978723404255,1757631600,1757685238,53638,no,1757685238,False,CLEAN
KXRESTORELOCAL-25OCT,KXRESTORELOCAL-25OCT,Politics,yes,80,80,0,98.0,7840,0,160,0.02040816326530612,1757699158,1757705843,6685,yes,1757705843,False,CLEAN
KXEPSTEINLIST-26-MJAC,KXEPSTEINLIST-26,Politics,yes,321,321,0,93.0,29853,0,2247,0.07526881720430108,1758077290,1758081142,3852,yes,1758081142,False,CLEAN
KXFEDDECISION-25SEP-C26,KXFEDDECISION-25SEP,Economics,no,75,75,0,92.0,6900,10,590,0.08550724637681159,1758110415,1758135702,25287,no,1758135702,False,CLEAN
KXFEDDECISION-25SEP-H0,KXFEDDECISION-25SEP,Economics,no,332,332,0,97.0,32204,17,979,0.03039995031673084,1758110540,1758135702,25162,no,1758135702,False,CLEAN
KXFEDDECISION-25SEP-C25,KXFEDDECISION-25SEP,Economics,yes,62,62,0,91.0,5642,9,549,0.09730591988656505,1758111449,1758135702,24253,yes,1758135702,False,CLEAN
FED-25SEP-T4.00,FED-25SEP,Economics,yes,19,19,0,93.0,1767,3,130,0.07357102433503113,1758113802,1758132373,18571,yes,1758132373,False,CLEAN
FED-25SEP-T4.25,FED-25SEP,Economics,no,332,332,0,97.0,32204,17,979,0.03039995031673084,1758116699,1758132383,15684,no,1758132383,False,CLEAN
KXFOMCVOTE-DISSENT-25OCT31,KXFOMCVOTE-DISSENT-25OCT31,Politics,yes,325,325,0,90.0,29250,0,3250,0.1111111111111111,1758128759,1758240971,112212,yes,1758240971,False,CLEAN
KXHIGHNY-25SEP17-B72.5,KXHIGHNY-25SEP17,Climate and Weather,no,79,79,0,97.0,7663,0,237,0.030927835051546393,1758153600,1758208262,54662,no,1758208262,False,CLEAN
KXHIGHNY-25SEP25-B75.5,KXHIGHNY-25SEP25,Climate and Weather,yes,47,47,0,93.0,4371,0,-4371,-1.0,1758844800,1758901921,57121,no,1758901921,False,CLEAN
KXHIGHNY-25SEP25-B79.5,KXHIGHNY-25SEP25,Climate and Weather,no,526,526,0,95.0,49970,0,2630,0.05263157894736842,1758848400,1758901921,53521,no,1758901921,False,CLEAN
KXEOWEEK-25SEP27,KXEOWEEK-25SEP27,Politics,yes,29,29,0,96.0,2784,0,116,0.041666666666666664,1759063037,1759260741,197704,yes,1759260741,False,CLEAN
KXAAAGASM-25SEP30-3.15,KXAAAGASM-25SEP30,Economics,no,51,51,0,90.0,4590,9,501,0.10915032679738562,1759185930,1759240261,54331,no,1759240261,False,CLEAN
KXARRESTGRETA-25OCT01,KXARRESTGRETA-25OCT01,Politics,no,74,74,0,96.0,7104,0,296,0.041666666666666664,1759284000,1759328588,44588,no,1759328588,False,CLEAN
KXPAYROLLS-25SEP-T-100000,KXPAYROLLS-25SEP,Economics,yes,160,160,0,97.0,15520,9,471,0.030347938144329897,1759494404,1763650091,4155687,yes,1763650091,False,CLEAN
KXAAAGASW-25OCT06-3.135,KXAAAGASW-25OCT06,Economics,no,4,4,0,91.0,364,0,36,0.0989010989010989,1759701863,1759757879,56016,no,1759757879,False,CLEAN
KXNOBELPEACE-25-YN,KXNOBELPEACE-25,Politics,no,361,361,0,91.0,32851,0,3249,0.0989010989010989,1760084440,1760100118,15678,no,1760100118,False,CLEAN
KXNOBELPEACE-25-DOC,KXNOBELPEACE-25,Politics,no,45,45,0,95.0,4275,0,225,0.05263157894736842,1760086571,1760100119,13548,no,1760100119,False,CLEAN
KXTRUMPPARDON-26JAN01-GSAN,KXTRUMPPARDON-26JAN01,Politics,no,8,8,0,92.0,736,0,-736,-1.0,1760738674,1760747077,8403,yes,1760747077,False,CLEAN
KXEOWEEK-25OCT19,KXEOWEEK-25OCT19,Politics,yes,515,515,0,97.0,49955,0,1545,0.030927835051546393,1760879771,1760895599,15828,yes,1760895599,False,CLEAN
KXTRUMPMEET-25OCT-SHAN,KXTRUMPMEET-25OCT,Politics,yes,50,50,0,98.0,4900,0,100,0.02040816326530612,1760929200,1760938373,9173,yes,1760938373,False,CLEAN
KXARRESTJOHNBOLTON-26JAN,KXARRESTJOHNBOLTON-26JAN,Politics,yes,531,531,0,94.0,49914,0,3186,0.06382978723404255,1761063786,1761082947,19161,yes,1761082947,False,CLEAN
KXENDORSECUOMO-25NOV04-EADA,KXENDORSECUOMO-25NOV04,Elections,yes,510,510,0,98.0,49980,0,1020,0.02040816326530612,1761232203,1761249602,17399,yes,1761249602,False,CLEAN
KXTRUMPCALI-26,KXTRUMPCALI-26,Politics,yes,45,45,0,95.0,4275,0,225,0.05263157894736842,1761248517,1761263540,15023,yes,1761263540,False,CLEAN
KXENDORSEMAM-25NOV04-HJEFF,KXENDORSEMAM-25NOV04,Elections,yes,510,510,0,98.0,49980,0,1020,0.02040816326530612,1761323376,1761335566,12190,yes,1761335566,False,CLEAN
KXEOWEEK-25OCT25,KXEOWEEK-25OCT25,Politics,no,8,8,0,90.0,720,0,80,0.1111111111111111,1761447600,1762538654,1091054,no,1762538654,False,CLEAN
FED-25OCT-T3.75,FED-25OCT,Economics,yes,7,7,0,98.0,686,1,13,0.018950437317784258,1761740254,1761761597,21343,yes,1761761597,False,CLEAN
KXFEDDECISION-25OCT-C25,KXFEDDECISION-25OCT,Economics,yes,505,505,0,98.0,49490,18,992,0.02004445342493433,1761741094,1761761621,20527,yes,1761761621,False,CLEAN
FED-25OCT-T4.00,FED-25OCT,Economics,no,505,505,0,98.0,49490,18,992,0.02004445342493433,1761742840,1761761603,18763,no,1761761603,False,CLEAN
KXWLEADER-25-XJIN,KXWLEADER-25,Politics,yes,1,1,0,98.0,98,0,2,0.02040816326530612,1761776042,1761792367,16325,yes,1761792367,False,CLEAN
KXLOUVRETHIEVESCHARGE-26JAN01,KXLOUVRETHIEVESCHARGE-26JAN01,Politics,yes,25,25,0,98.0,2450,0,50,0.02040816326530612,1761782697,1761785111,2414,yes,1761785111,False,CLEAN
KXAAAGASM-25OCT31-3.05,KXAAAGASM-25OCT31,Economics,no,173,173,0,97.0,16781,9,510,0.030391514212502236,1761866607,1761915851,49244,no,1761915851,False,CLEAN
KXHIGHNY-25OCT30-T65,KXHIGHNY-25OCT30,Climate and Weather,no,7,7,0,98.0,686,0,14,0.02040816326530612,1761876000,1761924732,48732,no,1761924732,False,CLEAN
KXDIDDYPUBLIC-25NOV01,KXDIDDYPUBLIC-25NOV01,Politics,no,1,1,0,97.0,97,0,3,0.030927835051546393,1761958800,1762008202,49402,no,1762008202,False,CLEAN
KXCUOMODROPOUT-25-CSIL,KXCUOMODROPOUT-25,Elections,no,515,515,0,97.0,49955,0,1545,0.030927835051546393,1762214440,1762272748,58308,no,1762272748,False,CLEAN
KXSNAPDELAY-25,KXSNAPDELAY-25,Politics,yes,11,11,0,98.0,1078,0,22,0.02040816326530612,1762453354,1762459852,6498,yes,1762459852,False,CLEAN
KXBIDENNEBRASKA-25NOV08,KXBIDENNEBRASKA-25NOV08,Politics,yes,449,449,0,98.0,44002,0,898,0.02040816326530612,1762564446,1762581074,16628,yes,1762581074,False,CLEAN
KXTRUMPFOOTBALL-26JAN01,KXTRUMPFOOTBALL-26JAN01,Politics,yes,80,80,0,97.0,7760,0,240,0.030927835051546393,1762718805,1762734500,15695,yes,1762734500,False,CLEAN
KXHIGHMIA-25NOV11-B67.5,KXHIGHMIA-25NOV11,Climate and Weather,yes,83,83,0,93.0,7719,0,581,0.07526881720430108,1762905600,1762952471,46871,yes,1762952471,False,CLEAN
KXREPSWORNIN-25NOV15,KXREPSWORNIN,Elections,yes,11,11,0,98.0,1078,0,22,0.02040816326530612,1762964318,1762984106,19788,yes,1762984106,False,CLEAN
KXHOUSEGOVTFUND-26JAN01-215,KXHOUSEGOVTFUND-26JAN01,Politics,no,510,510,0,98.0,49980,0,1020,0.02040816326530612,1762988400,1763003566,15166,no,1763003566,False,CLEAN
KXVOTEFUNDING-25-NOV14,KXVOTEFUNDING-25,Politics,yes,258,258,0,97.0,25026,0,774,0.030927835051546393,1762988400,1763005117,16717,yes,1763005117,False,CLEAN
KXHOUSEGOVTFUND-26JAN01-213,KXHOUSEGOVTFUND-26JAN01,Politics,no,188,188,0,96.0,18048,0,752,0.041666666666666664,1762992000,1763003566,11566,no,1763003566,False,CLEAN
KXHOUSEGOVTFUND-26JAN01-217,KXHOUSEGOVTFUND-26JAN01,Politics,no,325,325,0,90.0,29250,0,3250,0.1111111111111111,1762992000,1763003566,11566,no,1763003566,False,CLEAN
KXHOUSEGOVTFUND-26JAN01-223,KXHOUSEGOVTFUND-26JAN01,Politics,no,406,406,0,92.0,37352,0,3248,0.08695652173913043,1762992000,1763003566,11566,no,1763003566,False,CLEAN
KXVOTESHUTDOWNH-26-TMAS,KXVOTESHUTDOWNH-26,Politics,no,39,39,0,98.0,3822,0,78,0.02040816326530612,1762992000,1763006581,14581,no,1763006581,False,CLEAN
KXHOUSEGOVTFUND-26JAN01-230,KXHOUSEGOVTFUND-26JAN01,Politics,no,509,509,0,98.0,49882,0,1018,0.02040816326530612,1762995600,1763003566,7966,no,1763003566,False,CLEAN
KXCLEANCR-26,KXCLEANCR-26,Politics,no,57,57,0,98.0,5586,0,114,0.02040816326530612,1762995639,1763006799,11160,no,1763006799,False,CLEAN
KXGOVSHUTLENGTH-26JAN01-44D,KXGOVSHUTLENGTH-26JAN01,Politics,no,510,510,0,98.0,49980,0,1020,0.02040816326530612,1763032917,1763048071,15154,no,1763048071,False,CLEAN
KXGOVSHUTLENGTH-26JAN01-49D,KXGOVSHUTLENGTH-26JAN01,Politics,no,279,279,0,98.0,27342,0,558,0.02040816326530612,1763033342,1763048071,14729,no,1763048071,False,CLEAN
KXEPSTEINLIST-26-JBID,KXEPSTEINLIST-26,Politics,yes,526,526,0,95.0,49970,0,2630,0.05263157894736842,1763075194,1763081756,6562,yes,1763081756,False,CLEAN
KXHIGHPHIL-25NOV15-B60.5,KXHIGHPHIL-25NOV15,Climate and Weather,no,29,29,0,98.0,2842,0,58,0.02040816326530612,1763254800,1763294779,39979,no,1763294779,False,CLEAN
KXEOWEEK-25NOV15,KXEOWEEK-25NOV15,Politics,yes,510,510,0,98.0,49980,0,1020,0.02040816326530612,1763256065,1763566356,310291,yes,1763566356,False,CLEAN
KXHOUSEEPSTEIN-26JAN01-345,KXHOUSEEPSTEIN-26JAN01,Politics,no,120,120,0,97.0,11640,0,360,0.030927835051546393,1763478493,1763496341,17848,no,1763496341,False,CLEAN
KXEPSTEINBILL-26JAN01,KXEPSTEINBILL-26JAN01,Politics,yes,510,510,0,98.0,49980,0,1020,0.02040816326530612,1763482246,1763497874,15628,yes,1763497874,False,CLEAN
KXHOUSEEPSTEIN-26JAN01-350,KXHOUSEEPSTEIN-26JAN01,Politics,yes,515,515,0,97.0,49955,0,1545,0.030927835051546393,1763484478,1763496341,11863,yes,1763496341,False,CLEAN
KXOTEEPSTEIN-26-LBOE,KXOTEEPSTEIN-26,Politics,yes,38,38,0,96.0,3648,0,152,0.041666666666666664,1763485200,1763503464,18264,yes,1763503464,False,CLEAN
KXHOUSEEPSTEIN-26JAN01-324,KXHOUSEEPSTEIN-26JAN01,Politics,no,510,510,0,98.0,49980,0,1020,0.02040816326530612,1763487744,1763496341,8597,no,1763496341,False,CLEAN
KXHOUSEEPSTEIN2-26JAN01-404,KXHOUSEEPSTEIN2-26JAN01,Politics,no,515,515,0,97.0,49955,0,1545,0.030927835051546393,1763496000,1763496305,305,no,1763496305,False,CLEAN
KXSENATEEPSTEIN-26JAN01-77,KXSENATEEPSTEIN-26JAN01,Politics,yes,204,204,0,95.0,19380,0,1020,0.05263157894736842,1763499796,1763506650,6854,yes,1763506650,False,CLEAN
KXTRUMPMEET-NOV25-XJIN,KXTRUMPMEET-NOV25,Politics,no,31,31,0,93.0,2883,0,-2883,-1.0,1763996400,1764007984,11584,yes,1764007984,False,CLEAN
KXHIGHPHIL-25NOV25-B57.5,KXHIGHPHIL-25NOV25,Climate and Weather,yes,91,91,0,94.0,8554,0,546,0.06382978723404255,1764129600,1764169615,40015,yes,1764169615,False,CLEAN
KXHIGHNY-25NOV26-B58.5,KXHIGHNY-25NOV26,Climate and Weather,yes,510,510,0,98.0,49980,0,1020,0.02040816326530612,1764205200,1764248497,43297,yes,1764248497,False,CLEAN
KXTRUMPMEET-NOV25-NMAD,KXTRUMPMEET-NOV25,Politics,no,22,22,0,91.0,2002,0,-2002,-1.0,1764355869,1764370326,14457,yes,1764370326,False,CLEAN
KXTRUMPPUTINTALK-25-VPUT,KXTRUMPPUTINTALK-25,Politics,no,24,24,0,98.0,2352,0,48,0.02040816326530612,1764545506,1764634542,89036,no,1764634542,False,CLEAN
KXTRUMPMEET-NOV25-VZEL,KXTRUMPMEET-NOV25,Politics,no,34,34,0,95.0,3230,0,170,0.05263157894736842,1764548090,1764636882,88792,no,1764636882,False,CLEAN
KXTRUMPMEET-NOV25-VPUT,KXTRUMPMEET-NOV25,Politics,no,27,27,0,97.0,2619,0,81,0.030927835051546393,1764554400,1764636844,82444,no,1764636844,False,CLEAN
KXPCTVOTEMAM-26-ZMAM-T50,KXPCTVOTEMAM-26,Elections,yes,2,2,0,98.0,196,0,4,0.02040816326530612,1764696761,1764710817,14056,yes,1764710817,False,CLEAN
KXMAMDANINYC-25NOV04,KXMAMDANINYC-25NOV04,Elections,no,11,11,0,98.0,1078,0,22,0.02040816326530612,1764702568,1764710729,8161,no,1764710729,False,CLEAN
KXTOPARTIST-25-TS,KXTOPARTIST-25,Entertainment,no,510,510,0,98.0,49980,0,1020,0.02040816326530612,1764753238,1764776922,23684,no,1764776922,False,CLEAN
KXTOPARTIST-25-BB,KXTOPARTIST-25,Entertainment,yes,510,510,0,98.0,49980,0,1020,0.02040816326530612,1764760356,1764776922,16566,yes,1764776922,False,CLEAN
KXHIGHLAX-25DEC03-T70,KXHIGHLAX-25DEC03,Climate and Weather,no,42,42,0,93.0,3906,0,294,0.07526881720430108,1764817200,1764851514,34314,no,1764851514,False,CLEAN
KXHIGHNY-25DEC05-B34.5,KXHIGHNY-25DEC05,Climate and Weather,no,55,55,0,94.0,5170,0,330,0.06382978723404255,1764979200,1765026093,46893,no,1765026093,False,CLEAN
KXHIGHCHI-25DEC05-B28.5,KXHIGHCHI-25DEC05,Climate and Weather,yes,466,466,0,94.0,43804,0,-43804,-1.0,1764990000,1765042202,52202,no,1765042202,False,CLEAN
KXHIGHCHI-25DEC06-B34.5,KXHIGHCHI-25DEC06,Climate and Weather,no,224,224,0,90.0,20160,0,2240,0.1111111111111111,1765076400,1765112514,36114,no,1765112514,False,CLEAN
KXHIGHCHI-25DEC09-B41.5,KXHIGHCHI-25DEC09,Climate and Weather,no,90,90,0,97.0,8730,0,270,0.030927835051546393,1765335600,1765371710,36110,no,1765371710,False,CLEAN
KXHIGHNY-25DEC09-B36.5,KXHIGHNY-25DEC09,Climate and Weather,no,361,361,0,91.0,32851,0,3249,0.0989010989010989,1765335600,1765371697,36097,no,1765371697,False,CLEAN
KXHIGHPHIL-25DEC09-B38.5,KXHIGHPHIL-25DEC09,Climate and Weather,no,65,65,0,98.0,6370,0,130,0.02040816326530612,1765335600,1765368419,32819,no,1765368419,False,CLEAN
KXFEDCOMBO-25DEC-0-T0,KXFEDCOMBO-25DEC,Economics,no,28,28,0,96.0,2688,0,112,0.041666666666666664,1765372523,1765395408,22885,no,1765395408,False,CLEAN
KXFEDDECISION-25DEC-H0,KXFEDDECISION-25DEC,Economics,no,213,213,0,96.0,20448,15,837,0.0409330985915493,1765373824,1765393731,19907,no,1765393731,False,CLEAN
KXFEDDECISION-25DEC-C25,KXFEDDECISION-25DEC,Economics,yes,213,213,0,96.0,20448,15,837,0.0409330985915493,1765374107,1765393731,19624,yes,1765393731,False,CLEAN
KXFEDCOMBO-25DEC-25C-0,KXFEDCOMBO-25DEC,Economics,no,526,526,0,95.0,49970,0,2630,0.05263157894736842,1765374687,1765395417,20730,no,1765395417,False,CLEAN
FED-25DEC-T3.75,FED-25DEC,Economics,no,47,47,0,96.0,4512,4,184,0.040780141843971635,1765379838,1765393566,13728,no,1765393566,False,CLEAN
KXFEDCOMBO-25DEC-25C-T0,KXFEDCOMBO-25DEC,Economics,yes,526,526,0,95.0,49970,0,2630,0.05263157894736842,1765381022,1765395433,14411,yes,1765395433,False,CLEAN
KXTRUMPFOOTBALL-26JAN012,KXTRUMPFOOTBALL-26JAN012,Politics,yes,526,526,0,95.0,49970,0,2630,0.05263157894736842,1765642503,1765659759,17256,yes,1765659759,False,CLEAN
KXHIGHCHI-25DEC15-T23,KXHIGHCHI-25DEC15,Climate and Weather,yes,26,26,0,96.0,2496,0,104,0.041666666666666664,1765857600,1765890102,32502,yes,1765890102,False,CLEAN
KXEMPLOYMENTCOMBO-25NOV-4.6-50K,KXEMPLOYMENTCOMBO-25NOV,Economics,no,38,38,0,94.0,3572,0,228,0.06382978723404255,1765886253,1765901892,15639,no,1765901892,False,CLEAN
KXU3-25NOV-T4.3,KXU3-25NOV,Economics,yes,51,51,0,90.0,4590,9,501,0.10915032679738562,1765891724,1765900332,8608,yes,1765900332,False,CLEAN
KXHIGHLAX-25DEC17-B72.5,KXHIGHLAX-25DEC17,Climate and Weather,no,520,520,0,96.0,49920,0,2080,0.041666666666666664,1766026447,1766061151,34704,no,1766061151,False,CLEAN
KXHIGHLAX-25DEC17-B74.5,KXHIGHLAX-25DEC17,Climate and Weather,no,512,512,0,95.0,48640,0,-48640,-1.0,1766030400,1766061151,30751,yes,1766061151,False,CLEAN
KXHIGHLAX-25DEC17-T77,KXHIGHLAX-25DEC17,Climate and Weather,no,510,510,0,98.0,49980,0,1020,0.02040816326530612,1766034000,1766061151,27151,no,1766061151,False,CLEAN
KXHIGHLAX-25DEC17-B76.5,KXHIGHLAX-25DEC17,Climate and Weather,no,5,5,0,95.0,475,0,25,0.05263157894736842,1766037600,1766061151,23551,no,1766061151,False,CLEAN
KXCPI-25NOV-T0.3,KXCPI-25NOV,Economics,no,50,50,0,96.0,4800,4,196,0.04083333333333333,1766052027,1766085801,33774,no,1766085801,False,CLEAN
KXCPI-25NOV-T0.1,KXCPI-25NOV,Economics,yes,20,20,0,96.0,1920,2,78,0.040625,1766055930,1766085801,29871,yes,1766085801,False,CLEAN
KXCPIYOY-25NOV-T2.8,KXCPIYOY-25NOV,Economics,yes,2,2,0,93.0,186,1,-187,-1.0053763440860215,1766060607,1766072041,11434,no,1766072041,False,CLEAN
KXEGGS-NOV-0,KXEGGS-NOV,Economics,no,8,8,0,92.0,736,2,62,0.08423913043478261,1766061508,1766073601,12093,no,1766073601,False,CLEAN
KXCPICOMBO-25NOV-B3.25B3.25,KXCPICOMBO-25NOV,Economics,no,70,70,0,95.0,6650,0,350,0.05263157894736842,1766066400,1766073771,7371,no,1766073771,False,CLEAN
KXCPICOMBO-25NOV-B3.45B3.45,KXCPICOMBO-25NOV,Economics,no,31,31,0,97.0,3007,0,93,0.030927835051546393,1766066400,1766073771,7371,no,1766073771,False,CLEAN
KXCBDECISIONJAPAN-25DEC18-HOLD,KXCBDECISIONJAPAN-25DEC18,Economics,no,110,110,0,97.0,10670,0,330,0.030927835051546393,1766095015,1766426696,331681,no,1766426696,False,CLEAN
KXCBDECISIONJAPAN-25DEC18-H2140,KXCBDECISIONJAPAN-25DEC18,Economics,yes,3,3,0,97.0,291,0,9,0.030927835051546393,1766100291,1766426696,326405,yes,1766426696,False,CLEAN
KXCBDECISIONJAPAN-25DEC18-H40P,KXCBDECISIONJAPAN-25DEC18,Economics,no,354,354,0,95.0,33630,0,1770,0.05263157894736842,1766102400,1766426696,324296,no,1766426696,False,CLEAN
KXHIGHNY-25DEC18-B54.5,KXHIGHNY-25DEC18,Climate and Weather,no,312,312,0,98.0,30576,0,624,0.02040816326530612,1766102400,1766149361,46961,no,1766149361,False,CLEAN
KXEPSTEIN-26-1,KXEPSTEIN-26,Politics,yes,3,3,0,95.0,285,0,15,0.05263157894736842,1766167786,1766189409,21623,yes,1766189409,False,CLEAN
KXEPSTEIN-26-29,KXEPSTEIN-26,Politics,yes,29,29,0,91.0,2639,0,261,0.0989010989010989,1766170178,1766189461,19283,yes,1766189461,False,CLEAN
KXEPSTEIN-26,KXEPSTEIN-26,Politics,yes,464,464,0,93.0,43152,0,3248,0.07526881720430108,1766176698,1766189389,12691,yes,1766189389,False,CLEAN
KXEPSTEIN-26-DEC25,KXEPSTEIN-26,Politics,yes,464,464,0,93.0,43152,0,3248,0.07526881720430108,1766179269,1766189371,10102,yes,1766189371,False,CLEAN
KXHIGHCHI-25DEC19-B26.5,KXHIGHCHI-25DEC19,Climate and Weather,no,163,163,0,97.0,15811,0,489,0.030927835051546393,1766196000,1766235691,39691,no,1766235691,False,CLEAN
KXAAAGASW-25DEC22-2.906,KXAAAGASW-25DEC22,Economics,no,510,510,0,98.0,49980,0,1020,0.02040816326530612,1766372237,1766435906,63669,no,1766435906,False,CLEAN
KXHIGHNY-25DEC22-B38.5,KXHIGHNY-25DEC22,Climate and Weather,yes,367,367,0,98.0,35966,0,734,0.02040816326530612,1766462400,1766494929,32529,yes,1766494929,False,CLEAN
KXHIGHPHIL-25DEC23-B43.5,KXHIGHPHIL-25DEC23,Climate and Weather,no,154,154,0,94.0,14476,0,924,0.06382978723404255,1766534400,1766578039,43639,no,1766578039,False,CLEAN
KXHIGHNY-25DEC23-B42.5,KXHIGHNY-25DEC23,Climate and Weather,no,73,73,0,94.0,6862,0,438,0.06382978723404255,1766538000,1766581329,43329,no,1766581329,False,CLEAN
KXHIGHPHIL-25DEC23-B45.5,KXHIGHPHIL-25DEC23,Climate and Weather,no,55,55,0,98.0,5390,0,110,0.02040816326530612,1766541600,1766578039,36439,no,1766578039,False,CLEAN
KXHIGHLAX-25DEC23-B62.5,KXHIGHLAX-25DEC23,Climate and Weather,yes,144,144,0,94.0,13536,0,-13536,-1.0,1766545769,1766579539,33770,no,1766579539,False,CLEAN
KXHIGHLAX-25DEC23-B66.5,KXHIGHLAX-25DEC23,Climate and Weather,no,123,123,0,97.0,11931,0,369,0.030927835051546393,1766559600,1766579539,19939,no,1766579539,False,CLEAN
KXHIGHCHI-25DEC24-B46.5,KXHIGHCHI-25DEC24,Climate and Weather,yes,184,184,0,96.0,17664,0,736,0.041666666666666664,1766624400,1766667719,43319,yes,1766667719,False,CLEAN
KXHIGHCHI-25DEC25-B44.5,KXHIGHCHI-25DEC25,Climate and Weather,yes,198,198,0,95.0,18810,0,990,0.05263157894736842,1766714400,1766754129,39729,yes,1766754129,False,CLEAN
KXHIGHNY-25DEC26-B33.5,KXHIGHNY-25DEC26,Climate and Weather,no,12,12,0,96.0,1152,0,48,0.041666666666666664,1766804400,1766840521,36121,no,1766840521,False,CLEAN
KXHIGHLAX-25DEC26-B62.5,KXHIGHLAX-25DEC26,Climate and Weather,yes,75,75,0,98.0,7350,0,150,0.02040816326530612,1766815200,1766838721,23521,yes,1766838721,False,CLEAN
KXEOWEEK-25DEC27,KXEOWEEK-25DEC27,Politics,no,26,26,0,96.0,2496,0,104,0.041666666666666664,1766880000,1768168727,1288727,no,1768168727,False,CLEAN
KXHIGHCHI-25DEC27-B49.5,KXHIGHCHI-25DEC27,Climate and Weather,no,147,147,0,90.0,13230,0,1470,0.1111111111111111,1766883600,1766926961,43361,no,1766926961,False,CLEAN
KXHIGHPHIL-25DEC27-B37.5,KXHIGHPHIL-25DEC27,Climate and Weather,no,8,8,0,98.0,784,0,16,0.02040816326530612,1766890800,1766923871,33071,no,1766923871,False,CLEAN
KXHIGHNY-25DEC28-B41.5,KXHIGHNY-25DEC28,Climate and Weather,no,520,520,0,96.0,49920,0,2080,0.041666666666666664,1766966400,1767013301,46901,no,1767013301,False,CLEAN
KXAAAGASW-25DEC29-2.855,KXAAAGASW-25DEC29,Economics,no,510,510,0,98.0,49980,0,1020,0.02040816326530612,1766969277,1767022201,52924,no,1767022201,False,CLEAN
KXHIGHPHIL-25DEC28-B43.5,KXHIGHPHIL-25DEC28,Climate and Weather,no,88,88,0,95.0,8360,0,440,0.05263157894736842,1766970000,1767022151,52151,no,1767022151,False,CLEAN
KXHIGHCHI-25DEC30-B30.5,KXHIGHCHI-25DEC30,Climate and Weather,no,8,8,0,97.0,776,0,24,0.030927835051546393,1767153600,1767186351,32751,no,1767186351,False,CLEAN
KXTOP3WEALTH-25DEC31-MZUC,KXTOP3WEALTH-25DEC31,Economics,no,10,10,0,96.0,960,0,40,0.041666666666666664,1767176347,1767225086,48739,no,1767225086,False,CLEAN
KXLLM1-25DEC31-GOOG,KXLLM1-25DEC31,Science and Technology,yes,362,362,0,98.0,35476,13,711,0.020041718344796483,1767178180,1767213802,35622,yes,1767213802,False,CLEAN
KXLLM1-25DEC31-OAI,KXLLM1-25DEC31,Science and Technology,no,505,505,0,98.0,49490,18,992,0.02004445342493433,1767179142,1767213802,34660,no,1767213802,False,CLEAN
KXGOLDCARDS-25-T1,KXGOLDCARDS-25,Politics,yes,10,10,0,97.0,970,0,30,0.030927835051546393,1767188807,1767252696,63889,yes,1767252696,False,CLEAN
KXOILRIGS-25-475,KXOILRIGS-25,Economics,no,31,31,0,98.0,3038,0,62,0.02040816326530612,1767191157,1767248026,56869,no,1767248026,False,CLEAN
KXWLEADER-25-JT,KXWLEADER-25,Politics,no,510,510,0,98.0,49980,0,1020,0.02040816326530612,1767225600,1767253456,27856,no,1767253456,False,CLEAN
KXHIGHNY-25DEC31-B35.5,KXHIGHNY-25DEC31,Climate and Weather,no,70,70,0,98.0,6860,0,140,0.02040816326530612,1767229200,1767272535,43335,no,1767272535,False,CLEAN
KXHIGHPHIL-25DEC31-B35.5,KXHIGHPHIL-25DEC31,Climate and Weather,yes,7,7,0,90.0,630,0,70,0.1111111111111111,1767232800,1767269235,36435,yes,1767269235,False,CLEAN
KXABRAHAMSY-26-JAN01,KXABRAHAMSY-26,Politics,no,35,35,0,98.0,3430,0,70,0.02040816326530612,1767250800,1767261906,11106,no,1767261906,False,CLEAN
KXAPRPOTUSEOY-26JAN01-44.45,KXAPRPOTUSEOY-26JAN01,Politics,no,31,31,0,94.0,2914,0,186,0.06382978723404255,1767268800,1767287435,18635,no,1767287435,False,CLEAN
KXAPRPOTUSEOY-26JAN01-42.45,KXAPRPOTUSEOY-26JAN01,Politics,no,54,54,0,95.0,5130,0,270,0.05263157894736842,1767272400,1767287435,15035,no,1767287435,False,CLEAN
KXAPRPOTUSEOY-26JAN01-43.45,KXAPRPOTUSEOY-26JAN01,Politics,yes,29,29,0,97.0,2813,0,87,0.030927835051546393,1767279600,1767287435,7835,yes,1767287435,False,CLEAN
KXHIGHCHI-26JAN01-B22.5,KXHIGHCHI-26JAN01,Climate and Weather,no,324,324,0,94.0,30456,0,1944,0.06382978723404255,1767315600,1767358905,43305,no,1767358905,False,CLEAN
KXMAMDANISWEARING-26JAN01-BLAN,KXMAMDANISWEARING-26JAN01,Politics,yes,510,510,0,98.0,49980,0,1020,0.02040816326530612,1767319200,1767340715,21515,yes,1767340715,False,CLEAN
KXMAMDANISWEARING-26JAN01-LKHA,KXMAMDANISWEARING-26JAN01,Politics,yes,443,443,0,97.0,42971,0,1329,0.030927835051546393,1767319200,1767340705,21505,yes,1767340705,False,CLEAN
KXMADUROOUT-NMAD-26FEB01,KXMADUROOUT-NMAD,Elections,yes,515,515,0,97.0,49955,0,1545,0.030927835051546393,1767484800,1767491100,6300,yes,1767491100,False,CLEAN
KXMADUROOUT-NMAD-26MAR01,KXMADUROOUT-NMAD,Elections,yes,515,515,0,97.0,49955,0,1545,0.030927835051546393,1767488400,1767491169,2769,yes,1767491169,False,CLEAN
KXAAAGASW-26JAN05-2.825,KXAAAGASW-26JAN05,Economics,no,526,526,0,95.0,49970,0,2630,0.05263157894736842,1767574800,1767630739,55939,no,1767630739,False,CLEAN
KXHIGHCHI-26JAN04-T36,KXHIGHCHI-26JAN04,Climate and Weather,no,10,10,0,98.0,980,0,20,0.02040816326530612,1767574800,1767629989,55189,no,1767629989,False,CLEAN
KXHIGHCHI-26JAN04-B33.5,KXHIGHCHI-26JAN04,Climate and Weather,yes,510,510,0,98.0,49980,0,1020,0.02040816326530612,1767578400,1767629989,51589,yes,1767629989,False,CLEAN
KXHIGHCHI-26JAN04-B35.5,KXHIGHCHI-26JAN04,Climate and Weather,no,40,40,0,96.0,3840,0,160,0.041666666666666664,1767578400,1767629989,51589,no,1767629989,False,CLEAN
KXHIGHLAX-26JAN04-B62.5,KXHIGHLAX-26JAN04,Climate and Weather,yes,53,53,0,98.0,5194,0,106,0.02040816326530612,1767596400,1767628029,31629,yes,1767628029,False,CLEAN
KXHIGHLAX-26JAN04-B64.5,KXHIGHLAX-26JAN04,Climate and Weather,no,4,4,0,98.0,392,0,8,0.02040816326530612,1767596400,1767628029,31629,no,1767628029,False,CLEAN
KXHIGHNY-26JAN05-B39.5,KXHIGHNY-26JAN05,Climate and Weather,no,520,520,0,96.0,49920,0,-49920,-1.0,1767657600,1767704549,46949,yes,1767704549,False,CLEAN
KXHIGHPHIL-26JAN05-B41.5,KXHIGHPHIL-26JAN05,Climate and Weather,no,20,20,0,97.0,1940,0,60,0.030927835051546393,1767668400,1767701259,32859,no,1767701259,False,CLEAN
KXHIGHNY-26JAN05-T40,KXHIGHNY-26JAN05,Climate and Weather,no,406,406,0,92.0,37352,0,3248,0.08695652173913043,1767672000,1767704549,32549,no,1767704549,False,CLEAN
KXHIGHLAX-26JAN05-B65.5,KXHIGHLAX-26JAN05,Climate and Weather,no,114,114,0,97.0,11058,0,342,0.030927835051546393,1767675600,1767715389,39789,no,1767715389,False,CLEAN
KXHIGHLAX-26JAN07-B67.5,KXHIGHLAX-26JAN07,Climate and Weather,no,510,510,0,98.0,49980,0,1020,0.02040816326530612,1767841200,1767875543,34343,no,1767875543,False,CLEAN
KXACAHOUSEVOTE-27JAN01-240,KXACAHOUSEVOTE-27JAN01,Politics,no,515,515,0,97.0,49955,0,1545,0.030927835051546393,1767898800,1767916517,17717,no,1767916517,False,CLEAN
KXAPRPOTUS-26JAN09-42.0,KXAPRPOTUS-26JAN09,Politics,no,23,23,0,98.0,2254,0,46,0.02040816326530612,1767960000,1767985562,25562,no,1767985562,False,CLEAN
KXAPRPOTUS-26JAN09-43.35,KXAPRPOTUS-26JAN09,Politics,no,9,9,0,94.0,846,0,54,0.06382978723404255,1767960000,1767985562,25562,no,1767985562,False,CLEAN
KXU3-25DEC-T4.7,KXU3-25DEC,Economics,no,3,3,0,94.0,282,1,17,0.06028368794326241,1767963600,1767994622,31022,no,1767994622,False,CLEAN
KXAPRPOTUS-26JAN09-43.75,KXAPRPOTUS-26JAN09,Politics,no,25,25,0,93.0,2325,0,175,0.07526881720430108,1767967200,1767985562,18362,no,1767985562,False,CLEAN
KXHIGHPHIL-26JAN09-B57.5,KXHIGHPHIL-26JAN09,Climate and Weather,no,531,531,0,94.0,49914,0,-49914,-1.0,1768003200,1768062457,59257,yes,1768062457,False,CLEAN
KXHIGHNY-26JAN09-B55.5,KXHIGHNY-26JAN09,Climate and Weather,no,515,515,0,97.0,49955,0,1545,0.030927835051546393,1768006800,1768050117,43317,no,1768050117,False,CLEAN
KXHIGHPHIL-26JAN09-B59.5,KXHIGHPHIL-26JAN09,Climate and Weather,no,209,209,0,98.0,20482,0,418,0.02040816326530612,1768017600,1768062457,44857,no,1768062457,False,CLEAN
KXHIGHLAX-26JAN09-B62.5,KXHIGHLAX-26JAN09,Climate and Weather,yes,149,149,0,97.0,14453,0,447,0.030927835051546393,1768021200,1768048327,27127,yes,1768048327,False,CLEAN
KXHIGHLAX-26JAN09-B66.5,KXHIGHLAX-26JAN09,Climate and Weather,no,137,137,0,98.0,13426,0,274,0.02040816326530612,1768024800,1768048327,23527,no,1768048327,False,CLEAN
KXEOWEEK-26JAN10,KXEOWEEK-26JAN10,Politics,yes,526,526,0,95.0,49970,0,2630,0.05263157894736842,1768100400,1768319468,219068,yes,1768319468,False,CLEAN
KXAAAGASW-26JAN12-2.812,KXAAAGASW-26JAN12,Economics,no,515,515,0,97.0,49955,0,1545,0.030927835051546393,1768176000,1768230297,54297,no,1768230297,False,CLEAN
KXCPICOMBO-25DEC-0231,KXCPICOMBO-25DEC,Economics,no,78,78,0,91.0,7098,0,702,0.0989010989010989,1768302000,1768327188,25188,no,1768327188,False,CLEAN
KXCPI-25DEC-T0.4,KXCPI-25DEC,Economics,no,62,62,0,91.0,5642,9,549,0.09730591988656505,1768309200,1768322895,13695,no,1768322895,False,CLEAN
KXCPIYOY-25DEC-T2.5,KXCPIYOY-25DEC,Economics,yes,75,75,0,92.0,6900,10,590,0.08550724637681159,1768309200,1768322208,13008,yes,1768322208,False,CLEAN
KXCPIYOY-25DEC-T2.9,KXCPIYOY-25DEC,Economics,no,54,54,0,94.0,5076,6,318,0.06264775413711583,1768309200,1768322208,13008,no,1768322208,False,CLEAN
KXNYCRENTSY-25-T5,KXNYCRENTSY-25,Economics,yes,11,11,0,96.0,1056,0,44,0.041666666666666664,1768327200,1768339558,12358,yes,1768339558,False,CLEAN
KXHIGHTSFO-26JAN15-B68.5,KXHIGHTSFO-26JAN15,Climate and Weather,no,62,62,0,97.0,6014,0,186,0.030927835051546393,1768532400,1768578613,46213,no,1768578613,False,CLEAN
KXHIGHNY-26JAN16-B33.5,KXHIGHNY-26JAN16,Climate and Weather,yes,158,158,0,97.0,15326,0,474,0.030927835051546393,1768614876,1768654910,40034,yes,1768654910,False,CLEAN
KXHIGHNY-26JAN16-B35.5,KXHIGHNY-26JAN16,Climate and Weather,no,330,330,0,97.0,32010,0,990,0.030927835051546393,1768616303,1768654910,38607,no,1768654910,False,CLEAN
KXHIGHLAX-26JAN16-T81,KXHIGHLAX-26JAN16,Climate and Weather,no,106,106,0,97.0,10282,0,318,0.030927835051546393,1768630968,1768653110,22142,no,1768653110,False,CLEAN
KXHIGHNY-26JAN17-B38.5,KXHIGHNY-26JAN17,Climate and Weather,yes,205,205,0,95.0,19475,0,1025,0.05263157894736842,1768694400,1768741310,46910,yes,1768741310,False,CLEAN
KXHIGHPHIL-26JAN17-B40.5,KXHIGHPHIL-26JAN17,Climate and Weather,yes,4,4,0,97.0,388,0,12,0.030927835051546393,1768694400,1768755190,60790,yes,1768755190,False,CLEAN
KXHIGHTNOLA-26JAN17-B60.5,KXHIGHTNOLA-26JAN17,Climate and Weather,no,16,16,0,94.0,1504,0,96,0.06382978723404255,1768698000,1768739490,41490,no,1768739490,False,CLEAN
KXHIGHTSFO-26JAN17-T68,KXHIGHTSFO-26JAN17,Climate and Weather,no,33,33,0,95.0,3135,0,165,0.05263157894736842,1768708800,1768739490,30690,no,1768739490,False,CLEAN
KXHIGHTDC-26JAN17-B42.5,KXHIGHTDC-26JAN17,Climate and Weather,yes,139,139,0,96.0,13344,0,556,0.041666666666666664,1768712400,1768739500,27100,yes,1768739500,False,CLEAN
KXHIGHTSFO-26JAN17-B63.5,KXHIGHTSFO-26JAN17,Climate and Weather,no,20,20,0,91.0,1820,0,180,0.0989010989010989,1768712400,1768739490,27090,no,1768739490,False,CLEAN
KXHIGHTSFO-26JAN17-B67.5,KXHIGHTSFO-26JAN17,Climate and Weather,no,148,148,0,98.0,14504,0,296,0.02040816326530612,1768712400,1768739490,27090,no,1768739490,False,CLEAN
KXAAAGASW-26JAN19-2.830,KXAAAGASW-26JAN19,Economics,no,526,526,0,95.0,49970,0,2630,0.05263157894736842,1768784400,1768847670,63270,no,1768847670,False,CLEAN
KXHIGHNY-26JAN18-B35.5,KXHIGHNY-26JAN18,Climate and Weather,yes,459,459,0,97.0,44523,0,1377,0.030927835051546393,1768784400,1768827700,43300,yes,1768827700,False,CLEAN
KXHIGHCHI-26JAN18-B19.5,KXHIGHCHI-26JAN18,Climate and Weather,yes,65,65,0,93.0,6045,0,455,0.07526881720430108,1768788000,1768827700,39700,yes,1768827700,False,CLEAN
KXAAAGASW-26JAN19-2.850,KXAAAGASW-26JAN19,Economics,no,510,510,0,98.0,49980,0,1020,0.02040816326530612,1768791600,1768847670,56070,no,1768847670,False,CLEAN
KXAAAGASW-26JAN19-2.796,KXAAAGASW-26JAN19,Economics,yes,464,464,0,93.0,43152,0,3248,0.07526881720430108,1768795200,1768842670,47470,yes,1768842670,False,CLEAN
KXHIGHTSFO-26JAN18-B66.5,KXHIGHTSFO-26JAN18,Climate and Weather,no,18,18,0,96.0,1728,0,72,0.041666666666666664,1768809600,1768825900,16300,no,1768825900,False,CLEAN
KXHIGHLAX-26JAN19-T76,KXHIGHLAX-26JAN19,Climate and Weather,no,510,510,0,98.0,49980,0,1020,0.02040816326530612,1768887715,1768912300,24585,no,1768912300,False,CLEAN
KXHIGHDEN-26JAN19-B42.5,KXHIGHDEN-26JAN19,Climate and Weather,no,120,120,0,98.0,11760,0,240,0.02040816326530612,1768888800,1768910790,21990,no,1768910790,False,CLEAN
KXHIGHCHI-26JAN20-T27,KXHIGHCHI-26JAN20,Climate and Weather,no,90,90,0,98.0,8820,0,180,0.02040816326530612,1768960800,1769000484,39684,no,1769000484,False,CLEAN
KXHIGHNY-26JAN21-T40,KXHIGHNY-26JAN21,Climate and Weather,no,170,170,0,97.0,16490,0,510,0.030927835051546393,1769040000,1769086930,46930,no,1769086930,False,CLEAN
KXHIGHCHI-26JAN21-B32.5,KXHIGHCHI-26JAN21,Climate and Weather,yes,335,335,0,98.0,32830,0,670,0.02040816326530612,1769054400,1769086929,32529,yes,1769086929,False,CLEAN
KXHIGHCHI-26JAN21-T35,KXHIGHCHI-26JAN21,Climate and Weather,no,136,136,0,97.0,13192,0,408,0.030927835051546393,1769054400,1769086929,32529,no,1769086929,False,CLEAN
KXHIGHPHIL-26JAN21-T41,KXHIGHPHIL-26JAN21,Climate and Weather,no,2,2,0,92.0,184,0,16,0.08695652173913043,1769054400,1769098849,44449,no,1769098849,False,CLEAN
KXCBDECISIONJAPAN-26JAN22-H25,KXCBDECISIONJAPAN-26JAN22,Economics,no,515,515,0,97.0,49955,0,1545,0.030927835051546393,1769122800,1769147409,24609,no,1769147409,False,CLEAN
KXCBDECISIONJAPAN-26JAN22-HOLD,KXCBDECISIONJAPAN-26JAN22,Economics,yes,319,319,0,97.0,30943,0,957,0.030927835051546393,1769126400,1769147409,21009,yes,1769147409,False,CLEAN
KXHIGHLAX-26JAN22-B64.5,KXHIGHLAX-26JAN22,Climate and Weather,no,42,42,0,94.0,3948,0,252,0.06382978723404255,1769137200,1769171499,34299,no,1769171499,False,CLEAN
KXHIGHLAX-26JAN22-B62.5,KXHIGHLAX-26JAN22,Climate and Weather,yes,73,73,0,98.0,7154,0,146,0.02040816326530612,1769140800,1769171499,30699,yes,1769171499,False,CLEAN
KXHIGHCHI-26JAN24-B11.5,KXHIGHCHI-26JAN24,Climate and Weather,no,442,442,0,98.0,43316,0,884,0.02040816326530612,1769302800,1769346120,43320,no,1769346120,False,CLEAN
KXHIGHPHIL-26JAN24-B18.5,KXHIGHPHIL-26JAN24,Climate and Weather,yes,51,51,0,92.0,4692,0,-4692,-1.0,1769302800,1769342819,40019,no,1769342819,False,CLEAN
KXHIGHTNOLA-26JAN24-B68.5,KXHIGHTNOLA-26JAN24,Climate and Weather,no,25,25,0,93.0,2325,0,-2325,-1.0,1769302800,1769344289,41489,yes,1769344289,False,CLEAN
KXHIGHTNOLA-26JAN24-B70.5,KXHIGHTNOLA-26JAN24,Climate and Weather,no,103,103,0,96.0,9888,0,412,0.041666666666666664,1769302800,1769344289,41489,no,1769344289,False,CLEAN
KXHIGHNY-26JAN24-B16.5,KXHIGHNY-26JAN24,Climate and Weather,yes,260,260,0,94.0,24440,0,1560,0.06382978723404255,1769310000,1769346120,36120,yes,1769346120,False,CLEAN
KXHIGHCHI-26JAN26-B13.5,KXHIGHCHI-26JAN26,Climate and Weather,no,40,40,0,98.0,3920,0,80,0.02040816326530612,1769479200,1769518950,39750,no,1769518950,False,CLEAN
KXHIGHCHI-26JAN26-B9.5,KXHIGHCHI-26JAN26,Climate and Weather,yes,361,361,0,91.0,32851,0,3249,0.0989010989010989,1769479200,1769518950,39750,yes,1769518950,False,CLEAN
KXHIGHPHIL-26JAN27-T26,KXHIGHPHIL-26JAN27,Climate and Weather,no,35,35,0,98.0,3430,0,70,0.02040816326530612,1769558400,1769602039,43639,no,1769602039,False,CLEAN
KXFEDCOMBO-26JAN-0-0,KXFEDCOMBO-26JAN,Economics,no,510,510,0,98.0,49980,0,1020,0.02040816326530612,1769616000,1769645519,29519,no,1769645519,False,CLEAN
KXFOMCDISSENTCOUNT-26JAN-3,KXFOMCDISSENTCOUNT-26JAN,Economics,no,156,156,0,91.0,14196,0,1404,0.0989010989010989,1769619600,1769631089,11489,no,1769631089,False,CLEAN
KXFOMCDISSENTCOUNT-26JAN-0,KXFOMCDISSENTCOUNT-26JAN,Economics,no,10,10,0,98.0,980,0,20,0.02040816326530612,1769623200,1769631089,7889,no,1769631089,False,CLEAN
KXHIGHTDC-26JAN29-B24.5,KXHIGHTDC-26JAN29,Climate and Weather,yes,115,115,0,96.0,11040,0,460,0.041666666666666664,1769731200,1769776276,45076,yes,1769776276,False,CLEAN
KXHIGHTSEA-26JAN29-B51.5,KXHIGHTSEA-26JAN29,Climate and Weather,yes,51,51,0,93.0,4743,0,357,0.07526881720430108,1769749200,1769788606,39406,yes,1769788606,False,CLEAN
KXAPRPOTUS-26JAN30-42.0,KXAPRPOTUS-26JAN30,Politics,no,46,46,0,97.0,4462,0,138,0.030927835051546393,1769788800,1769806826,18026,no,1769806826,False,CLEAN
KXHIGHPHIL-26JAN30-B19.5,KXHIGHPHIL-26JAN30,Climate and Weather,yes,107,107,0,96.0,10272,0,428,0.041666666666666664,1769817600,1769861246,43646,yes,1769861246,False,CLEAN
KXEPSTEIN-26FEB01,KXEPSTEIN-26FEB01,Politics,yes,180,180,0,97.0,17460,0,540,0.030927835051546393,1769868000,1769873096,5096,yes,1769873096,False,CLEAN
KXEOWEEK-26JAN31,KXEOWEEK-26JAN31,Politics,yes,515,515,0,97.0,49955,0,1545,0.030927835051546393,1769904000,1770132096,228096,yes,1770132096,False,CLEAN
KXTRUMPMEET-26JAN-JPOW,KXTRUMPMEET-26JAN,Politics,no,84,84,0,95.0,7980,0,420,0.05263157894736842,1769904000,1769963086,59086,no,1769963086,False,CLEAN
KXTRUMPMEET-26JAN-EMAC,KXTRUMPMEET-26JAN,Politics,no,162,162,0,94.0,15228,0,972,0.06382978723404255,1769907600,1769963076,55476,no,1769963076,False,CLEAN
KXNEWTARIFFS-26FEB01,KXNEWTARIFFS-26FEB01,Politics,no,154,154,0,97.0,14938,0,462,0.030927835051546393,1769911200,1769969006,57806,no,1769969006,False,CLEAN
KXHIGHTDC-26JAN31-B22.5,KXHIGHTDC-26JAN31,Climate and Weather,yes,7,7,0,95.0,665,0,35,0.05263157894736842,1769922000,1769964706,42706,yes,1769964706,False,CLEAN
KXHIGHPHIL-26FEB01-B28.5,KXHIGHPHIL-26FEB01,Climate and Weather,no,8,8,0,97.0,776,0,24,0.030927835051546393,1769990400,1770034056,43656,no,1770034056,False,CLEAN
KXHIGHTDC-26FEB01-T31,KXHIGHTDC-26FEB01,Climate and Weather,no,1,1,0,94.0,94,0,6,0.06382978723404255,1769994000,1770048156,54156,no,1770048156,False,CLEAN
KXHIGHTDC-26FEB02-B37.5,KXHIGHTDC-26FEB02,Climate and Weather,no,36,36,0,97.0,3492,0,108,0.030927835051546393,1770084000,1770679130,595130,scalar,1770679130,False,CLEAN
KXCABOUT-29-SM,KXCABOUT-29,Politics,yes,406,406,0,92.0,37352,0,3248,0.08695652173913043,1770163200,1770175697,12497,yes,1770175697,False,CLEAN
KXHIGHTSEA-26FEB03-T54,KXHIGHTSEA-26FEB03,Climate and Weather,yes,248,248,0,96.0,23808,0,-23808,-1.0,1770181200,1770217286,36086,no,1770217286,False,CLEAN
KXHIGHTSFO-26FEB05-B70.5,KXHIGHTSFO-26FEB05,Climate and Weather,no,27,27,0,94.0,2538,0,162,0.06382978723404255,1770364800,1770392209,27409,no,1770392209,False,CLEAN
KXAPRPOTUS-26FEB06-42.0,KXAPRPOTUS-26FEB06,Politics,no,510,510,0,98.0,49980,0,1020,0.02040816326530612,1770393600,1770403169,9569,no,1770403169,False,CLEAN
KXHIGHTDC-26FEB06-B33.5,KXHIGHTDC-26FEB06,Climate and Weather,yes,31,31,0,96.0,2976,0,124,0.041666666666666664,1770422400,1770481899,59499,yes,1770481899,False,CLEAN
KXHIGHCHI-26FEB07-B24.5,KXHIGHCHI-26FEB07,Climate and Weather,yes,108,108,0,97.0,10476,0,324,0.030927835051546393,1770516000,1770555719,39719,yes,1770555719,False,CLEAN
KXHIGHLAX-26FEB07-B74.5,KXHIGHLAX-26FEB07,Climate and Weather,no,472,472,0,98.0,46256,0,944,0.02040816326530612,1770517992,1770553919,35927,no,1770553919,False,CLEAN
KXHIGHTSEA-26FEB07-B54.5,KXHIGHTSEA-26FEB07,Climate and Weather,no,9,9,0,97.0,873,0,27,0.030927835051546393,1770519600,1770569509,49909,no,1770569509,False,CLEAN
KXHIGHCHI-26FEB07-B26.5,KXHIGHCHI-26FEB07,Climate and Weather,no,40,40,0,97.0,3880,0,120,0.030927835051546393,1770526800,1770555719,28919,no,1770555719,False,CLEAN
KXEPSTEIN-26FEB08,KXEPSTEIN-26FEB08,Politics,no,38,38,0,97.0,3686,0,114,0.030927835051546393,1770559200,1770568539,9339,no,1770568539,False,CLEAN
KXSUPERBOWLAD-SB2026-LIQU,KXSUPERBOWLAD-SB2026,Companies,yes,526,526,0,95.0,49970,0,2630,0.05263157894736842,1770588000,1770597843,9843,yes,1770597843,False,CLEAN
KXSUPERBOWLAD-SB2026-TMOBILE,KXSUPERBOWLAD-SB2026,Companies,yes,129,129,0,98.0,12642,0,258,0.02040816326530612,1770588000,1770598732,10732,yes,1770598732,False,CLEAN
KXAAAGASW-26FEB09-2.925,KXAAAGASW-26FEB09,Economics,no,531,531,0,94.0,49914,0,3186,0.06382978723404255,1770595200,1770650790,55590,no,1770650790,False,CLEAN
KXSUPERBOWLAD-SB2026-HIMS,KXSUPERBOWLAD-SB2026,Companies,yes,526,526,0,95.0,49970,0,2630,0.05263157894736842,1770595200,1770608951,13751,yes,1770608951,False,CLEAN
KXSUPERBOWLAD-SB2026-OPENAI,KXSUPERBOWLAD-SB2026,Companies,yes,406,406,0,92.0,37352,0,3248,0.08695652173913043,1770595200,1770597493,2293,yes,1770597493,False,CLEAN
KXSUPERBOWLAD-SB2026-PEPSI,KXSUPERBOWLAD-SB2026,Companies,yes,515,515,0,97.0,49955,0,1545,0.030927835051546393,1770595200,1770598741,3541,yes,1770598741,False,CLEAN
KXSUPERBOWLAD-SB2026-TESL,KXSUPERBOWLAD-SB2026,Companies,no,325,325,0,90.0,29250,0,3250,0.1111111111111111,1770595200,1770611861,16661,no,1770611861,False,CLEAN
KXSUPERBOWLAD-SB2026-ZYN,KXSUPERBOWLAD-SB2026,Companies,no,520,520,0,96.0,49920,0,2080,0.041666666666666664,1770595200,1770611901,16701,no,1770611901,False,CLEAN
KXHIGHTMIN-26FEB08-B38.5,KXHIGHTMIN-26FEB08,Climate and Weather,no,7,7,0,96.0,672,0,28,0.041666666666666664,1770602400,1770640341,37941,no,1770640341,False,CLEAN
KXAAAGASW-26FEB09-2.905,KXAAAGASW-26FEB09,Economics,no,325,325,0,90.0,29250,0,3250,0.1111111111111111,1770606000,1770650770,44770,no,1770650770,False,CLEAN
KXHIGHNY-26FEB08-B17.5,KXHIGHNY-26FEB08,Climate and Weather,yes,215,215,0,98.0,21070,0,430,0.02040816326530612,1770606000,1770642091,36091,yes,1770642091,False,CLEAN
KXHIGHNY-26FEB08-B19.5,KXHIGHNY-26FEB08,Climate and Weather,no,73,73,0,98.0,7154,0,146,0.02040816326530612,1770606000,1770642091,36091,no,1770642091,False,CLEAN
KXHIGHNY-26FEB08-T24,KXHIGHNY-26FEB08,Climate and Weather,no,44,44,0,98.0,4312,0,88,0.02040816326530612,1770606000,1770642091,36091,no,1770642091,False,CLEAN
KXHIGHTLV-26FEB08-B75.5,KXHIGHTLV-26FEB08,Climate and Weather,no,13,13,0,95.0,1235,0,65,0.05263157894736842,1770609600,1770640331,30731,no,1770640331,False,CLEAN
KXHIGHCHI-26FEB09-B42.5,KXHIGHCHI-26FEB09,Climate and Weather,no,8,8,0,98.0,784,0,16,0.02040816326530612,1770696000,1770728509,32509,no,1770728509,False,CLEAN
KXHIGHPHIL-26FEB10-B39.5,KXHIGHPHIL-26FEB10,Climate and Weather,yes,11,11,0,98.0,1078,0,22,0.02040816326530612,1770768000,1770811659,43659,yes,1770811659,False,CLEAN
KXHIGHNY-26FEB10-B38.5,KXHIGHNY-26FEB10,Climate and Weather,no,481,481,0,95.0,45695,0,2405,0.05263157894736842,1770771201,1770814959,43758,no,1770814959,False,CLEAN
KXHIGHNY-26FEB10-B36.5,KXHIGHNY-26FEB10,Climate and Weather,yes,520,520,0,96.0,49920,0,2080,0.041666666666666664,1770773305,1770814959,41654,yes,1770814959,False,CLEAN
KXHIGHNY-26FEB10-T39,KXHIGHNY-26FEB10,Climate and Weather,no,510,510,0,98.0,49980,0,1020,0.02040816326530612,1770778800,1770814959,36159,no,1770814959,False,CLEAN
KXHIGHTBOS-26FEB10-B36.5,KXHIGHTBOS-26FEB10,Climate and Weather,no,156,156,0,98.0,15288,0,312,0.02040816326530612,1770778800,1770813189,34389,no,1770813189,False,CLEAN
KXHIGHLAX-26FEB10-B67.5,KXHIGHLAX-26FEB10,Climate and Weather,no,4,4,0,98.0,392,0,8,0.02040816326530612,1770789600,1770813159,23559,no,1770813159,False,CLEAN
KXHIGHLAX-26FEB10-B65.5,KXHIGHLAX-26FEB10,Climate and Weather,yes,51,51,0,98.0,4998,0,102,0.02040816326530612,1770793200,1770813159,19959,yes,1770813159,False,CLEAN
KXPAYROLLS-26JAN-T-25000,KXPAYROLLS-26JAN,Economics,yes,26,26,0,93.0,2418,3,179,0.0740281224152192,1770814800,1770833380,18580,yes,1770833380,False,CLEAN
KXPAYROLLS-26JAN-T100000,KXPAYROLLS-26JAN,Economics,no,13,13,0,93.0,1209,2,-1211,-1.0016542597187759,1770814800,1770833380,18580,yes,1770833380,False,CLEAN
KXU3-26JAN-T4.6,KXU3-26JAN,Economics,no,1,1,0,96.0,96,1,3,0.03125,1770814800,1770833889,19089,no,1770833889,False,CLEAN
KXPAYROLLS-26JAN-T125000,KXPAYROLLS-26JAN,Economics,no,276,276,0,97.0,26772,15,-26787,-1.000560286866876,1770818400,1770833380,14980,yes,1770833380,False,CLEAN
KXPAYROLLS-26JAN-T90000,KXPAYROLLS-26JAN,Economics,no,51,51,0,90.0,4590,9,-4599,-1.0019607843137255,1770818400,1770833380,14980,yes,1770833380,False,CLEAN
KXU3-26JAN-T4.3,KXU3-26JAN,Economics,no,122,122,0,95.0,11590,11,599,0.05168248490077653,1770822000,1770833889,11889,no,1770833889,False,CLEAN
KXCPIYOY-26JAN-T2.6,KXCPIYOY-26JAN,Economics,no,62,62,0,91.0,5642,9,549,0.09730591988656505,1770976800,1770995060,18260,no,1770995060,False,CLEAN
KXCPIYOY-26JAN-T2.3,KXCPIYOY-26JAN,Economics,yes,75,75,0,92.0,6900,10,590,0.08550724637681159,1770980400,1770995060,14660,yes,1770995060,False,CLEAN
KXNURSESTRIKE-26-FEB15,KXNURSESTRIKE-26,Economics,no,209,209,0,97.0,20273,0,627,0.030927835051546393,1771113600,1771196320,82720,no,1771196320,False,CLEAN
KXHIGHTSFO-26FEB14-B61.5,KXHIGHTSFO-26FEB14,Climate and Weather,no,4,4,0,96.0,384,0,16,0.041666666666666664,1771138800,1771158740,19940,no,1771158740,False,CLEAN
KXHIGHTSFO-26FEB14-B59.5,KXHIGHTSFO-26FEB14,Climate and Weather,yes,10,10,0,98.0,980,0,20,0.02040816326530612,1771142400,1771158740,16340,yes,1771158740,False,CLEAN
KXHIGHTSEA-26FEB16-B42.5,KXHIGHTSEA-26FEB16,Climate and Weather,yes,16,16,0,95.0,1520,0,80,0.05263157894736842,1771315200,1771342618,27418,yes,1771342618,False,CLEAN
KXHIGHTBOS-26FEB18-B42.5,KXHIGHTBOS-26FEB18,Climate and Weather,no,31,31,0,98.0,3038,0,62,0.02040816326530612,1771459200,1771510638,51438,no,1771510638,False,CLEAN
KXHIGHPHIL-26FEB18-B46.5,KXHIGHPHIL-26FEB18,Climate and Weather,yes,21,21,0,97.0,2037,0,63,0.030927835051546393,1771462800,1771510639,47839,yes,1771510639,False,CLEAN
KXHIGHTSFO-26FEB19-T55,KXHIGHTSFO-26FEB19,Climate and Weather,no,3,3,0,98.0,294,0,6,0.02040816326530612,1771556400,1771590740,34340,no,1771590740,False,CLEAN
KXHIGHTSFO-26FEB19-B52.5,KXHIGHTSFO-26FEB19,Climate and Weather,yes,127,127,0,98.0,12446,0,254,0.02040816326530612,1771560000,1771590740,30740,yes,1771590740,False,CLEAN
KXGDP-26JAN30-T4,KXGDP-26JAN30,Economics,no,6,6,0,94.0,564,1,35,0.06205673758865248,1771578000,1771597600,19600,no,1771597600,False,CLEAN
KXGDPYEAR-25-B2.8,KXGDPYEAR-25,Economics,no,168,168,0,96.0,16128,0,672,0.041666666666666664,1771578000,1771598270,20270,no,1771598270,False,CLEAN
KXGDP-26JAN30-T2.0,KXGDP-26JAN30,Economics,yes,51,51,0,90.0,4590,9,-4599,-1.0019607843137255,1771588800,1771597600,8800,no,1771597600,False,CLEAN
KXTRUMPSCOTUSVOTE-26-6,KXTRUMPSCOTUSVOTE-26,Politics,no,1,1,0,90.0,90,0,10,0.1111111111111111,1771596000,1771602756,6756,no,1771602756,False,CLEAN
KXHIGHTBOS-26FEB20-B38.5,KXHIGHTBOS-26FEB20,Climate and Weather,no,35,35,0,94.0,3290,0,210,0.06382978723404255,1771632000,1771677156,45156,no,1771677156,False,CLEAN
KXHIGHTDC-26FEB20-B54.5,KXHIGHTDC-26FEB20,Climate and Weather,yes,464,464,0,93.0,43152,0,3248,0.07526881720430108,1771632000,1771677156,45156,yes,1771677156,False,CLEAN
KXHIGHNY-26FEB20-T39,KXHIGHNY-26FEB20,Climate and Weather,yes,325,325,0,90.0,29250,0,3250,0.1111111111111111,1771635315,1771691776,56461,yes,1771691776,False,CLEAN
KXHIGHTSEA-26FEB21-B49.5,KXHIGHTSEA-26FEB21,Climate and Weather,no,7,7,0,90.0,630,0,-630,-1.0,1771732800,1771763546,30746,yes,1771763546,False,CLEAN
KXHIGHTSEA-26FEB21-B51.5,KXHIGHTSEA-26FEB21,Climate and Weather,no,73,73,0,92.0,6716,0,584,0.08695652173913043,1771747200,1771763546,16346,no,1771763546,False,CLEAN
KXBILLSCOUNT-26FEB-4.0,KXBILLSCOUNT-26FEB,Politics,no,18,18,0,90.0,1620,0,180,0.1111111111111111,1771797600,1771808676,11076,no,1771808676,False,CLEAN
KXHIGHTBOS-26FEB22-B34.5,KXHIGHTBOS-26FEB22,Climate and Weather,yes,94,94,0,93.0,8742,0,658,0.07526881720430108,1771804800,1771849956,45156,yes,1771849956,False,CLEAN
KXHIGHTBOS-26FEB22-B36.5,KXHIGHTBOS-26FEB22,Climate and Weather,no,161,161,0,90.0,14490,0,1610,0.1111111111111111,1771804800,1771849956,45156,no,1771849956,False,CLEAN
KXAAAGASW-26FEB23-2.942,KXAAAGASW-26FEB23,Economics,no,325,325,0,90.0,29250,0,3250,0.1111111111111111,1771815600,1771859896,44296,no,1771859896,False,CLEAN
KXHIGHTMIN-26FEB23-B20.5,KXHIGHTMIN-26FEB23,Climate and Weather,yes,526,526,0,95.0,49970,0,2630,0.05263157894736842,1771898400,1771936356,37956,yes,1771936356,False,CLEAN
KXHIGHTSFO-26FEB23-B60.5,KXHIGHTSFO-26FEB23,Climate and Weather,yes,94,94,0,96.0,9024,0,-9024,-1.0,1771909200,1771947416,38216,no,1771947416,False,CLEAN
KXHIGHTSFO-26FEB23-B64.5,KXHIGHTSFO-26FEB23,Climate and Weather,no,98,98,0,94.0,9212,0,588,0.06382978723404255,1771912800,1771947416,34616,no,1771947416,False,CLEAN
KXHIGHTSFO-26FEB23-B66.5,KXHIGHTSFO-26FEB23,Climate and Weather,no,36,36,0,98.0,3528,0,72,0.02040816326530612,1771916400,1771947416,31016,no,1771947416,False,CLEAN
KXATTENDSOTU-PHEG,KXATTENDSOTU,Politics,yes,55,55,0,96.0,5280,0,220,0.041666666666666664,1771977600,1771995690,18090,yes,1771995690,False,CLEAN
KXHIGHCHI-26FEB24-B42.5,KXHIGHCHI-26FEB24,Climate and Weather,no,43,43,0,98.0,4214,0,86,0.02040816326530612,1771981200,1772024515,43315,no,1772024515,False,CLEAN
KXATTENDSOTU-ACB,KXATTENDSOTU,Politics,yes,325,325,0,90.0,29250,0,3250,0.1111111111111111,1771984800,1771995765,10965,yes,1771995765,False,CLEAN
KXATTENDSOTU-BKAV,KXATTENDSOTU,Politics,yes,467,467,0,97.0,45299,0,1401,0.030927835051546393,1771984800,1771995775,10975,yes,1771995775,False,CLEAN
KXATTENDSOTU-KNOE,KXATTENDSOTU,Politics,yes,180,180,0,97.0,17460,0,540,0.030927835051546393,1771984800,1771995690,10890,yes,1771995690,False,CLEAN
KXHIGHTDC-26FEB24-T44,KXHIGHTDC-26FEB24,Climate and Weather,no,37,37,0,98.0,3626,0,74,0.02040816326530612,1771992000,1772556696,564696,scalar,1772556696,False,CLEAN
KXHIGHTSEA-26FEB24-B46.5,KXHIGHTSEA-26FEB24,Climate and Weather,yes,105,105,0,98.0,10290,0,210,0.02040816326530612,1771999200,1772037155,37955,yes,1772037155,False,CLEAN
KXHIGHNY-26FEB25-B45.5,KXHIGHNY-26FEB25,Climate and Weather,no,526,526,0,95.0,49970,0,2630,0.05263157894736842,1772071200,1772110917,39717,no,1772110917,False,CLEAN
KXHIGHTSEA-26FEB26-B53.5,KXHIGHTSEA-26FEB26,Climate and Weather,yes,54,54,0,92.0,4968,0,432,0.08695652173913043,1772161200,1772195547,34347,yes,1772195547,False,CLEAN
KXAAAGASM-26FEB28-2.985,KXAAAGASM-26FEB28,Economics,no,213,213,0,96.0,20448,15,837,0.0409330985915493,1772236800,1772292516,55716,no,1772292516,False,CLEAN
KXHIGHTBOS-26FEB27-B37.5,KXHIGHTBOS-26FEB27,Climate and Weather,no,58,58,0,92.0,5336,0,-5336,-1.0,1772236800,1772281966,45166,yes,1772281966,False,CLEAN
KXHIGHTMIN-26FEB27-B49.5,KXHIGHTMIN-26FEB27,Climate and Weather,yes,68,68,0,98.0,6664,0,136,0.02040816326530612,1772240400,1772281966,41566,yes,1772281966,False,CLEAN
KXHIGHTSEA-26FEB28-B54.5,KXHIGHTSEA-26FEB28,Climate and Weather,no,23,23,0,98.0,2254,0,46,0.02040816326530612,1772344800,1772368356,23556,no,1772368356,False,CLEAN
KXHIGHNY-26MAR02-B32.5,KXHIGHNY-26MAR02,Climate and Weather,yes,315,315,0,96.0,30240,0,1260,0.041666666666666664,1772496000,1772542916,46916,yes,1772542916,False,CLEAN
KXHIGHPHIL-26MAR02-B37.5,KXHIGHPHIL-26MAR02,Climate and Weather,no,37,37,0,96.0,3552,0,148,0.041666666666666664,1772510400,1772566916,56516,no,1772566916,False,CLEAN
KXHIGHCHI-26MAR02-B40.5,KXHIGHCHI-26MAR02,Climate and Weather,yes,30,30,0,98.0,2940,0,60,0.02040816326530612,1772514000,1772542916,28916,yes,1772542916,False,CLEAN
KXHIGHTDC-26MAR03-B49.5,KXHIGHTDC-26MAR03,Climate and Weather,no,123,123,0,98.0,12054,0,246,0.02040816326530612,1772586000,1772627546,41546,no,1772627546,False,CLEAN
KXHIGHTBOS-26MAR03-B37.5,KXHIGHTBOS-26MAR03,Climate and Weather,no,42,42,0,98.0,4116,0,84,0.02040816326530612,1772589600,1772636506,46906,no,1772636506,False,CLEAN
KXHIGHTDC-26MAR03-B47.5,KXHIGHTDC-26MAR03,Climate and Weather,no,214,214,0,90.0,19260,0,2140,0.1111111111111111,1772589600,1772627546,37946,no,1772627546,False,CLEAN
KXHIGHNY-26MAR03-B39.5,KXHIGHNY-26MAR03,Climate and Weather,no,242,242,0,96.0,23232,0,968,0.041666666666666664,1772593200,1772629316,36116,no,1772629316,False,CLEAN
KXHIGHPHIL-26MAR03-B44.5,KXHIGHPHIL-26MAR03,Climate and Weather,no,82,82,0,91.0,7462,0,738,0.0989010989010989,1772593200,1772626026,32826,no,1772626026,False,CLEAN
KXHIGHTBOS-26MAR03-T37,KXHIGHTBOS-26MAR03,Climate and Weather,yes,27,27,0,97.0,2619,0,81,0.030927835051546393,1772596800,1772636506,39706,yes,1772636506,False,CLEAN
KXHIGHTDC-26MAR03-T45,KXHIGHTDC-26MAR03,Climate and Weather,yes,15,15,0,91.0,1365,0,135,0.0989010989010989,1772600400,1772627546,27146,yes,1772627546,False,CLEAN
KXHIGHPHIL-26MAR04-T51,KXHIGHPHIL-26MAR04,Climate and Weather,yes,150,150,0,96.0,14400,0,600,0.041666666666666664,1772668800,1772714088,45288,yes,1772714088,False,CLEAN
KXTARIFFREFUND-25-26DEC,KXTARIFFREFUND-25,Politics,yes,305,305,0,98.0,29890,0,610,0.02040816326530612,1772668800,1772682036,13236,yes,1772682036,False,CLEAN
KXHIGHCHI-26MAR04-B42.5,KXHIGHCHI-26MAR04,Climate and Weather,yes,520,520,0,96.0,49920,0,2080,0.041666666666666664,1772672400,1772715708,43308,yes,1772715708,False,CLEAN
KXU3-26FEB-T4.1,KXU3-26FEB,Economics,yes,4,4,0,91.0,364,1,35,0.09615384615384616,1772791200,1772813678,22478,yes,1772813678,False,CLEAN
KXU3-26FEB-T4.4,KXU3-26FEB,Economics,no,17,17,0,92.0,1564,3,133,0.0850383631713555,1772802000,1772813678,11678,no,1772813678,False,CLEAN
KXHIGHNY-26MAR06-B41.5,KXHIGHNY-26MAR06,Climate and Weather,yes,237,237,0,98.0,23226,0,474,0.02040816326530612,1772841600,1772888538,46938,yes,1772888538,False,CLEAN
KXHIGHTBOS-26MAR06-B38.5,KXHIGHTBOS-26MAR06,Climate and Weather,no,4,4,0,98.0,392,0,8,0.02040816326530612,1772848800,1772886778,37978,no,1772886778,False,CLEAN
KXHIGHTSEA-26MAR06-B51.5,KXHIGHTSEA-26MAR06,Climate and Weather,no,28,28,0,94.0,2632,0,168,0.06382978723404255,1772859600,1772886778,27178,no,1772886778,False,CLEAN
KXHIGHNY-26MAR07-B50.5,KXHIGHNY-26MAR07,Climate and Weather,yes,520,520,0,96.0,49920,0,-49920,-1.0,1772938800,1772971368,32568,no,1772971368,False,CLEAN
KXHIGHTDC-26MAR07-B69.5,KXHIGHTDC-26MAR07,Climate and Weather,no,117,117,0,98.0,11466,0,234,0.02040816326530612,1772942400,1772969568,27168,no,1772969568,False,CLEAN
KXHIGHTBOS-26MAR07-B51.5,KXHIGHTBOS-26MAR07,Climate and Weather,no,1,1,0,98.0,98,0,-98,-1.0,1772946000,1773010768,64768,yes,1773010768,False,CLEAN
KXHIGHTMIN-26MAR07-B42.5,KXHIGHTMIN-26MAR07,Climate and Weather,no,210,210,0,97.0,20370,0,630,0.030927835051546393,1772946000,1772983038,37038,no,1772983038,False,CLEAN
KXNEXTIRANLEADER-45JAN01-HKHO,KXNEXTIRANLEADER-45JAN01,Elections,no,83,83,0,95.0,7885,0,415,0.05263157894736842,1772989200,1773008068,18868,no,1773008068,False,CLEAN
KXNEXTIRANLEADER-45JAN01-SLAR,KXNEXTIRANLEADER-45JAN01,Elections,no,12,12,0,98.0,1176,0,24,0.02040816326530612,1772989200,1773008068,18868,no,1773008068,False,CLEAN
KXNEXTIRANLEADER-45JAN01-AARA,KXNEXTIRANLEADER-45JAN01,Elections,no,325,325,0,90.0,29250,0,3250,0.1111111111111111,1772992800,1773008068,15268,no,1773008068,False,CLEAN
KXNEXTIRANLEADER-45JAN01-ABO,KXNEXTIRANLEADER-45JAN01,Elections,no,430,430,0,97.0,41710,0,1290,0.030927835051546393,1772992800,1773008068,15268,no,1773008068,False,CLEAN
KXNEXTIRANLEADER-45JAN01-HBUS,KXNEXTIRANLEADER-45JAN01,Elections,no,250,250,0,98.0,24500,0,500,0.02040816326530612,1772996400,1773008068,11668,no,1773008068,False,CLEAN
KXNEXTIRANLEADER-45JAN01-MMIR,KXNEXTIRANLEADER-45JAN01,Elections,no,7,7,0,98.0,686,0,14,0.02040816326530612,1772996400,1773008068,11668,no,1773008068,False,CLEAN
KXHIGHTDAL-26MAR08-B74.5,KXHIGHTDAL-26MAR08,Climate and Weather,yes,481,481,0,96.0,46176,0,1924,0.041666666666666664,1773014400,1773055968,41568,yes,1773055968,False,CLEAN
KXHIGHTNOLA-26MAR08-B78.5,KXHIGHTNOLA-26MAR08,Climate and Weather,no,23,23,0,94.0,2162,0,138,0.06382978723404255,1773014400,1773068808,54408,no,1773068808,False,CLEAN
KXHIGHTNOLA-26MAR08-T83,KXHIGHTNOLA-26MAR08,Climate and Weather,no,1,1,0,98.0,98,0,2,0.02040816326530612,1773014400,1773068808,54408,no,1773068808,False,CLEAN
KXHIGHTMIN-26MAR08-B61.5,KXHIGHTMIN-26MAR08,Climate and Weather,no,35,35,0,98.0,3430,0,70,0.02040816326530612,1773021600,1773068808,47208,no,1773068808,False,CLEAN
KXHIGHTMIN-26MAR08-T61,KXHIGHTMIN-26MAR08,Climate and Weather,yes,185,185,0,96.0,17760,0,740,0.041666666666666664,1773021600,1773068808,47208,yes,1773068808,False,CLEAN
KXHIGHTHOU-26MAR08-B75.5,KXHIGHTHOU-26MAR08,Climate and Weather,no,95,95,0,98.0,9310,0,190,0.02040816326530612,1773025200,1773055968,30768,no,1773055968,False,CLEAN
KXHIGHTSFO-26MAR08-B74.5,KXHIGHTSFO-26MAR08,Climate and Weather,yes,37,37,0,98.0,3626,0,74,0.02040816326530612,1773032400,1773055940,23540,yes,1773055940,False,CLEAN
KXCLOSEHORMUZ-27JAN,KXCLOSEHORMUZ-27JAN,Politics,yes,239,239,0,92.0,21988,0,1912,0.08695652173913043,1773144000,1773153432,9432,yes,1773153432,False,CLEAN
KXHIGHCHI-26MAR10-T64,KXHIGHCHI-26MAR10,Climate and Weather,no,510,510,0,98.0,49980,0,1020,0.02040816326530612,1773192212,1773230526,38314,no,1773230526,False,CLEAN
KXHIGHCHI-26MAR10-B63.5,KXHIGHCHI-26MAR10,Climate and Weather,yes,515,515,0,97.0,49955,0,1545,0.030927835051546393,1773193888,1773230526,36638,yes,1773230526,False,CLEAN
KXCPIYOY-26FEB-T2.5,KXCPIYOY-26FEB,Economics,no,62,62,0,91.0,5642,9,549,0.09730591988656505,1773219600,1773236266,16666,no,1773236266,False,CLEAN
KXCPI-26FEB-T0.1,KXCPI-26FEB,Economics,yes,45,45,0,94.0,4230,5,265,0.06264775413711583,1773226800,1773236246,9446,yes,1773236246,False,CLEAN
KXCPIYOY-26FEB-T2.6,KXCPIYOY-26FEB,Economics,no,100,100,0,94.0,9400,10,590,0.0627659574468085,1773226800,1773236266,9466,no,1773236266,False,CLEAN
KXHIGHTATL-26MAR11-B82.5,KXHIGHTATL-26MAR11,Climate and Weather,yes,380,380,0,95.0,36100,0,1900,0.05263157894736842,1773270000,1773315155,45155,yes,1773315155,False,CLEAN
KXHIGHTMIN-26MAR11-B41.5,KXHIGHTMIN-26MAR11,Climate and Weather,yes,52,52,0,98.0,5096,0,104,0.02040816326530612,1773277200,1773315155,37955,yes,1773315155,False,CLEAN
KXHIGHTPHX-26MAR11-B83.5,KXHIGHTPHX-26MAR11,Climate and Weather,yes,204,204,0,98.0,19992,0,408,0.02040816326530612,1773280800,1773315165,34365,yes,1773315165,False,CLEAN
KXHIGHLAX-26MAR11-B74.5,KXHIGHLAX-26MAR11,Climate and Weather,no,46,46,0,98.0,4508,0,92,0.02040816326530612,1773295200,1773315125,19925,no,1773315125,False,CLEAN
KXHIGHTLV-26MAR12-B81.5,KXHIGHTLV-26MAR12,Climate and Weather,yes,149,149,0,96.0,14304,0,596,0.041666666666666664,1773370800,1773415028,44228,yes,1773415028,False,CLEAN
KXHIGHTMIN-26MAR12-B49.5,KXHIGHTMIN-26MAR12,Climate and Weather,no,44,44,0,98.0,4312,0,88,0.02040816326530612,1773378000,1773415358,37358,no,1773415358,False,CLEAN
KXPCECORE-26JAN-T0.3,KXPCECORE-26JAN,Economics,yes,63,63,0,93.0,5859,0,441,0.07526881720430108,1773388800,1773412408,23608,yes,1773412408,False,CLEAN
KXHIGHNY-26MAR13-B47.5,KXHIGHNY-26MAR13,Climate and Weather,no,43,43,0,97.0,4171,0,129,0.030927835051546393,1773446400,1773489978,43578,no,1773489978,False,CLEAN
KXHIGHTATL-26MAR13-B67.5,KXHIGHTATL-26MAR13,Climate and Weather,yes,38,38,0,95.0,3610,0,190,0.05263157894736842,1773446400,1773488218,41818,yes,1773488218,False,CLEAN
KXHIGHTDAL-26MAR14-B80.5,KXHIGHTDAL-26MAR14,Climate and Weather,yes,432,432,0,93.0,40176,0,3024,0.07526881720430108,1773532800,1773574359,41559,yes,1773574359,False,CLEAN
KXHIGHCHI-26MAR14-B41.5,KXHIGHCHI-26MAR14,Climate and Weather,no,61,61,0,93.0,5673,0,427,0.07526881720430108,1773540000,1773595579,55579,no,1773595579,False,CLEAN
KXHIGHTSEA-26MAR14-B47.5,KXHIGHTSEA-26MAR14,Climate and Weather,no,54,54,0,98.0,5292,0,108,0.02040816326530612,1773543600,1773574359,30759,no,1773574359,False,CLEAN
KXHIGHTLV-26MAR14-B87.5,KXHIGHTLV-26MAR14,Climate and Weather,yes,144,144,0,97.0,13968,0,432,0.030927835051546393,1773547200,1773574359,27159,yes,1773574359,False,CLEAN
KXHIGHTSEA-26MAR14-B45.5,KXHIGHTSEA-26MAR14,Climate and Weather,yes,151,151,0,98.0,14798,0,302,0.02040816326530612,1773558000,1773574359,16359,yes,1773574359,False,CLEAN
KXHIGHNY-26MAR15-B49.5,KXHIGHNY-26MAR15,Climate and Weather,no,137,137,0,92.0,12604,0,1096,0.08695652173913043,1773615600,1773674189,58589,no,1773674189,False,CLEAN
KXHIGHPHIL-26MAR15-B59.5,KXHIGHPHIL-26MAR15,Climate and Weather,no,20,20,0,94.0,1880,0,120,0.06382978723404255,1773615600,1773670889,55289,no,1773670889,False,CLEAN
KXHIGHTATL-26MAR15-B75.5,KXHIGHTATL-26MAR15,Climate and Weather,no,73,73,0,98.0,7154,0,146,0.02040816326530612,1773615600,1773660769,45169,no,1773660769,False,CLEAN
KXHIGHTBOS-26MAR15-T45,KXHIGHTBOS-26MAR15,Climate and Weather,no,9,9,0,96.0,864,0,36,0.041666666666666664,1773615600,1773672419,56819,no,1773672419,False,CLEAN
KXHIGHTDC-26MAR15-B61.5,KXHIGHTDC-26MAR15,Climate and Weather,no,30,30,0,92.0,2760,0,240,0.08695652173913043,1773619200,1773672419,53219,no,1773672419,False,CLEAN
KXHIGHTDC-26MAR15-B63.5,KXHIGHTDC-26MAR15,Climate and Weather,no,5,5,0,96.0,480,0,20,0.041666666666666664,1773619200,1773672419,53219,no,1773672419,False,CLEAN
KXAAAGASW-26MAR16TH-3.690,KXAAAGASW-26MAR16TH,Economics,yes,510,510,0,98.0,49980,0,1020,0.02040816326530612,1773622800,1773674859,52059,yes,1773674859,False,CLEAN
KXHIGHNY-26MAR15-B51.5,KXHIGHNY-26MAR15,Climate and Weather,no,191,191,0,97.0,18527,0,573,0.030927835051546393,1773622800,1773674189,51389,no,1773674189,False,CLEAN
KXAAAGASW-26MAR16TH-3.740,KXAAAGASW-26MAR16TH,Economics,no,45,45,0,93.0,4185,0,315,0.07526881720430108,1773626400,1773674859,48459,no,1773674859,False,CLEAN
KXHIGHTSEA-26MAR15-T50,KXHIGHTSEA-26MAR15,Climate and Weather,no,45,45,0,97.0,4365,0,135,0.030927835051546393,1773626400,1773660759,34359,no,1773660759,False,CLEAN
KXHIGHTBOS-26MAR15-B44.5,KXHIGHTBOS-26MAR15,Climate and Weather,no,1,1,0,97.0,97,0,3,0.030927835051546393,1773630000,1773672419,42419,no,1773672419,False,CLEAN
KXHIGHNY-26MAR16-B57.5,KXHIGHNY-26MAR16,Climate and Weather,yes,361,361,0,91.0,32851,0,3249,0.0989010989010989,1773701357,1773748929,47572,yes,1773748929,False,CLEAN
KXHIGHTSEA-26MAR16-B56.5,KXHIGHTSEA-26MAR16,Climate and Weather,no,321,321,0,91.0,29211,0,-29211,-1.0,1773712800,1773763949,51149,yes,1773763949,False,CLEAN
KXHIGHTBOS-26MAR16-B65.5,KXHIGHTBOS-26MAR16,Climate and Weather,no,21,21,0,98.0,2058,0,42,0.02040816326530612,1773716400,1773763949,47549,no,1773763949,False,CLEAN
KXHORMUZTRAFFICW-26MAR15-T20,KXHORMUZTRAFFICW-26MAR15,Politics,yes,11,11,0,90.0,990,0,110,0.1111111111111111,1773741600,1773769339,27739,yes,1773769339,False,CLEAN
KXHIGHAUS-26MAR17-B66.5,KXHIGHAUS-26MAR17,Climate and Weather,yes,291,291,0,97.0,28227,0,873,0.030927835051546393,1773792000,1773835459,43459,yes,1773835459,False,CLEAN
KXHIGHTMIN-26MAR17-B25.5,KXHIGHTMIN-26MAR17,Climate and Weather,no,183,183,0,96.0,17568,0,732,0.041666666666666664,1773795600,1773847019,51419,no,1773847019,False,CLEAN
KXHIGHTMIN-26MAR17-T26,KXHIGHTMIN-26MAR17,Climate and Weather,no,7,7,0,96.0,672,0,28,0.041666666666666664,1773795600,1773847019,51419,no,1773847019,False,CLEAN
KXHIGHTDC-26MAR17-B42.5,KXHIGHTDC-26MAR17,Climate and Weather,yes,84,84,0,98.0,8232,0,168,0.02040816326530612,1773806400,1773833689,27289,yes,1773833689,False,CLEAN
KXHIGHTMIN-26MAR17-B23.5,KXHIGHTMIN-26MAR17,Climate and Weather,no,63,63,0,96.0,6048,0,252,0.041666666666666664,1773806400,1773847019,40619,no,1773847019,False,CLEAN
KXFOMCDISSENTCOUNT-26MAR-3,KXFOMCDISSENTCOUNT-26MAR,Economics,no,68,68,0,90.0,6120,0,680,0.1111111111111111,1773842400,1773859229,16829,no,1773859229,False,CLEAN
KXHIGHMIA-26MAR18-B69.5,KXHIGHMIA-26MAR18,Climate and Weather,yes,260,260,0,96.0,24960,0,1040,0.041666666666666664,1773878400,1773921730,43330,yes,1773921730,False,CLEAN
KXHIGHTBOS-26MAR18-T37,KXHIGHTBOS-26MAR18,Climate and Weather,yes,76,76,0,94.0,7144,0,456,0.06382978723404255,1773885600,1773919970,34370,yes,1773919970,False,CLEAN
KXHIGHTBOS-26MAR19-B39.5,KXHIGHTBOS-26MAR19,Climate and Weather,yes,101,101,0,95.0,9595,0,505,0.05263157894736842,1773964800,1774006360,41560,yes,1774006360,False,CLEAN
KXHIGHTDC-26MAR19-B56.5,KXHIGHTDC-26MAR19,Climate and Weather,yes,225,225,0,97.0,21825,0,675,0.030927835051546393,1773964800,1774006350,41550,yes,1774006350,False,CLEAN
KXHIGHTSEA-26MAR19-B57.5,KXHIGHTSEA-26MAR19,Climate and Weather,no,94,94,0,98.0,9212,0,188,0.02040816326530612,1773986400,1774006360,19960,no,1774006360,False,CLEAN
KXHIGHNY-26MAR20-B57.5,KXHIGHNY-26MAR20,Climate and Weather,yes,80,80,0,98.0,7840,0,160,0.02040816326530612,1774054800,1774094550,39750,yes,1774094550,False,CLEAN
KXAAAGASW-26MAR23-3.940,KXAAAGASW-26MAR23,Economics,yes,520,520,0,96.0,49920,0,2080,0.041666666666666664,1774224000,1774272871,48871,yes,1774272871,False,CLEAN
KXAAAGASW-26MAR23-3.990,KXAAAGASW-26MAR23,Economics,no,105,105,0,97.0,10185,0,315,0.030927835051546393,1774224000,1774272771,48771,no,1774272771,False,CLEAN
KXAAAGASW-26MAR23-3.970,KXAAAGASW-26MAR23,Economics,no,526,526,0,95.0,49970,0,2630,0.05263157894736842,1774227600,1774272771,45171,no,1774272771,False,CLEAN
KXAAAGASW-26MAR23-3.930,KXAAAGASW-26MAR23,Economics,yes,61,61,0,96.0,5856,0,244,0.041666666666666664,1774231200,1774272870,41670,yes,1774272870,False,CLEAN
KXAAAGASW-26MAR23-4.000,KXAAAGASW-26MAR23,Economics,no,510,510,0,98.0,49980,0,1020,0.02040816326530612,1774231200,1774272771,41571,no,1774272771,False,CLEAN
KXAAAGASW-26MAR23-3.980,KXAAAGASW-26MAR23,Economics,no,310,310,0,97.0,30070,0,930,0.030927835051546393,1774234800,1774272771,37971,no,1774272771,False,CLEAN
KXHORMUZTRAFFICW-26MAR22-T25,KXHORMUZTRAFFICW-26MAR22,Politics,yes,12,12,0,94.0,1128,0,-1128,-1.0,1774346400,1774363890,17490,no,1774363890,False,CLEAN
KXAAAGASD-26MAR28-3.985,KXAAAGASD-26MAR28,Economics,no,214,214,0,98.0,20972,0,428,0.02040816326530612,1774666800,1774714518,47718,no,1774714518,False,CLEAN
KXHIGHTDAL-26MAR28-T58,KXHIGHTDAL-26MAR28,Climate and Weather,yes,1,1,0,96.0,96,0,4,0.041666666666666664,1774760400,1774783968,23568,yes,1774783968,False,CLEAN
KXAAAGASM-26MAR31-4.06,KXAAAGASM-26MAR31,Economics,no,145,145,0,97.0,14065,8,427,0.03035904728048347,1774915200,1774963538,48338,no,1774963538,False,CLEAN
KXAAAGASM-26MAR31-4.08,KXAAAGASM-26MAR31,Economics,no,270,270,0,98.0,26460,10,530,0.0200302343159486,1774922400,1774963538,41138,no,1774963538,False,CLEAN
KXHIGHTSFO-26MAR30-B72.5,KXHIGHTSFO-26MAR30,Climate and Weather,yes,63,63,0,95.0,5985,0,315,0.05263157894736842,1774929600,1774956747,27147,yes,1774956747,False,CLEAN
KXCABLEAVE-26MAR-26APR,KXCABLEAVE-26MAR,Politics,no,7,7,0,98.0,686,0,14,0.02040816326530612,1775098800,1775160923,62123,no,1775160923,False,CLEAN
KXHIGHCHI-26APR01-B44.5,KXHIGHCHI-26APR01,Climate and Weather,no,196,196,0,96.0,18816,0,784,0.041666666666666664,1775098800,1775131363,32563,no,1775131363,False,CLEAN
KXCABOUT-26MAR-PHEG,KXCABOUT-26MAR,Politics,no,9,9,0,94.0,846,0,54,0.06382978723404255,1775138400,1775154303,15903,no,1775154303,False,CLEAN
KXCABOUT-26MAR-TGAB,KXCABOUT-26MAR,Politics,no,361,361,0,91.0,32851,0,3249,0.0989010989010989,1775142000,1775154303,12303,no,1775154303,False,CLEAN
KXCABOUT-26MAR-HLUT,KXCABOUT-26MAR,Politics,no,510,510,0,98.0,49980,0,1020,0.02040816326530612,1775149200,1775154303,5103,no,1775154303,False,CLEAN
KXCABOUT-26MAR-LZEL,KXCABOUT-26MAR,Politics,no,362,362,0,97.0,35114,0,1086,0.030927835051546393,1775149200,1775154303,5103,no,1775154303,False,CLEAN
KXBONDIOUT-26APR03,KXBONDIOUT,Politics,no,325,325,0,90.0,29250,0,-29250,-1.0,1775181600,1775775684,594084,yes,1775775684,False,CLEAN
KXPAYROLLS-26MAR-T-75000,KXPAYROLLS-26MAR,Economics,yes,1,1,0,93.0,93,1,6,0.06451612903225806,1775206800,1775223683,16883,yes,1775223683,False,CLEAN
KXHIGHTATL-26APR04-B83.5,KXHIGHTATL-26APR04,Climate and Weather,yes,52,52,0,96.0,4992,0,-4992,-1.0,1775347200,1775388783,41583,no,1775388783,False,CLEAN
KXHIGHTMIN-26APR04-B38.5,KXHIGHTMIN-26APR04,Climate and Weather,yes,90,90,0,97.0,8730,0,270,0.030927835051546393,1775350800,1775388783,37983,yes,1775388783,False,CLEAN
KXAAAGASW-26APR06-4.140,KXAAAGASW-26APR06,Economics,no,510,510,0,98.0,49980,0,1020,0.02040816326530612,1775430000,1775481883,51883,no,1775481883,False,CLEAN
KXAAAGASW-26APR06-4.130,KXAAAGASW-26APR06,Economics,no,325,325,0,90.0,29250,0,3250,0.1111111111111111,1775437200,1775481883,44683,no,1775481883,False,CLEAN
KXAAAGASW-26APR06-4.150,KXAAAGASW-26APR06,Economics,no,510,510,0,98.0,49980,0,1020,0.02040816326530612,1775440800,1775481883,41083,no,1775481883,False,CLEAN
KXAAAGASD-26APR07-4.135,KXAAAGASD-26APR07,Economics,yes,357,357,0,91.0,32487,0,3213,0.0989010989010989,1775516400,1775569231,52831,yes,1775569231,False,CLEAN
KXHORMUZTRAFFIC-26APR01-T3,KXHORMUZTRAFFIC-26APR01,Politics,yes,143,143,0,97.0,13871,0,429,0.030927835051546393,1775563200,1775573681,10481,yes,1775573681,False,CLEAN
KXBONDIOUT-26APR16,KXBONDIOUT,Politics,yes,45,45,0,93.0,4185,0,315,0.07526881720430108,1775581200,1775586751,5551,yes,1775586751,False,CLEAN
KXBONDIOUT-26MAY01,KXBONDIOUT,Politics,yes,66,66,0,95.0,6270,0,330,0.05263157894736842,1775581200,1775586731,5531,yes,1775586731,False,CLEAN
KXBONDIOUT-APR09,KXBONDIOUT,Politics,yes,120,120,0,93.0,11160,0,840,0.07526881720430108,1775581200,1775586761,5561,yes,1775586761,False,CLEAN
KXGA14S-26-CFUL,KXGA14S-26,Elections,yes,205,205,0,98.0,20090,0,410,0.02040816326530612,1775592000,1775610702,18702,yes,1775610702,False,CLEAN
KXAAAGASD-26APR09-4.175,KXAAAGASD-26APR09,Economics,no,40,40,0,92.0,3680,0,320,0.08695652173913043,1775692800,1775744235,51435,no,1775744235,False,CLEAN
KXHIGHMIA-26APR08-T83,KXHIGHMIA-26APR08,Climate and Weather,no,286,286,0,98.0,28028,0,572,0.02040816326530612,1775692800,1775751984,59184,no,1775751984,False,CLEAN
KXAPRPOTUS-26APR10-40.2,KXAPRPOTUS-26APR10,Politics,no,7,7,0,90.0,630,0,70,0.1111111111111111,1775822400,1775837284,14884,no,1775837284,False,CLEAN
KXECONSTATCPIYOY-26MAR-T3.1,KXECONSTATCPIYOY-26MAR,Economics,no,4,4,0,97.0,388,0,12,0.030927835051546393,1775822400,1775827924,5524,no,1775827924,False,CLEAN
KXCPIYOY-26MAR-T3.1,KXCPIYOY-26MAR,Economics,yes,5,5,0,95.0,475,1,24,0.05052631578947368,1775826000,1775826324,324,yes,1775826324,False,CLEAN
KXCPIYOY-26MAR-T3.5,KXCPIYOY-26MAR,Economics,no,62,62,0,93.0,5766,8,426,0.07388137356919876,1775826000,1775826324,324,no,1775826324,False,CLEAN
KXTRUMPUFC-UFC327,KXTRUMPUFC,Politics,yes,520,520,0,96.0,49920,0,2080,0.041666666666666664,1775944800,1775961129,16329,yes,1775961129,False,CLEAN
KXHIGHMIA-26APR11-B80.5,KXHIGHMIA-26APR11,Climate and Weather,yes,434,434,0,98.0,42532,0,434,0.01020408163265306,1775952000,1776712002,760002,scalar,1776712002,False,CLEAN
KXHIGHMIA-26APR11-B82.5,KXHIGHMIA-26APR11,Climate and Weather,no,510,510,0,98.0,49980,0,1020,0.02040816326530612,1775952000,1776711902,759902,no,1776711902,False,CLEAN
KXHIGHTMIN-26APR11-B56.5,KXHIGHTMIN-26APR11,Climate and Weather,no,35,35,0,98.0,3430,0,70,0.02040816326530612,1775959200,1776006429,47229,no,1776006429,False,CLEAN
KXHIGHTMIN-26APR11-B54.5,KXHIGHTMIN-26APR11,Climate and Weather,no,22,22,0,97.0,2134,0,66,0.030927835051546393,1775962800,1776006429,43629,no,1776006429,False,CLEAN
KXHIGHTMIN-26APR11-T57,KXHIGHTMIN-26APR11,Climate and Weather,no,1,1,0,98.0,98,0,2,0.02040816326530612,1775962800,1776006429,43629,no,1776006429,False,CLEAN
KXSWALWELLDROPOUT-26-APR12,KXSWALWELLDROPOUT-26,Elections,no,103,103,0,97.0,9991,0,309,0.030927835051546393,1775962800,1776006719,43919,no,1776006719,False,CLEAN
KXAAAGASW-26APR13-4.140,KXAAAGASW-26APR13,Economics,no,510,510,0,98.0,49980,0,1020,0.02040816326530612,1776034800,1776087329,52529,no,1776087329,False,CLEAN
KXAAAGASW-26APR13-4.150,KXAAAGASW-26APR13,Economics,no,292,292,0,98.0,28616,0,584,0.02040816326530612,1776034800,1776087329,52529,no,1776087329,False,CLEAN
KXAAAGASW-26APR13-4.110,KXAAAGASW-26APR13,Economics,yes,515,515,0,97.0,49955,0,1545,0.030927835051546393,1776038400,1776087329,48929,yes,1776087329,False,CLEAN
KXAAAGASW-26APR13-4.130,KXAAAGASW-26APR13,Economics,no,464,464,0,93.0,43152,0,3248,0.07526881720430108,1776042000,1776087329,45329,no,1776087329,False,CLEAN
KXSWALWELLDROPOUT-26,KXSWALWELLDROPOUT-26,Elections,yes,406,406,0,92.0,37352,0,3248,0.08695652173913043,1776042000,1776043969,1969,yes,1776043969,False,CLEAN
KXAAAGASD-26APR13-4.115,KXAAAGASD-26APR13,Economics,yes,464,464,0,93.0,43152,0,3248,0.07526881720430108,1776049200,1776087289,38089,yes,1776087289,False,CLEAN
KXHIGHTSEA-26APR14-B50.5,KXHIGHTSEA-26APR14,Climate and Weather,no,47,47,0,98.0,4606,0,94,0.02040816326530612,1776236400,1776252779,16379,no,1776252779,False,CLEAN
KXAAAGASD-26APR17-4.085,KXAAAGASD-26APR17,Economics,no,325,325,0,90.0,29250,0,3250,0.1111111111111111,1776384000,1776434344,50344,no,1776434344,False,CLEAN
KXHIGHMIA-26APR16-B84.5,KXHIGHMIA-26APR16,Climate and Weather,no,9,9,0,98.0,882,0,18,0.02040816326530612,1776384000,1776427354,43354,no,1776427354,False,CLEAN
KXHIGHTATL-26APR16-B84.5,KXHIGHTATL-26APR16,Climate and Weather,yes,520,520,0,96.0,49920,0,2080,0.041666666666666664,1776384000,1776425584,41584,yes,1776425584,False,CLEAN
KXHIGHTBOS-26APR16-T63,KXHIGHTBOS-26APR16,Climate and Weather,yes,510,510,0,98.0,49980,0,1020,0.02040816326530612,1776387600,1776425584,37984,yes,1776425584,False,CLEAN
KXHIGHTBOS-26APR16-B65.5,KXHIGHTBOS-26APR16,Climate and Weather,no,17,17,0,98.0,1666,0,34,0.02040816326530612,1776391200,1776425584,34384,no,1776425584,False,CLEAN
KXAAAGASD-26APR17-4.090,KXAAAGASD-26APR17,Economics,no,510,510,0,98.0,49980,0,1020,0.02040816326530612,1776394800,1776434344,39544,no,1776434344,False,CLEAN
KXVOTEHUBTRUMPUPDOWN-26APR16,KXVOTEHUBTRUMPUPDOWN-26APR16,Politics,no,105,105,0,94.0,9870,0,630,0.06382978723404255,1776394800,1776437034,42234,no,1776437034,False,CLEAN
KXAPRPOTUS-26APR17-41.1,KXAPRPOTUS-26APR17,Politics,no,110,110,0,97.0,10670,0,330,0.030927835051546393,1776438000,1776441704,3704,no,1776441704,False,CLEAN
KXFISAEXTEND-26MAR-APR21,KXFISAEXTEND-26MAR,Politics,yes,4,4,0,94.0,376,0,24,0.06382978723404255,1776513600,1776529904,16304,yes,1776529904,False,CLEAN
KXFISAEXTEND-26MAR,KXFISAEXTEND-26MAR,Politics,yes,2,2,0,92.0,184,0,16,0.08695652173913043,1776517200,1776529864,12664,yes,1776529864,False,CLEAN
KXFISAEXTEND-26MAR-APR19,KXFISAEXTEND-26MAR,Politics,yes,510,510,0,98.0,49980,0,1020,0.02040816326530612,1776528000,1776529844,1844,yes,1776529844,False,CLEAN
KXAAAGASW-26APR20-4.050,KXAAAGASW-26APR20,Economics,no,325,325,0,90.0,29250,0,3250,0.1111111111111111,1776639600,1776693374,53774,no,1776693374,False,CLEAN
KXAAAGASW-26APR20-4.040,KXAAAGASW-26APR20,Economics,yes,406,406,0,92.0,37352,0,3248,0.08695652173913043,1776643200,1776693374,50174,yes,1776693374,False,CLEAN
KXAAAGASW-26APR20-4.060,KXAAAGASW-26APR20,Economics,no,515,515,0,97.0,49955,0,1545,0.030927835051546393,1776646800,1776693374,46574,no,1776693374,False,CLEAN
KXCABOUT-26APR-CWRI,KXCABOUT-26APR,Politics,no,39,39,0,97.0,3783,0,117,0.030927835051546393,1776708000,1776722592,14592,no,1776722592,False,CLEAN
KXHIGHTSATX-26APR20-B65.5,KXHIGHTSATX-26APR20,Climate and Weather,no,8,8,0,97.0,776,0,24,0.030927835051546393,1776751200,1776783223,32023,no,1776783223,False,CLEAN
KXHIGHTDAL-26APR21-B63.5,KXHIGHTDAL-26APR21,Climate and Weather,yes,74,74,0,92.0,6808,0,592,0.08695652173913043,1776819600,1776857623,38023,yes,1776857623,False,CLEAN
KXHIGHTBOS-26APR22-B46.5,KXHIGHTBOS-26APR22,Climate and Weather,yes,6,6,0,98.0,588,0,12,0.02040816326530612,1776913200,1776957184,43984,yes,1776957184,False,CLEAN
KXVOTEHUBTRUMPUPDOWN-26APR23,KXVOTEHUBTRUMPUPDOWN-26APR23,Politics,no,76,76,0,96.0,7296,0,304,0.041666666666666664,1776999600,1777041684,42084,no,1777041684,False,CLEAN
KXAPRPOTUS-26APR24-41.2,KXAPRPOTUS-26APR24,Politics,no,16,16,0,94.0,1504,0,96,0.06382978723404255,1777024800,1777049894,25094,no,1777049894,False,CLEAN
KXAPRPOTUS-26APR24-41.1,KXAPRPOTUS-26APR24,Politics,yes,5,5,0,95.0,475,0,25,0.05263157894736842,1777032000,1777049894,17894,yes,1777049894,False,CLEAN
KXDJTWHDINNER-29,KXDJTWHDINNER-29,Politics,yes,11,11,0,97.0,1067,0,33,0.030927835051546393,1777158000,1777172279,14279,yes,1777172279,False,CLEAN
KXTRUMPPHOTO-26APR25,KXTRUMPPHOTO-26APR25,Politics,no,510,510,0,98.0,49980,0,1020,0.02040816326530612,1777204800,1777218019,13219,no,1777218019,False,CLEAN
KXTRUMPTIME-26APR25-H3,KXTRUMPTIME-26APR25,Politics,no,7,7,0,95.0,665,0,35,0.05263157894736842,1777212000,1777218049,6049,no,1777218049,False,CLEAN
KXAAAGASW-26APR27-4.100,KXAAAGASW-26APR27,Economics,yes,146,146,0,91.0,13286,0,1314,0.0989010989010989,1777255200,1777298989,43789,yes,1777298989,False,CLEAN
KXCBDECISIONJAPAN-26APR27-HOLD,KXCBDECISIONJAPAN-26APR27,Economics,yes,12,12,0,98.0,1176,0,24,0.02040816326530612,1777330800,1777347638,16838,yes,1777347638,False,CLEAN
KXHORMUZWEEKLY-26APR26-T80,KXHORMUZWEEKLY-26APR26,Politics,no,29,29,0,96.0,2784,0,116,0.041666666666666664,1777370400,1777399958,29558,no,1777399958,False,CLEAN
KXARREST-27JAN-JCOM,KXARREST-27JAN,Politics,yes,325,325,0,90.0,29250,0,3250,0.1111111111111111,1777478400,1777489816,11416,yes,1777489816,False,CLEAN
KXFOMCDISSENTCOUNT-26APR-0,KXFOMCDISSENTCOUNT-26APR,Economics,no,1,1,0,94.0,94,0,6,0.06382978723404255,1777482000,1777488765,6765,no,1777488765,False,CLEAN
KXAAAGASM-26APR30-4.40,KXAAAGASM-26APR30,Economics,no,76,76,0,97.0,7372,4,224,0.030385241454150842,1777503600,1777558146,54546,no,1777558146,False,CLEAN
KXAAAGASD-26APR30-4.280,KXAAAGASD-26APR30,Economics,yes,106,106,0,94.0,9964,0,636,0.06382978723404255,1777518000,1777557906,39906,yes,1777557906,False,CLEAN
KXDHSFUND-26JUN01,KXDHSFUND,Politics,yes,325,325,0,90.0,29250,0,3250,0.1111111111111111,1777564800,1777583376,18576,yes,1777583376,False,CLEAN
KXHIGHTBOS-26APR30-B58.5,KXHIGHTBOS-26APR30,Climate and Weather,no,1,1,0,96.0,96,0,4,0.041666666666666664,1777593600,1777635186,41586,no,1777635186,False,CLEAN
KXHIGHTBOS-26APR30-B60.5,KXHIGHTBOS-26APR30,Climate and Weather,no,1,1,0,98.0,98,0,2,0.02040816326530612,1777593600,1777635186,41586,no,1777635186,False,CLEAN
KXVOTEHUBTRUMPUPDOWN-26APR30,KXVOTEHUBTRUMPUPDOWN-26APR30,Politics,yes,515,515,0,97.0,49955,0,1545,0.030927835051546393,1777597200,1777646586,49386,yes,1777646586,False,CLEAN
KXAPRPOTUS-26MAY01-39.9,KXAPRPOTUS-26MAY01,Politics,no,2,2,0,95.0,190,0,10,0.05263157894736842,1777640400,1777651726,11326,no,1777651726,False,CLEAN
KXHIGHPHIL-26MAY01-B65.5,KXHIGHPHIL-26MAY01,Climate and Weather,yes,102,102,0,95.0,9690,0,510,0.05263157894736842,1777680000,1777720045,40045,yes,1777720045,False,CLEAN
KXAAAGASW-26MAY04-4.440,KXAAAGASW-26MAY04,Economics,yes,320,320,0,98.0,31360,0,640,0.02040816326530612,1777852800,1777903741,50941,yes,1777903741,False,CLEAN
KXHIGHNY-26MAY03-B59.5,KXHIGHNY-26MAY03,Climate and Weather,yes,52,52,0,95.0,4940,0,260,0.05263157894736842,1777852800,1777896151,43351,yes,1777896151,False,CLEAN
KXHIGHNY-26MAY03-B61.5,KXHIGHNY-26MAY03,Climate and Weather,no,399,399,0,95.0,37905,0,1995,0.05263157894736842,1777852800,1777896151,43351,no,1777896151,False,CLEAN
KXAAAGASW-26MAY04-4.470,KXAAAGASW-26MAY04,Economics,no,515,515,0,97.0,49955,0,1545,0.030927835051546393,1777860000,1777903741,43741,no,1777903741,False,CLEAN
KXMETGALA-ASA,KXMETGALA,Politics,yes,56,56,0,90.0,5040,0,560,0.1111111111111111,1777932000,1777948081,16081,yes,1777948081,False,CLEAN
KXMETGALA-HAI,KXMETGALA,Politics,yes,83,83,0,94.0,7802,0,498,0.06382978723404255,1777932000,1777948301,16301,yes,1777948301,False,CLEAN
KXMETGALA-RIH,KXMETGALA,Politics,yes,520,520,0,96.0,49920,0,2080,0.041666666666666664,1777932000,1777947671,15671,yes,1777947671,False,CLEAN
KXHORMUZWEEKLY-26MAY03-T70,KXHORMUZWEEKLY-26MAY03,Politics,no,2,2,0,91.0,182,0,18,0.0989010989010989,1777986000,1778597675,611675,no,1778597675,False,CLEAN
KXNBAATTEND-26-76RSVSKNICKSG2-SPI,KXNBAATTEND-26-76RSVSKNICKSG2,Politics,yes,355,355,0,97.0,34435,0,1065,0.030927835051546393,1778104800,1778116651,11851,yes,1778116651,False,CLEAN
KXHIGHTDC-26MAY06-T73,KXHIGHTDC-26MAY06,Climate and Weather,yes,85,85,0,92.0,7820,0,680,0.08695652173913043,1778112000,1778153658,41658,yes,1778153658,False,CLEAN
KXCBDECISIONMEXICO-26MAY07-HOLD,KXCBDECISIONMEXICO-26MAY07,Economics,no,9,9,0,94.0,846,0,54,0.06382978723404255,1778166000,1778182619,16619,no,1778182619,False,CLEAN
KXUAPFILES-27,KXUAPFILES-27,Politics,yes,75,75,0,90.0,6750,0,750,0.1111111111111111,1778234400,1778251424,17024,yes,1778251424,False,CLEAN
KXPAYROLLS-26APR-T-50000,KXPAYROLLS-26APR,Economics,yes,3,3,0,91.0,273,1,26,0.09523809523809523,1778241600,1778248905,7305,yes,1778248905,False,CLEAN
KXPAYROLLS-26APR-T200000,KXPAYROLLS-26APR,Economics,no,15,15,0,98.0,1470,1,29,0.019727891156462583,1778241600,1778248905,7305,no,1778248905,False,CLEAN
KXAPRPOTUS-26MAY08-39.9,KXAPRPOTUS-26MAY08,Politics,no,96,96,0,97.0,9312,0,288,0.030927835051546393,1778248800,1778256084,7284,no,1778256084,False,CLEAN
KXAAAGASD-26MAY09-4.545,KXAAAGASD-26MAY09,Economics,no,510,510,0,98.0,49980,0,1020,0.02040816326530612,1778284800,1778329426,44626,no,1778329426,False,CLEAN
KXAAAGASD-26MAY09-4.540,KXAAAGASD-26MAY09,Economics,no,212,212,0,93.0,19716,0,1484,0.07526881720430108,1778295600,1778329426,33826,no,1778329426,False,CLEAN
KXHIGHTHOU-26MAY08-T76,KXHIGHTHOU-26MAY08,Climate and Weather,yes,411,411,0,93.0,38223,0,-38223,-1.0,1778299200,1778344636,45436,no,1778344636,False,CLEAN
KXAAAGASD-26MAY10-4.530,KXAAAGASD-26MAY10,Economics,no,485,485,0,95.0,46075,0,2425,0.05263157894736842,1778367600,1778421835,54235,no,1778421835,False,CLEAN
KXAAAGASD-26MAY10-4.525,KXAAAGASD-26MAY10,Economics,no,261,261,0,90.0,23490,0,2610,0.1111111111111111,1778378400,1778421835,43435,no,1778421835,False,CLEAN
KXAAAGASD-26MAY11-4.530,KXAAAGASD-26MAY11,Economics,no,182,182,0,97.0,17654,0,546,0.030927835051546393,1778454000,1778506955,52955,no,1778506955,False,CLEAN
KXAAAGASW-26MAY11-4.530,KXAAAGASW-26MAY11,Economics,no,531,531,0,94.0,49914,0,3186,0.06382978723404255,1778454000,1778506975,52975,no,1778506975,False,CLEAN
KXAAAGASD-26MAY11-4.515,KXAAAGASD-26MAY11,Economics,yes,341,341,0,95.0,32395,0,1705,0.05263157894736842,1778457600,1778506955,49355,yes,1778506955,False,CLEAN
KXAAAGASW-26MAY11-4.540,KXAAAGASW-26MAY11,Economics,no,510,510,0,98.0,49980,0,1020,0.02040816326530612,1778468400,1778506975,38575,no,1778506975,False,CLEAN
KXAAAGASD-26MAY12-4.510,KXAAAGASD-26MAY12,Economics,yes,5,5,0,90.0,450,0,-450,-1.0,1778547600,1778592815,45215,no,1778592815,False,CLEAN
KXCPICORE-26APR-T0.4,KXCPICORE-26APR,Economics,no,21,21,0,93.0,1953,0,147,0.07526881720430108,1778576400,1778597065,20665,no,1778597065,False,CLEAN
KXCPI-26APR-T0.7,KXCPI-26APR,Economics,no,62,62,0,97.0,6014,4,182,0.03026272031925507,1778587200,1778593005,5805,no,1778593005,False,CLEAN
KXCPIYOY-26APR-T3.8,KXCPIYOY-26APR,Economics,no,51,51,0,94.0,4794,6,300,0.0625782227784731,1778587200,1778593605,6405,no,1778593605,False,CLEAN
KXCPIYOY-26APR-T3.9,KXCPIYOY-26APR,Economics,no,6,6,0,98.0,588,1,11,0.01870748299319728,1778587200,1778593605,6405,no,1778593605,False,CLEAN
KXHORMUZWEEKLY-26MAY10-T100,KXHORMUZWEEKLY-26MAY10,Politics,no,9,9,0,98.0,882,0,18,0.02040816326530612,1778587200,1778597525,10325,no,1778597525,False,CLEAN
KXSENATEWVD-26-JKES,KXSENATEWVD-26,Elections,yes,138,138,0,90.0,12420,0,-12420,-1.0,1778630400,1778641761,11361,no,1778641761,False,CLEAN
KXSENATEWVD-26-RAND,KXSENATEWVD-26,Elections,no,25,25,0,98.0,2450,0,-2450,-1.0,1778630400,1778641761,11361,yes,1778641761,False,CLEAN
KXAAAGASD-26MAY14-4.525,KXAAAGASD-26MAY14,Economics,yes,316,316,0,92.0,29072,0,2528,0.08695652173913043,1778716800,1778766454,49654,yes,1778766454,False,CLEAN
KXVOTEHUBTRUMPUPDOWN-26MAY14,KXVOTEHUBTRUMPUPDOWN-26MAY14,Politics,no,56,56,0,91.0,5096,0,504,0.0989010989010989,1778803200,1778855641,52441,no,1778855641,False,CLEAN
KXHIGHTDC-26MAY15-B72.5,KXHIGHTDC-26MAY15,Climate and Weather,yes,5,5,0,98.0,490,0,10,0.02040816326530612,1778889600,1778931191,41591,yes,1778931191,False,CLEAN
KXAAAGASW-26MAY18-4.520,KXAAAGASW-26MAY18,Economics,no,531,531,0,94.0,49914,0,3186,0.06382978723404255,1779073200,1779111411,38211,no,1779111411,False,CLEAN
KXHIGHTLV-26MAY18-B78.5,KXHIGHTLV-26MAY18,Climate and Weather,no,1,1,0,98.0,98,0,2,0.02040816326530612,1779177600,1779190351,12751,no,1779190351,False,CLEAN
KXSENATEKYR-26-DCAM,KXSENATEKYR-26,Elections,no,89,89,0,98.0,8722,0,178,0.02040816326530612,1779228000,1779233711,5711,no,1779233711,False,CLEAN
KXPA07D-26-BBRO,KXPA07D-26,Elections,yes,62,62,0,94.0,5828,0,372,0.06382978723404255,1779231600,1779244681,13081,yes,1779244681,False,CLEAN
KXPA07D-26-RCRO,KXPA07D-26,Elections,no,16,16,0,93.0,1488,0,112,0.07526881720430108,1779231600,1779244681,13081,no,1779244681,False,CLEAN
KXSENATEKYD-26-AMCG,KXSENATEKYD-26,Elections,no,23,23,0,97.0,2231,0,69,0.030927835051546393,1779231600,1779244631,13031,no,1779244631,False,CLEAN
KXSENATEKYD-26-CBOO,KXSENATEKYD-26,Elections,yes,298,298,0,97.0,28906,0,894,0.030927835051546393,1779231600,1779244631,13031,yes,1779244631,False,CLEAN
KXGOVGANOMD-26-KLB,KXGOVGANOMD-26,Elections,yes,515,515,0,97.0,49955,0,1545,0.030927835051546393,1779238800,1779246131,7331,yes,1779246131,False,CLEAN
KXGOVGANOMD-26-MT,KXGOVGANOMD-26,Elections,no,510,510,0,98.0,49980,0,1020,0.02040816326530612,1779238800,1779246131,7331,no,1779246131,False,CLEAN
KXPA3D-26-ASTA,KXPA3D-26,Elections,no,81,81,0,97.0,7857,0,243,0.030927835051546393,1779238800,1779247691,8891,no,1779247691,False,CLEAN
KXGOVORNOMR-26-CDUD,KXGOVORNOMR-26,Elections,no,426,426,0,97.0,41322,0,1278,0.030927835051546393,1779242400,1779250181,7781,no,1779250181,False,CLEAN
KXPA3D-26-SSTR,KXPA3D-26,Elections,no,464,464,0,93.0,43152,0,3248,0.07526881720430108,1779242400,1779247691,5291,no,1779247691,False,CLEAN
KXGOVORNOMR-26-CDRA,KXGOVORNOMR-26,Elections,yes,455,455,0,94.0,42770,0,2730,0.06382978723404255,1779246000,1779250181,4181,yes,1779250181,False,CLEAN
KXGOVORNOMR-26-EDIE,KXGOVORNOMR-26,Elections,no,398,398,0,95.0,37810,0,1990,0.05263157894736842,1779246000,1779250181,4181,no,1779250181,False,CLEAN
KXHIGHLAX-26MAY19-B77.5,KXHIGHLAX-26MAY19,Climate and Weather,no,41,41,0,97.0,3977,0,123,0.030927835051546393,1779246000,1779276731,30731,no,1779276731,False,CLEAN
KXAPRPOTUS-26MAY22-39.9,KXAPRPOTUS-26MAY22,Politics,yes,14,14,0,97.0,1358,0,42,0.030927835051546393,1779451200,1779465881,14681,yes,1779465881,False,CLEAN
KXAPRPOTUS-26MAY22-40.3,KXAPRPOTUS-26MAY22,Politics,no,72,72,0,98.0,7056,0,144,0.02040816326530612,1779454800,1779465881,11081,no,1779465881,False,CLEAN
KXAPRPOTUS-26MAY22-40.0,KXAPRPOTUS-26MAY22,Politics,no,87,87,0,98.0,8526,0,174,0.02040816326530612,1779462000,1779465881,3881,no,1779465881,False,CLEAN
KXAAAGASD-26MAY23-4.540,KXAAAGASD-26MAY23,Economics,no,531,531,0,94.0,49914,0,3186,0.06382978723404255,1779490800,1779547381,56581,no,1779547381,False,CLEAN
KXAAAGASD-26MAY23-4.530,KXAAAGASD-26MAY23,Economics,yes,526,526,0,95.0,49970,0,-49970,-1.0,1779494400,1779547381,52981,no,1779547381,False,CLEAN
KXAAAGASD-26MAY23-4.545,KXAAAGASD-26MAY23,Economics,no,168,168,0,98.0,16464,0,336,0.02040816326530612,1779501600,1779547381,45781,no,1779547381,False,CLEAN
KXAAAGASD-26MAY24-4.525,KXAAAGASD-26MAY24,Economics,no,214,214,0,97.0,20758,0,642,0.030927835051546393,1779584400,1779631991,47591,no,1779631991,False,CLEAN
KXHIGHTBOS-26MAY24-B57.5,KXHIGHTBOS-26MAY24,Climate and Weather,no,8,8,0,95.0,760,0,40,0.05263157894736842,1779667200,1779708761,41561,no,1779708761,True,CONTAMINATED
KXHIGHNY-26MAY24-B60.5,KXHIGHNY-26MAY24,Climate and Weather,no,129,129,0,97.0,12513,0,387,0.030927835051546393,1779670800,1779710531,39731,no,1779710531,False,CONTAMINATED
KXHIGHTBOS-26MAY24-B55.5,KXHIGHTBOS-26MAY24,Climate and Weather,yes,94,94,0,91.0,8554,0,846,0.0989010989010989,1779674400,1779708761,34361,yes,1779708761,False,CONTAMINATED
KXAAAGASD-26MAY26-4.505,KXAAAGASD-26MAY26,Economics,no,367,367,0,94.0,34498,0,2202,0.06382978723404255,1779750000,1779800311,50311,no,1779800311,False,CONTAMINATED
KXAAAGASD-26MAY26-4.475,KXAAAGASD-26MAY26,Economics,yes,3,3,0,95.0,285,0,15,0.05263157894736842,1779760800,1779800311,39511,yes,1779800311,True,CONTAMINATED
KXWTI-26MAY2614-T95.99,KXWTI-26MAY2614,Commodities,no,152,152,0,90.0,13680,0,1520,0.1111111111111111,1779804000,1779897731,93731,no,1779897731,False,CONTAMINATED
KXWTI-26MAY2614-T96.99,KXWTI-26MAY2614,Commodities,no,406,406,0,92.0,37352,0,3248,0.08695652173913043,1779804000,1779897731,93731,no,1779897731,False,CONTAMINATED
KXWTI-26MAY2614-T97.99,KXWTI-26MAY2614,Commodities,no,170,170,0,95.0,16150,0,850,0.05263157894736842,1779807600,1779897731,90131,no,1779897731,False,CONTAMINATED
KXWTI-26MAY2614-T98.99,KXWTI-26MAY2614,Commodities,no,50,50,0,97.0,4850,0,150,0.030927835051546393,1779807600,1779897731,90131,no,1779897731,False,CONTAMINATED
KXWTI-26MAY2614-T99.99,KXWTI-26MAY2614,Commodities,no,293,293,0,98.0,28714,0,586,0.02040816326530612,1779807600,1779897731,90131,no,1779897731,False,CONTAMINATED
KXSENATETXR-26-KP,KXSENATETXR-26,Elections,yes,520,520,0,96.0,49920,0,2080,0.041666666666666664,1779828992,1779845901,16909,yes,1779845901,False,CONTAMINATED
KXTX18D-26-AGRE,KXTX18D-26,Elections,no,22,22,0,91.0,2002,0,198,0.0989010989010989,1779829200,1779845961,16761,no,1779845961,False,CONTAMINATED
KXTXPRIMARY-19R26-AENR,KXTXPRIMARY-19R26,Elections,no,510,510,0,98.0,49980,0,1020,0.02040816326530612,1779829200,1779846191,16991,no,1779846191,False,CONTAMINATED
KXSENATETXR-26-JC,KXSENATETXR-26,Elections,no,520,520,0,96.0,49920,0,2080,0.041666666666666664,1779831190,1779845901,14711,no,1779845901,False,CONTAMINATED
KXTXPRIMARY-17D26-MFLO,KXTXPRIMARY-17D26,Elections,no,132,132,0,97.0,12804,0,396,0.030927835051546393,1779836400,1779846991,10591,no,1779846991,False,CONTAMINATED
KXTX18D-26-CMEN,KXTX18D-26,Elections,yes,390,390,0,92.0,35880,0,3120,0.08695652173913043,1779843600,1779845961,2361,yes,1779845961,False,CONTAMINATED
KXAAAGASD-26MAY28-4.435,KXAAAGASD-26MAY28,Economics,no,48,48,0,95.0,4560,0,240,0.05263157894736842,1779922800,1779976729,53929,no,1779976729,False,CONTAMINATED
KXACQANNOUNCECAESARS-27JAN01,KXACQANNOUNCECAESARS-27JAN01,Financials,yes,510,510,0,98.0,49980,0,1020,0.02040816326530612,1779973200,1779983969,10769,yes,1779983969,False,CONTAMINATED
KXAAAGASD-26MAY29-4.380,KXAAAGASD-26MAY29,Economics,yes,69,69,0,92.0,6348,0,552,0.08695652173913043,1780016400,1780062316,45916,yes,1780062316,False,CONTAMINATED
KXWTI-26MAY2914-T91.99,KXWTI-26MAY2914,Commodities,no,185,185,0,97.0,17945,0,555,0.030927835051546393,1780063200,1780155850,92650,no,1780155850,False,CONTAMINATED
KXWTIW-26MAY2914-T91.00,KXWTIW-26MAY2914,Commodities,yes,526,526,0,95.0,49970,0,2630,0.05263157894736842,1780063200,1780155770,92570,yes,1780155770,False,CONTAMINATED
KXWTI-26MAY2914-T89.99,KXWTI-26MAY2914,Commodities,no,361,361,0,91.0,32851,0,3249,0.0989010989010989,1780066800,1780155850,89050,no,1780155850,False,CONTAMINATED
KXWTI-26MAY2914-T90.99,KXWTI-26MAY2914,Commodities,no,520,520,0,96.0,49920,0,2080,0.041666666666666664,1780066800,1780155850,89050,no,1780155850,False,CONTAMINATED
KXWTIW-26MAY2914-B91.50,KXWTIW-26MAY2914,Commodities,no,515,515,0,97.0,49955,0,1545,0.030927835051546393,1780066800,1780155770,88970,no,1780155770,False,CONTAMINATED
KXWTI-26MAY2914-T85.99,KXWTI-26MAY2914,Commodities,yes,325,325,0,90.0,29250,0,3250,0.1111111111111111,1780070400,1780155850,85450,yes,1780155850,False,CONTAMINATED
KXBRENTMON-26MAY2917-T88.99,KXBRENTMON-26MAY2917,Commodities,yes,217,217,0,92.0,19964,0,1736,0.08695652173913043,1780077600,1780339987,262387,yes,1780339987,False,CONTAMINATED
KXBRENTW-26MAY2917-T88.99,KXBRENTW-26MAY2917,Commodities,yes,325,325,0,90.0,29250,0,3250,0.1111111111111111,1780077600,1780094490,16890,yes,1780094490,False,CONTAMINATED
KXBRENTW-26MAY2917-T92.99,KXBRENTW-26MAY2917,Commodities,no,312,312,0,91.0,28392,0,2808,0.0989010989010989,1780081200,1780094490,13290,no,1780094490,False,CONTAMINATED
KXAAAGASM-26MAY31-4.35,KXAAAGASM-26MAY31,Economics,no,213,213,0,96.0,20448,15,837,0.0409330985915493,1780196400,1780243550,47150,no,1780243550,False,CONTAMINATED
KXAAAGASM-26MAY31-4.36,KXAAAGASM-26MAY31,Economics,no,58,58,0,98.0,5684,2,114,0.020056298381421533,1780196400,1780243550,47150,no,1780243550,False,CONTAMINATED
KXAAAGASD-26JUN01-4.335,KXAAAGASD-26JUN01,Economics,no,230,230,0,95.0,21850,0,1150,0.05263157894736842,1780268400,1780320960,52560,no,1780320960,False,CONTAMINATED
KXHANTACOUNTRY-26-UK,KXHANTACOUNTRY-26,Science and Technology,no,1,1,0,97.0,97,0,3,0.030927835051546393,1780268400,1780324330,55930,no,1780324330,False,CONTAMINATED
KXCOLOMBIAPRESR1-26MAY31-AESP,KXCOLOMBIAPRESR1-26MAY31,Elections,yes,131,131,0,97.0,12707,0,393,0.030927835051546393,1780308000,1780319930,11930,yes,1780319930,False,CONTAMINATED
KXCOLOMBIAPRESR1-26MAY31-ICAS,KXCOLOMBIAPRESR1-26MAY31,Elections,no,56,56,0,97.0,5432,0,168,0.030927835051546393,1780308000,1780319930,11930,no,1780319930,False,CONTAMINATED
KXWTI-26JUN0114-T91.99,KXWTI-26JUN0114,Commodities,no,464,464,0,93.0,43152,0,-43152,-1.0,1780322400,1780372911,50511,yes,1780372911,False,CONTAMINATED
KXWTI-26JUN0114-T92.99,KXWTI-26JUN0114,Commodities,no,215,215,0,95.0,20425,0,1075,0.05263157894736842,1780322400,1780372911,50511,no,1780372911,False,CONTAMINATED
KXWTI-26JUN0114-T93.99,KXWTI-26JUN0114,Commodities,no,15,15,0,96.0,1440,0,60,0.041666666666666664,1780322400,1780372911,50511,no,1780372911,False,CONTAMINATED
KXWTI-26JUN0114-T94.99,KXWTI-26JUN0114,Commodities,no,134,134,0,97.0,12998,0,402,0.030927835051546393,1780322400,1780372911,50511,no,1780372911,False,CONTAMINATED
KXBRENTD-26JUN0117-T95.50,KXBRENTD-26JUN0117,Commodities,yes,212,212,0,92.0,19504,0,-19504,-1.0,1780333200,1780351891,18691,no,1780351891,False,CONTAMINATED
KXHIGHTBOS-26JUN01-B57.5,KXHIGHTBOS-26JUN01,Climate and Weather,yes,55,55,0,97.0,5335,0,165,0.030927835051546393,1780362000,1780399971,37971,yes,1780399971,False,CONTAMINATED
KXAAAGASD-26JUN03-4.265,KXAAAGASD-26JUN03,Economics,no,4,4,0,90.0,360,0,40,0.1111111111111111,1780444800,1780494424,49624,no,1780494424,False,CONTAMINATED
KXKXSENATEIAD-26-ZWAH,KXKXSENATEIAD-26,Elections,no,361,361,0,91.0,32851,0,3249,0.0989010989010989,1780444800,1780455915,11115,no,1780455915,False,CONTAMINATED
KXKXSENATEIAD-26-JTUR,KXKXSENATEIAD-26,Elections,yes,25,25,0,90.0,2250,0,250,0.1111111111111111,1780448400,1780455915,7515,yes,1780455915,False,CONTAMINATED
KXNJPRIMARY-12D26-AHAM,KXNJPRIMARY-12D26,Elections,yes,252,252,0,91.0,22932,0,2268,0.0989010989010989,1780448400,1780455895,7495,yes,1780455895,False,CONTAMINATED
KXSENATENJR-26-JMUR,KXSENATENJR-26,Elections,no,23,23,0,97.0,2231,0,-2231,-1.0,1780448400,1780459066,10666,yes,1780459066,False,CONTAMINATED
KXLAMAYORADVANCE-26JUN02-KBAS,KXLAMAYORADVANCE-26JUN02,Elections,yes,159,159,0,91.0,14469,0,1431,0.0989010989010989,1780459200,1780468154,8954,yes,1780468154,False,CONTAMINATED
KXWTI-26JUN0314-T91.99,KXWTI-26JUN0314,Commodities,yes,105,105,0,97.0,10185,0,315,0.030927835051546393,1780495200,1780542186,46986,yes,1780542186,False,CONTAMINATED
KXWTI-26JUN0314-T93.99,KXWTI-26JUN0314,Commodities,yes,272,272,0,92.0,25024,0,2176,0.08695652173913043,1780495200,1780542186,46986,yes,1780542186,False,CONTAMINATED
KXWTI-26JUN0514-T89.99,KXWTI-26JUN0514,Commodities,yes,2,2,0,95.0,190,0,10,0.05263157894736842,1780668000,1780762744,94744,yes,1780762744,False,CONTAMINATED
KXWTIW-26JUN0514-B90.50,KXWTIW-26JUN0514,Commodities,no,17,17,0,91.0,1547,0,-1547,-1.0,1780668000,1780762634,94634,yes,1780762634,False,CONTAMINATED
KXWTI-26JUN0514-T88.99,KXWTI-26JUN0514,Commodities,yes,520,520,0,96.0,49920,0,2080,0.041666666666666664,1780671600,1780762744,91144,yes,1780762744,False,CONTAMINATED
KXWTIW-26JUN0514-B89.50,KXWTIW-26JUN0514,Commodities,no,263,263,0,90.0,23670,0,2630,0.1111111111111111,1780671600,1780762634,91034,no,1780762634,False,CONTAMINATED
KXBRENTW-26JUN0517-T91.99,KXBRENTW-26JUN0517,Commodities,yes,325,325,0,90.0,29250,0,3250,0.1111111111111111,1780675200,1780697474,22274,yes,1780697474,False,CONTAMINATED
KXGOLDW-26JUN0517-T4314.99,KXGOLDW-26JUN0517,Commodities,yes,272,272,0,94.0,25568,0,1632,0.06382978723404255,1780678800,1780697454,18654,yes,1780697454,False,CONTAMINATED
KXWTIW-26JUN0514-B88.50,KXWTIW-26JUN0514,Commodities,no,211,211,0,96.0,20256,0,844,0.041666666666666664,1780678800,1780762634,83834,no,1780762634,False,CONTAMINATED
KXWTIW-26JUN0514-B92.50,KXWTIW-26JUN0514,Commodities,no,361,361,0,91.0,32851,0,3249,0.0989010989010989,1780678800,1780762634,83834,no,1780762634,False,CONTAMINATED
KXBRENTW-26JUN0517-T95.99,KXBRENTW-26JUN0517,Commodities,no,510,510,0,98.0,49980,0,1020,0.02040816326530612,1780682400,1780697474,15074,no,1780697474,False,CONTAMINATED
KXSILVERW-26JUN0517-T67.99,KXSILVERW-26JUN0517,Commodities,yes,223,223,0,92.0,20516,0,-20516,-1.0,1780682400,1780697464,15064,no,1780697464,False,CONTAMINATED
KXAAAGASD-26JUN06-4.200,KXAAAGASD-26JUN06,Economics,no,301,301,0,93.0,27993,0,2107,0.07526881720430108,1780704000,1780755914,51914,no,1780755914,False,CONTAMINATED
KXHIGHTSATX-26JUN05-B82.5,KXHIGHTSATX-26JUN05,Climate and Weather,yes,37,37,0,96.0,3552,0,148,0.041666666666666664,1780714800,1780745544,30744,yes,1780745544,False,CONTAMINATED
KXAAAGASW-26JUN08-4.170,KXAAAGASW-26JUN08,Economics,no,99,99,0,91.0,9009,0,891,0.0989010989010989,1780873200,1780926234,53034,no,1780926234,False,CONTAMINATED
KXAAAGASW-26JUN08-4.180,KXAAAGASW-26JUN08,Economics,no,7,7,0,98.0,686,0,14,0.02040816326530612,1780876800,1780926234,49434,no,1780926234,False,CONTAMINATED
KXNBAFINALSPRICE-26JUNGAME3-5000,KXNBAFINALSPRICE-26JUNGAME3B,Financials,yes,8,8,0,92.0,736,0,64,0.08695652173913043,1780876800,1780927594,50794,yes,1780927594,False,CONTAMINATED
KXAAAGASW-26JUN08-4.155,KXAAAGASW-26JUN08,Economics,yes,357,357,0,95.0,33915,0,1785,0.05263157894736842,1780880400,1780926234,45834,yes,1780926234,False,CONTAMINATED
KXAAAGASW-26JUN08-4.140,KXAAAGASW-26JUN08,Economics,yes,114,114,0,98.0,11172,0,228,0.02040816326530612,1780887600,1780926234,38634,yes,1780926234,False,CONTAMINATED
KXWTI-26JUN0814-T88.99,KXWTI-26JUN0814,Commodities,yes,60,60,0,94.0,5640,0,360,0.06382978723404255,1780927200,1781046094,118894,yes,1781046094,False,CONTAMINATED
KXLAMAYORMATCHUP-26JUN-KBASSPRA,KXLAMAYORMATCHUP-26JUN,Elections,no,510,510,0,98.0,49980,0,1020,0.02040816326530612,1780950636,1780965294,14658,no,1780965294,False,CONTAMINATED
KXTRUMPNBAFINALS-26JUN-DJT,KXTRUMPNBAFINALS-26JUN,Politics,yes,510,510,0,98.0,49980,0,1020,0.02040816326530612,1780954256,1780967374,13118,yes,1780967374,False,CONTAMINATED
KXWTI-26JUN0914-T86.99,KXWTI-26JUN0914,Commodities,yes,141,141,0,93.0,13113,0,987,0.07526881720430108,1781013600,1781067694,54094,yes,1781067694,False,CONTAMINATED
KXINX-26JUN09H1600-B7362,KXINX-26JUN09H1600,Financials,no,95,95,0,98.0,9310,0,190,0.02040816326530612,1781017200,1781046124,28924,no,1781046124,False,CONTAMINATED
KXINX-26JUN09H1600-B7387,KXINX-26JUN09H1600,Financials,no,526,526,0,95.0,49970,0,-49970,-1.0,1781017200,1781046124,28924,yes,1781046124,False,CONTAMINATED
KXWTI-26JUN0914-T85.99,KXWTI-26JUN0914,Commodities,yes,98,98,0,94.0,9212,0,588,0.06382978723404255,1781020800,1781067694,46894,yes,1781067694,False,CONTAMINATED
KXWTI-26JUN0914-T88.99,KXWTI-26JUN0914,Commodities,no,526,526,0,95.0,49970,0,2630,0.05263157894736842,1781024400,1781067694,43294,no,1781067694,False,CONTAMINATED
KXWTI-26JUN0914-T89.99,KXWTI-26JUN0914,Commodities,no,515,515,0,97.0,49955,0,1545,0.030927835051546393,1781024400,1781067694,43294,no,1781067694,False,CONTAMINATED
KXWTI-26JUN0914-T90.99,KXWTI-26JUN0914,Commodities,no,447,447,0,98.0,43806,0,894,0.02040816326530612,1781024400,1781067694,43294,no,1781067694,False,CONTAMINATED
KXWTI-26JUN0914-T91.99,KXWTI-26JUN0914,Commodities,no,88,88,0,98.0,8624,0,176,0.02040816326530612,1781024400,1781067694,43294,no,1781067694,False,CONTAMINATED
KXPRIMARYMOV-GOVSDNOMR26-LRHO-P50,KXPRIMARYMOV-GOVSDNOMR26,Elections,no,510,510,0,98.0,49980,0,1020,0.02040816326530612,1781028000,1781041904,13904,no,1781041904,False,CONTAMINATED
KXNASDAQ100-26JUN09H1600-B28850,KXNASDAQ100-26JUN09H1600,Financials,no,23,23,0,93.0,2139,0,161,0.07526881720430108,1781035200,1781046124,10924,no,1781046124,False,CONTAMINATED
KXNASDAQ100-26JUN09H1600-B28950,KXNASDAQ100-26JUN09H1600,Financials,no,1,1,0,95.0,95,0,5,0.05263157894736842,1781035200,1781046124,10924,no,1781046124,False,CONTAMINATED
KXNASDAQ100-26JUN09H1600-B29050,KXNASDAQ100-26JUN09H1600,Financials,no,361,361,0,91.0,32851,0,-32851,-1.0,1781035200,1781046124,10924,yes,1781046124,False,CONTAMINATED
KXGOVCAPRIMARYPARTY-26-1D1R,KXGOVCAPRIMARYPARTY-26,Elections,yes,468,468,0,98.0,45864,0,936,0.02040816326530612,1781038800,1781051724,12924,yes,1781051724,False,CONTAMINATED
KXGOVCAPRIMARYPARTY-26-2D,KXGOVCAPRIMARYPARTY-26,Elections,no,515,515,0,97.0,49955,0,1545,0.030927835051546393,1781038800,1781051724,12924,no,1781051724,False,CONTAMINATED
KXGOVSCNOMD-26-BWEB,KXGOVSCNOMD-26,Elections,no,233,233,0,95.0,22135,0,1165,0.05263157894736842,1781042400,1781054408,12008,no,1781054408,False,CONTAMINATED
KXGOVSCNOMD-26-JJOH,KXGOVSCNOMD-26,Elections,yes,39,39,0,96.0,3744,0,156,0.041666666666666664,1781046000,1781054408,8408,yes,1781054408,False,CONTAMINATED
KXGOVSCNOMR-26-RRED,KXGOVSCNOMR-26,Elections,no,449,449,0,97.0,43553,0,1347,0.030927835051546393,1781049600,1781054454,4854,no,1781054454,False,CONTAMINATED
KXNBAFINALSPRICE-26JUNGAME4-3800,KXNBAFINALSPRICE-26JUNGAME4,Financials,yes,42,42,0,95.0,3990,0,-3990,-1.0,1781049600,1781053394,3794,no,1781053394,False,CONTAMINATED
KXCPI-26MAY-T0.6,KXCPI-26MAY,Economics,no,25,25,0,95.0,2375,3,122,0.05136842105263158,1781085600,1781098504,12904,no,1781098504,False,CONTAMINATED
KXCPIYOY-26MAY-T4.1,KXCPIYOY-26MAY,Economics,yes,40,40,0,91.0,3640,6,354,0.09725274725274725,1781089200,1781098584,9384,yes,1781098584,False,CONTAMINATED
KXCPIYOY-26MAY-T4.4,KXCPIYOY-26MAY,Economics,no,46,46,0,95.0,4370,4,226,0.0517162471395881,1781092800,1781098584,5784,no,1781098584,False,CONTAMINATED
KXWTI-26JUN1014-T91.99,KXWTI-26JUN1014,Commodities,no,167,167,0,91.0,15197,0,1503,0.0989010989010989,1781103600,1781190111,86511,no,1781190111,False,CONTAMINATED
KXWTI-26JUN1014-T93.99,KXWTI-26JUN1014,Commodities,no,85,85,0,97.0,8245,0,255,0.030927835051546393,1781103600,1781190111,86511,no,1781190111,False,CONTAMINATED
KXWTI-26JUN1014-T92.99,KXWTI-26JUN1014,Commodities,no,515,515,0,94.0,48410,0,3090,0.06382978723404255,1781107200,1781190111,82911,no,1781190111,False,CONTAMINATED
KXBRENTD-26JUN1117-T88.50,KXBRENTD-26JUN1117,Commodities,yes,2,2,0,98.0,196,0,4,0.02040816326530612,1781200800,1781215857,15057,yes,1781215857,False,CONTAMINATED
KXBRENTD-26JUN1117-T89,KXBRENTD-26JUN1117,Commodities,yes,2,2,0,98.0,196,0,4,0.02040816326530612,1781200800,1781215857,15057,yes,1781215857,False,CONTAMINATED
KXBRENTD-26JUN1117-T89.50,KXBRENTD-26JUN1117,Commodities,yes,58,58,0,98.0,5684,0,-5684,-1.0,1781200800,1781215857,15057,no,1781215857,False,CONTAMINATED
KXBRENTD-26JUN1117-T90,KXBRENTD-26JUN1117,Commodities,yes,1,1,0,98.0,98,0,-98,-1.0,1781200800,1781215857,15057,no,1781215857,False,CONTAMINATED
KXNASDAQ100-26JUN11H1600-B29250,KXNASDAQ100-26JUN11H1600,Financials,no,5,5,0,90.0,450,0,50,0.1111111111111111,1781200800,1781218917,18117,no,1781218917,False,CONTAMINATED
KXWTI-26JUN1114-T85.99,KXWTI-26JUN1114,Commodities,yes,30,30,0,92.0,2760,0,240,0.08695652173913043,1781200800,1781276496,75696,yes,1781276496,False,CONTAMINATED
KXWTI-26JUN1114-T86.99,KXWTI-26JUN1114,Commodities,yes,510,510,0,98.0,49980,0,1020,0.02040816326530612,1781200800,1781276496,75696,yes,1781276496,False,CONTAMINATED
KXHIGHTATL-26JUN11-B91.5,KXHIGHTATL-26JUN11,Climate and Weather,yes,223,223,0,96.0,21408,0,-21408,-1.0,1781222400,1781263927,41527,no,1781263927,False,CONTAMINATED
KXWTI-26JUN1214-T88.99,KXWTI-26JUN1214,Commodities,no,44,44,0,97.0,4268,0,132,0.030927835051546393,1781272800,1781499693,226893,no,1781499693,False,CONTAMINATED
KXWTIW-26JUN1214-B87.50,KXWTIW-26JUN1214,Commodities,no,150,150,0,90.0,13500,0,1500,0.1111111111111111,1781272800,1781534453,261653,no,1781534453,False,CONTAMINATED
KXWTIW-26JUN1214-B88.50,KXWTIW-26JUN1214,Commodities,no,345,345,0,96.0,33120,0,1380,0.041666666666666664,1781272800,1781534453,261653,no,1781534453,False,CONTAMINATED
KXWTI-26JUN1214-T89.99,KXWTI-26JUN1214,Commodities,no,205,205,0,98.0,20090,0,410,0.02040816326530612,1781287200,1781499693,212493,no,1781499693,False,CONTAMINATED
KXAAAGASD-26JUN14-4.075,KXAAAGASD-26JUN14,Economics,no,325,325,0,90.0,29250,0,3250,0.1111111111111111,1781391600,1781445093,53493,no,1781445093,False,CONTAMINATED
KXAAAGASD-26JUN14-4.085,KXAAAGASD-26JUN14,Economics,no,181,181,0,98.0,17738,0,362,0.02040816326530612,1781398800,1781445093,46293,no,1781445093,True,CONTAMINATED
KXAAAGASD-26JUN14-4.065,KXAAAGASD-26JUN14,Economics,yes,361,361,0,95.0,34295,0,1805,0.05263157894736842,1781406000,1781445093,39093,yes,1781445093,True,CONTAMINATED
KXAAAGASD-26JUN15-4.060,KXAAAGASD-26JUN15,Economics,yes,451,451,0,96.0,43296,0,1804,0.041666666666666664,1781478000,1781530904,52904,yes,1781530904,False,CONTAMINATED
KXAAAGASW-26JUN15-4.050,KXAAAGASW-26JUN15,Economics,yes,510,510,0,98.0,49980,0,1020,0.02040816326530612,1781481600,1781530933,49333,yes,1781530933,False,CONTAMINATED
KXAAAGASW-26JUN15-4.060,KXAAAGASW-26JUN15,Economics,yes,515,515,0,97.0,49955,0,1545,0.030927835051546393,1781481600,1781530933,49333,yes,1781530933,False,CONTAMINATED
KXNBAATTEND-26KNICKS-SAB,KXNBAATTEND-26KNICKS,Politics,no,4,4,0,97.0,388,0,12,0.030927835051546393,1781496000,1781502733,6733,no,1781502733,True,CONTAMINATED
KXATTENDUFC250-26JUN-MWAH,KXATTENDUFC250-26JUN,Politics,no,130,130,0,98.0,12740,0,260,0.02040816326530612,1781528400,1781535553,7153,no,1781535553,False,CONTAMINATED
KXATTENDUFC250-26JUN-CMCG,KXATTENDUFC250-26JUN,Politics,no,29,29,0,98.0,2842,0,58,0.02040816326530612,1781532000,1781535553,3553,no,1781535553,False,CONTAMINATED
KXNASDAQ100-26JUN15H1600-B30650,KXNASDAQ100-26JUN15H1600,Financials,no,325,325,0,90.0,29250,0,3250,0.1111111111111111,1781535600,1781564523,28923,no,1781564523,False,CONTAMINATED
KXWTI-26JUN1514-T84.99,KXWTI-26JUN1514,Commodities,no,51,51,0,98.0,4998,0,102,0.02040816326530612,1781546400,1781670863,124463,no,1781670863,False,CONTAMINATED
KXCBDECISIONJAPAN-26JUN15-H25,KXCBDECISIONJAPAN-26JUN15,Economics,yes,164,164,0,95.0,15580,0,820,0.05263157894736842,1781571600,1781582643,11043,yes,1781582643,False,CONTAMINATED
KXWTI-26JUN1614-T79.99,KXWTI-26JUN1614,Commodities,no,436,436,0,98.0,42728,0,872,0.02040816326530612,1781629200,1781734733,105533,no,1781734733,False,CONTAMINATED
KXGAPRIMARY-11R26-JCOW,KXGAPRIMARY-11R26,Elections,yes,216,216,0,90.0,19440,0,2160,0.1111111111111111,1781650800,1781658413,7613,yes,1781658413,False,CONTAMINATED
KXSENATEGAR-26-DDOO,KXSENATEGAR-26,Elections,no,130,130,0,95.0,12350,0,650,0.05263157894736842,1781650800,1781658543,7743,no,1781658543,False,CONTAMINATED
KXAAAGASD-26JUN17-4.030,KXAAAGASD-26JUN17,Economics,no,16,16,0,98.0,1568,0,32,0.02040816326530612,1781654400,1781705023,50623,no,1781705023,False,CONTAMINATED
KXGOVOKNOMR-26-CKEA,KXGOVOKNOMR-26,Elections,no,352,352,0,91.0,32032,0,3168,0.0989010989010989,1781654400,1781663433,9033,no,1781663433,True,CONTAMINATED
KXSENATEGAR-26-MCOL,KXSENATEGAR-26,Elections,yes,204,204,0,95.0,19380,0,1020,0.05263157894736842,1781654400,1781658543,4143,yes,1781658543,False,CONTAMINATED
KXGOVGANOMR-26-BJ,KXGOVGANOMR-26,Elections,no,361,361,0,91.0,32851,0,3249,0.0989010989010989,1781658000,1781661323,3323,no,1781661323,False,CONTAMINATED
KXSENATEALD-26-EWES,KXSENATEALD-26,Elections,yes,70,70,0,96.0,6720,0,280,0.041666666666666664,1781658000,1781667673,9673,yes,1781667673,False,CONTAMINATED
KXINX-26JUN17H1600-B7437,KXINX-26JUN17H1600,Financials,no,50,50,0,93.0,4650,0,350,0.07526881720430108,1781708400,1781737323,28923,no,1781737323,False,CONTAMINATED
KXWTI-26JUN1714-T79.99,KXWTI-26JUN1714,Commodities,no,29,29,0,97.0,2813,0,87,0.030927835051546393,1781708400,1781792408,84008,no,1781792408,False,CONTAMINATED
KXCBDECISIONBRAZIL-26JUN17-HOLD,KXCBDECISIONBRAZIL-26JUN17,Economics,no,70,70,0,95.0,6650,0,350,0.05263157894736842,1781726400,1781736013,9613,no,1781736013,False,CONTAMINATED
KXAAAGASD-26JUN18-4.010,KXAAAGASD-26JUN18,Economics,no,35,35,0,98.0,3430,0,70,0.02040816326530612,1781737200,1781788788,51588,no,1781788788,False,CONTAMINATED
KXWTI-26JUN1814-T71.99,KXWTI-26JUN1814,Commodities,yes,1,1,0,93.0,93,0,7,0.07526881720430108,1781791200,1781838078,46878,yes,1781838078,False,CONTAMINATED
KXBRENTW-26JUN1817-T80.99,KXBRENTW-26JUN1817,Commodities,no,40,40,0,97.0,3880,0,120,0.030927835051546393,1781798400,1781820658,22258,no,1781820658,False,CONTAMINATED
KXNASDAQ100-26JUN18H1600-B30150,KXNASDAQ100-26JUN18H1600,Financials,no,62,62,0,90.0,5580,0,620,0.1111111111111111,1781798400,1781823708,25308,no,1781823708,False,CONTAMINATED
KXWTI-26JUN1814-T75.99,KXWTI-26JUN1814,Commodities,no,515,515,0,97.0,49955,0,1545,0.030927835051546393,1781802000,1781838078,36078,no,1781838078,False,CONTAMINATED
KXBRENTD-26JUN1817-T79.50,KXBRENTD-26JUN1817,Commodities,no,73,73,0,90.0,6570,0,730,0.1111111111111111,1781809200,1781820668,11468,no,1781820668,False,CONTAMINATED
KXNASDAQ100-26JUN18H1600-B30550,KXNASDAQ100-26JUN18H1600,Financials,no,520,520,0,96.0,49920,0,2080,0.041666666666666664,1781812800,1781823708,10908,no,1781823708,False,CONTAMINATED
KXMAKERFIELDBY-27JAN01-LAB,KXMAKERFIELDBY-27JAN01,Elections,yes,71,71,0,93.0,6603,0,497,0.07526881720430108,1781820000,1781839738,19738,yes,1781839738,True,CONTAMINATED
KXHIGHNY-26JUN18-B85.5,KXHIGHNY-26JUN18,Climate and Weather,yes,324,324,0,91.0,29484,0,2916,0.0989010989010989,1781827200,1781870508,43308,yes,1781870508,False,CONTAMINATED
KXAAAGASD-26JUN22-3.9250,KXAAAGASD-26JUN22,Economics,yes,361,361,0,91.0,32851,0,3249,0.0989010989010989,1782086400,1782132974,46574,yes,1782132974,False,CONTAMINATED
KXAAAGASD-26JUN22-3.9350,KXAAAGASD-26JUN22,Economics,no,406,406,0,92.0,37352,0,3248,0.08695652173913043,1782086400,1782132974,46574,no,1782132974,False,CONTAMINATED
KXAAAGASD-26JUN22-3.9400,KXAAAGASD-26JUN22,Economics,no,510,510,0,98.0,49980,0,1020,0.02040816326530612,1782086400,1782132974,46574,no,1782132974,False,CONTAMINATED
KXHIGHTLV-26JUN21-B106.5,KXHIGHTLV-26JUN21,Climate and Weather,no,58,58,0,96.0,5568,0,232,0.041666666666666664,1782104400,1782138054,33654,no,1782138054,False,CONTAMINATED
KXWTI-26JUN2214-T70.99,KXWTI-26JUN2214,Commodities,yes,18,18,0,97.0,1746,0,54,0.030927835051546393,1782136800,1782183654,46854,yes,1782183654,False,CONTAMINATED
KXWTI-26JUN2214-T75.99,KXWTI-26JUN2214,Commodities,no,464,464,0,93.0,43152,0,3248,0.07526881720430108,1782140400,1782183654,43254,no,1782183654,False,CONTAMINATED
KXNASDAQ100-26JUN22H1600-B30250,KXNASDAQ100-26JUN22H1600,Financials,no,106,106,0,96.0,10176,0,424,0.041666666666666664,1782151200,1782169294,18094,no,1782169294,False,CONTAMINATED
KXINX-26JUN22H1600-B7437,KXINX-26JUN22H1600,Financials,no,12,12,0,92.0,1104,0,96,0.08695652173913043,1782158400,1782169304,10904,no,1782169304,False,CONTAMINATED
KXAAAGASD-26JUN23-3.9200,KXAAAGASD-26JUN23,Economics,yes,197,197,0,95.0,18715,0,985,0.05263157894736842,1782180000,1782219784,39784,yes,1782219784,False,CONTAMINATED
KXHIGHTLV-26JUN22-B107.5,KXHIGHTLV-26JUN22,Climate and Weather,no,15,15,0,94.0,1410,0,90,0.06382978723404255,1782187200,1782214284,27084,no,1782214284,False,CONTAMINATED
KXNASDAQ100-26JUN23H1600-B29450,KXNASDAQ100-26JUN23H1600,Financials,no,261,261,0,90.0,23490,0,2610,0.1111111111111111,1782230400,1782255691,25291,no,1782255691,False,CONTAMINATED
KXSTEAMPRICE-27-1100,KXSTEAMPRICE-27,Financials,no,31,31,0,95.0,2945,0,155,0.05263157894736842,1782234000,1782239841,5841,no,1782239841,False,CONTAMINATED
KXNASDAQ100-26JUN23H1600-B29350,KXNASDAQ100-26JUN23H1600,Financials,no,250,250,0,93.0,23250,0,-23250,-1.0,1782237600,1782255691,18091,yes,1782255691,False,CONTAMINATED
KXINXDUD-26JUN23H1600-T7472.79,KXINXDUD-26JUN23H1600,Financials,no,515,515,0,97.0,49955,0,1545,0.030927835051546393,1782241200,1782255701,14501,no,1782255701,False,CONTAMINATED
KXUTPRIMARY-03R26-PLYM,KXUTPRIMARY-03R26,Elections,no,26,26,0,93.0,2418,0,182,0.07526881720430108,1782252000,1782270531,18531,no,1782270531,False,CONTAMINATED
KXNY10D-26-DGOL,KXNY10D-26,Elections,no,264,264,0,97.0,25608,0,792,0.030927835051546393,1782255600,1782265141,9541,no,1782265141,False,CONTAMINATED
KXUT1D-26-BMCA,KXUT1D-26,Elections,yes,16,16,0,98.0,1568,0,32,0.02040816326530612,1782255600,1782269761,14161,yes,1782269761,False,CONTAMINATED
KXMDPRIMARY-05D26-ABOA,KXMDPRIMARY-05D26,Elections,yes,134,134,0,90.0,12060,0,1340,0.1111111111111111,1782259200,1782266661,7461,yes,1782266661,False,CONTAMINATED
KXGOVMDNOMR-26-EHAL,KXGOVMDNOMR-26,Elections,no,38,38,0,94.0,3572,0,228,0.06382978723404255,1782262800,1782268081,5281,no,1782268081,False,CONTAMINATED
KXNY15D-26-MBLA,KXNY15D-26,Elections,no,5,5,0,93.0,465,0,35,0.07526881720430108,1782262800,1782270721,7921,no,1782270721,False,CONTAMINATED
KXUTPRIMARY-02R26-BMOO,KXUTPRIMARY-02R26,Elections,yes,23,23,0,91.0,2093,0,207,0.0989010989010989,1782266400,1782270778,4378,yes,1782270778,False,CONTAMINATED
KXHIGHTLV-26JUN23-B111.5,KXHIGHTLV-26JUN23,Climate and Weather,no,12,12,0,97.0,1164,0,36,0.030927835051546393,1782277200,1782300693,23493,no,1782300693,False,CONTAMINATED
KXWTI-26JUN2414-T68.99,KXWTI-26JUN2414,Commodities,yes,26,26,0,93.0,2418,0,182,0.07526881720430108,1782309600,1782352853,43253,yes,1782352853,False,CONTAMINATED
KXINX-26JUN24H1600-B7362,KXINX-26JUN24H1600,Financials,no,9,9,0,92.0,828,0,-828,-1.0,1782316800,1782342103,25303,yes,1782342103,False,CONTAMINATED
KXNASDAQ100-26JUN24H1600-B29050,KXNASDAQ100-26JUN24H1600,Financials,no,4,4,0,94.0,376,0,24,0.06382978723404255,1782324000,1782342093,18093,no,1782342093,False,CONTAMINATED
KXNASDAQ100-26JUN24H1600-B29150,KXNASDAQ100-26JUN24H1600,Financials,no,3,3,0,94.0,282,0,18,0.06382978723404255,1782324000,1782342093,18093,no,1782342093,False,CONTAMINATED
KXWTI-26JUN2514-T71.99,KXWTI-26JUN2514,Commodities,no,251,251,0,94.0,23594,0,1506,0.06382978723404255,1782396000,1782439250,43250,no,1782439250,False,CONTAMINATED
KXWTI-26JUN2514-T72.99,KXWTI-26JUN2514,Commodities,no,23,23,0,94.0,2162,0,138,0.06382978723404255,1782403200,1782439250,36050,no,1782439250,False,CONTAMINATED
KXAAAGASD-26JUN26-3.910,KXAAAGASD-26JUN26,Economics,no,338,338,0,95.0,32110,0,1690,0.05263157894736842,1782435600,1782480412,44812,no,1782480412,False,CONTAMINATED
KXAPRPOTUS-26JUN26-40.0,KXAPRPOTUS-26JUN26,Politics,no,13,13,0,96.0,1248,0,52,0.041666666666666664,1782468000,1782489838,21838,no,1782489838,False,CONTAMINATED
KXAPRPOTUS-26JUN26-41.2,KXAPRPOTUS-26JUN26,Politics,no,7,7,0,98.0,686,0,14,0.02040816326530612,1782475200,1782489838,14638,no,1782489838,True,CONTAMINATED
KXWTIW-26JUN2614-B71.50,KXWTIW-26JUN2614,Commodities,no,464,464,0,93.0,43152,0,3248,0.07526881720430108,1782486000,1782683822,197822,no,1782683822,False,CONTAMINATED
KXWTIW-26JUN2614-B72.50,KXWTIW-26JUN2614,Commodities,no,515,515,0,97.0,49955,0,1545,0.030927835051546393,1782486000,1782683822,197822,no,1782683822,False,CONTAMINATED
KXWTI-26JUN2614-T67.99,KXWTI-26JUN2614,Commodities,yes,361,361,0,91.0,32851,0,3249,0.0989010989010989,1782493200,1782709272,216072,yes,1782709272,False,CONTAMINATED
KXAAAGASD-26JUN27-3.885,KXAAAGASD-26JUN27,Economics,no,520,520,0,96.0,49920,0,2080,0.041666666666666664,1782514800,1782565033,50233,no,1782565033,False,CONTAMINATED
KXFABLERESTORE-27-26JUN27,KXFABLERESTORE-27,Science and Technology,no,510,510,0,98.0,49980,0,1020,0.02040816326530612,1782518400,1782572613,54213,no,1782572613,False,CONTAMINATED
KXAAAGASD-26JUN27-3.890,KXAAAGASD-26JUN27,Economics,no,52,52,0,98.0,5096,0,104,0.02040816326530612,1782529200,1782565033,35833,no,1782565033,False,CONTAMINATED
KXAAAGASD-26JUN28-3.875,KXAAAGASD-26JUN28,Economics,no,118,118,0,98.0,11564,0,236,0.02040816326530612,1782608400,1782664684,56284,no,1782664684,False,CONTAMINATED
KXAAAGASD-26JUN29-3.850,KXAAAGASD-26JUN29,Economics,yes,89,89,0,96.0,8544,0,356,0.041666666666666664,1782691200,1782738742,47542,yes,1782738742,True,CONTAMINATED
KXNASDAQ100-26JUN29H1600-B29650,KXNASDAQ100-26JUN29H1600,Financials,no,17,17,0,90.0,1530,0,170,0.1111111111111111,1782752400,1782774100,21700,no,1782774100,False,CONTAMINATED
KXINX-26JUN29H1600-B7462,KXINX-26JUN29H1600,Financials,no,58,58,0,92.0,5336,0,464,0.08695652173913043,1782756000,1782774100,18100,no,1782774100,False,CONTAMINATED
KXWTI-26JUN2914-T72.99,KXWTI-26JUN2914,Commodities,no,36,36,0,98.0,3528,0,72,0.02040816326530612,1782756000,1782784862,28862,no,1782784862,False,CONTAMINATED
KXCODEAI-26JUN30-CHAT,KXCODEAI-26JUN30,Science and Technology,no,18,18,0,95.0,1710,0,90,0.05263157894736842,1782810000,1782833341,23341,no,1782833341,False,CONTAMINATED
KXCODEAI-26JUN30-CLAU,KXCODEAI-26JUN30,Science and Technology,yes,5,5,0,96.0,480,0,20,0.041666666666666664,1782810000,1782833341,23341,yes,1782833341,False,CONTAMINATED
KXH200Q-26JUN30-4.790,KXH200Q-26JUN30,Science and Technology,yes,1,1,0,97.0,97,0,3,0.030927835051546393,1782813600,1782830491,16891,yes,1782830491,False,CONTAMINATED
KX14AMENDCASE-26-AUG,KX14AMENDCASE-26,Politics,no,361,361,0,91.0,32851,0,3249,0.0989010989010989,1782820546,1782832091,11545,no,1782832091,False,CONTAMINATED
KXTRANSGENDERSPORTSBAN,KXTRANSGENDERSPORTSBAN,Politics,yes,45,45,0,93.0,4185,0,315,0.07526881720430108,1782828000,1782830581,2581,yes,1782830581,False,CONTAMINATED
KXWTI-26JUN3014-T72.99,KXWTI-26JUN3014,Commodities,no,206,206,0,95.0,19570,0,1030,0.05263157894736842,1782828000,1782925260,97260,no,1782925260,False,CONTAMINATED
KXWTI-26JUN3014-T68.99,KXWTI-26JUN3014,Commodities,yes,280,280,0,97.0,27160,0,840,0.030927835051546393,1782831600,1782925260,93660,yes,1782925260,False,CONTAMINATED
KXWTI-26JUN3014-T67.99,KXWTI-26JUN3014,Commodities,yes,9,9,0,97.0,873,0,27,0.030927835051546393,1782835200,1782925260,90060,yes,1782925260,False,CONTAMINATED
KXMUSKNW-26JUN30-T1000,KXMUSKNW-26JUN30,Economics,yes,502,502,0,95.0,47690,0,2510,0.05263157894736842,1782846000,1782863401,17401,yes,1782863401,False,CONTAMINATED
KXMUSKNW-26JUN30-T950,KXMUSKNW-26JUN30,Economics,yes,13,13,0,98.0,1274,0,26,0.02040816326530612,1782846000,1782863401,17401,yes,1782863401,False,CONTAMINATED
KXNASDAQ100-26JUN30H1600-B30350,KXNASDAQ100-26JUN30H1600,Financials,no,65,65,0,93.0,6045,0,455,0.07526881720430108,1782846000,1782860501,14501,no,1782860501,False,CONTAMINATED
KXMUSKNW-26JUN30-T1100,KXMUSKNW-26JUN30,Economics,no,520,520,0,96.0,49920,0,2080,0.041666666666666664,1782849600,1782863401,13801,no,1782863401,False,CONTAMINATED
KXMUSKNW-26JUN30-T1200,KXMUSKNW-26JUN30,Economics,no,58,58,0,97.0,5626,0,174,0.030927835051546393,1782849600,1782863401,13801,no,1782863401,False,CONTAMINATED
KXFABLERESTORE-27-26JUL01,KXFABLERESTORE-27,Science and Technology,no,515,515,0,97.0,49955,0,1545,0.030927835051546393,1782860400,1782917533,57133,no,1782917533,False,CONTAMINATED
KXSENATECOD-26-JHIC,KXSENATECOD-26,Elections,yes,83,83,0,90.0,7470,0,830,0.1111111111111111,1782860400,1782871775,11375,yes,1782871775,False,CONTAMINATED
KXTRUMPMEET-26JUN-MBS,KXTRUMPMEET-26JUN,Politics,no,47,47,0,90.0,4230,0,470,0.1111111111111111,1782860400,1782920882,60482,no,1782920882,False,CONTAMINATED
KXB200Q-26JUN30-6.270,KXB200Q-26JUN30,Science and Technology,no,313,313,0,98.0,30674,0,626,0.02040816326530612,1782864000,1782920882,56882,no,1782920882,False,CONTAMINATED
KXCO8D-26-SBIR,KXCO8D-26,Elections,no,2,2,0,96.0,192,0,8,0.041666666666666664,1782867600,1782872375,4775,no,1782872375,False,CONTAMINATED
KXCOMPANYACTIONLAYOFF-B-26JUL01,KXCOMPANYACTIONLAYOFF-B,Financials,no,11,11,0,94.0,1034,0,66,0.06382978723404255,1782867600,1782934418,66818,no,1782934418,False,CONTAMINATED
KXHIGHDEN-26JUN30-B93.5,KXHIGHDEN-26JUN30,Climate and Weather,no,3,3,0,96.0,288,0,12,0.041666666666666664,1782871200,1782903973,32773,no,1782903973,False,CONTAMINATED
KXTRUMPAPOLOGY-26-JUL01,KXTRUMPAPOLOGY-26,Politics,no,117,117,0,97.0,11349,0,351,0.030927835051546393,1782871200,1782917633,46433,no,1782917633,False,CONTAMINATED
KXMAJORPROTEST-26JUN,KXMAJORPROTEST-26JUN,Economics,no,23,23,0,95.0,2185,0,115,0.05263157894736842,1782874800,1782916483,41683,no,1782916483,False,CONTAMINATED
KXCREDITC-26JUL01-T4.25,KXCREDITC-26JUL01,Economics,no,90,90,0,98.0,8820,0,180,0.02040816326530612,1782903600,1782918003,14403,no,1782918003,False,CONTAMINATED
KXWTI-26JUL0114-T66.99,KXWTI-26JUL0114,Commodities,yes,138,138,0,94.0,12972,0,828,0.06382978723404255,1782921600,1782968496,46896,yes,1782968496,False,CONTAMINATED
KXPAYROLLS-26JUN-T30000,KXPAYROLLS-26JUN,Economics,yes,62,62,0,91.0,5642,9,549,0.09730591988656505,1782990000,1782998874,8874,yes,1782998874,False,CONTAMINATED
KXWTI-26JUL0214-T68.99,KXWTI-26JUL0214,Commodities,no,313,313,0,90.0,28170,0,3130,0.1111111111111111,1783000800,1783044054,43254,no,1783044054,False,CONTAMINATED
KXWTIW-26JUL0214-B69.50,KXWTIW-26JUL0214,Commodities,no,307,307,0,93.0,28551,0,2149,0.07526881720430108,1783004400,1783357704,353304,no,1783357704,False,CONTAMINATED
KXWTI-26JUL0214-T65.99,KXWTI-26JUL0214,Commodities,yes,5,5,0,97.0,485,0,15,0.030927835051546393,1783008000,1783044054,36054,yes,1783044054,False,CONTAMINATED
KXAPRPOTUS-26JUL03-39.6,KXAPRPOTUS-26JUL03,Politics,no,3,3,0,98.0,294,0,6,0.02040816326530612,1783090800,1783095054,4254,no,1783095054,False,CONTAMINATED
KXRTX5090WS-26JUL03-0.750,KXRTX5090WS-26JUL03,Financials,no,186,186,0,93.0,17298,0,1302,0.07526881720430108,1783101600,1783355564,253964,no,1783355564,False,CONTAMINATED
KXHIGHTLV-26JUL03-B101.5,KXHIGHTLV-26JUL03,Climate and Weather,yes,8,8,0,96.0,768,0,32,0.041666666666666664,1783134000,1783164704,30704,yes,1783164704,False,CONTAMINATED
KXHIGHTLV-26JUL03-B103.5,KXHIGHTLV-26JUL03,Climate and Weather,no,40,40,0,98.0,3920,0,80,0.02040816326530612,1783144800,1783164704,19904,no,1783164704,False,CONTAMINATED
KXAAAGASW-26JUL06-3.810,KXAAAGASW-26JUL06,Economics,no,515,515,0,97.0,49955,0,1545,0.030927835051546393,1783292400,1783339844,47444,no,1783339844,False,CONTAMINATED
KXAAAGASD-26JUL06-3.795,KXAAAGASD-26JUL06,Economics,yes,452,452,0,95.0,42940,0,2260,0.05263157894736842,1783296000,1783340134,44134,yes,1783340134,False,CONTAMINATED
KXAAAGASD-26JUL06-3.805,KXAAAGASD-26JUL06,Economics,no,99,99,0,93.0,9207,0,693,0.07526881720430108,1783299600,1783340134,40534,no,1783340134,False,CONTAMINATED
KXWTI-26JUL0614-T66.99,KXWTI-26JUL0614,Commodities,yes,361,361,0,91.0,32851,0,3249,0.0989010989010989,1783346400,1783396943,50543,yes,1783396943,False,CONTAMINATED
KXWTI-26JUL0614-T69.99,KXWTI-26JUL0614,Commodities,no,489,489,0,94.0,45966,0,2934,0.06382978723404255,1783346400,1783396943,50543,no,1783396943,False,CONTAMINATED
KXWTI-26JUL0714-T70.99,KXWTI-26JUL0714,Commodities,no,85,85,0,95.0,8075,0,425,0.05263157894736842,1783432800,1783476054,43254,no,1783476054,False,CONTAMINATED
KXWTI-26JUL0714-T71.99,KXWTI-26JUL0714,Commodities,no,171,171,0,97.0,16587,0,513,0.030927835051546393,1783436400,1783476054,39654,no,1783476054,False,CONTAMINATED
KXINXDUD-26JUL07H1600-T7537.43,KXINXDUD-26JUL07H1600,Financials,no,526,526,0,95.0,49970,0,2630,0.05263157894736842,1783443600,1783465294,21694,no,1783465294,False,CONTAMINATED
KXWTI-26JUL0714-T67.99,KXWTI-26JUL0714,Commodities,yes,101,101,0,98.0,9898,0,202,0.02040816326530612,1783447200,1783476054,28854,yes,1783476054,False,CONTAMINATED
KXHIGHTDC-26JUL07-B83.5,KXHIGHTDC-26JUL07,Climate and Weather,yes,44,44,0,98.0,4312,0,88,0.02040816326530612,1783468800,1783510284,41484,yes,1783510284,False,CONTAMINATED
KXHIGHTDC-26JUL07-B85.5,KXHIGHTDC-26JUL07,Climate and Weather,no,71,71,0,96.0,6816,0,284,0.041666666666666664,1783468800,1783510284,41484,no,1783510284,False,CONTAMINATED
KXSPRLVL-26JUL08-T320,KXSPRLVL-26JUL08,Economics,no,36,36,0,91.0,3276,0,324,0.0989010989010989,1783504800,1783524594,19794,no,1783524594,False,CONTAMINATED
KXINXDUD-26JUL08H1600-T7503.85,KXINXDUD-26JUL08H1600,Financials,no,431,431,0,96.0,41376,0,1724,0.041666666666666664,1783530000,1783551694,21694,no,1783551694,False,CONTAMINATED
KXWTI-26JUL0814-T70.99,KXWTI-26JUL0814,Commodities,yes,489,489,0,98.0,47922,0,978,0.02040816326530612,1783530000,1783567864,37864,yes,1783567864,False,CONTAMINATED
KXWTI-26JUL0814-T71.99,KXWTI-26JUL0814,Commodities,yes,510,510,0,98.0,49980,0,1020,0.02040816326530612,1783530000,1783567864,37864,yes,1783567864,False,CONTAMINATED
KXWTI-26JUL0814-T72.99,KXWTI-26JUL0814,Commodities,yes,510,510,0,98.0,49980,0,1020,0.02040816326530612,1783530000,1783567864,37864,yes,1783567864,False,CONTAMINATED
KXPLATNERDROPOUT-26-JUL13,KXPLATNERDROPOUT-26,Elections,yes,406,406,0,92.0,37352,0,3248,0.08695652173913043,1783540800,1783558914,18114,yes,1783558914,False,CONTAMINATED
KXPLATNERDROPOUT-26-JUL12,KXPLATNERDROPOUT-26,Elections,yes,325,325,0,90.0,29250,0,3250,0.1111111111111111,1783548000,1783558914,10914,yes,1783558914,False,CONTAMINATED
KXPLATNERDROPOUT-26,KXPLATNERDROPOUT-26,Elections,yes,526,526,0,95.0,49970,0,2630,0.05263157894736842,1783555200,1783558914,3714,yes,1783558914,False,CONTAMINATED
KXAAAGASD-26JUL09-3.815,KXAAAGASD-26JUL09,Economics,yes,150,150,0,93.0,13950,0,1050,0.07526881720430108,1783566000,1783602350,36350,yes,1783602350,False,CONTAMINATED
KXAAAGASD-26JUL09-3.820,KXAAAGASD-26JUL09,Economics,yes,212,212,0,93.0,19716,0,1484,0.07526881720430108,1783566000,1783602350,36350,yes,1783602350,False,CONTAMINATED
KXGPT-OPENB-26JUL10,KXGPT-OPENB,Science and Technology,yes,443,443,0,97.0,42971,0,1329,0.030927835051546393,1783605600,1783623970,18370,yes,1783623970,False,CONTAMINATED
KXWTI-26JUL0914-T70.99,KXWTI-26JUL0914,Commodities,yes,15,15,0,96.0,1440,0,60,0.041666666666666664,1783605600,1783694739,89139,yes,1783694739,False,CONTAMINATED
KXWTI-26JUL0914-T71.49,KXWTI-26JUL0914,Commodities,yes,12,12,0,94.0,1128,0,72,0.06382978723404255,1783605600,1783694739,89139,yes,1783694739,False,CONTAMINATED
KXAPRPOTUS-26JUL10-40.3,KXAPRPOTUS-26JUL10,Politics,no,28,28,0,95.0,2660,0,140,0.05263157894736842,1783684800,1783699409,14609,no,1783699409,False,CONTAMINATED
KXAPRPOTUS-26JUL10-41.2,KXAPRPOTUS-26JUL10,Politics,no,12,12,0,94.0,1128,0,72,0.06382978723404255,1783684800,1783699409,14609,no,1783699409,False,CONTAMINATED
KXAPRPOTUS-26JUL10-41.3,KXAPRPOTUS-26JUL10,Politics,no,86,86,0,98.0,8428,0,172,0.02040816326530612,1783684800,1783699409,14609,no,1783699409,False,CONTAMINATED
KXWTI-26JUL1014-T69.99,KXWTI-26JUL1014,Commodities,yes,66,66,0,94.0,6204,0,396,0.06382978723404255,1783692000,1783735249,43249,yes,1783735249,False,CONTAMINATED
KXWTI-26JUL1014-T73.49,KXWTI-26JUL1014,Commodities,no,393,393,0,93.0,36549,0,2751,0.07526881720430108,1783695600,1783735249,39649,no,1783735249,False,CONTAMINATED
KXWTI-26JUL1014-T73.99,KXWTI-26JUL1014,Commodities,no,162,162,0,95.0,15390,0,810,0.05263157894736842,1783695600,1783735249,39649,no,1783735249,False,CONTAMINATED
KXWTI-26JUL1014-T74.49,KXWTI-26JUL1014,Commodities,no,15,15,0,95.0,1425,0,75,0.05263157894736842,1783695600,1783735249,39649,no,1783735249,False,CONTAMINATED
KXWTIW-26JUL1014-B73.50,KXWTIW-26JUL1014,Commodities,no,87,87,0,93.0,8091,0,609,0.07526881720430108,1783695600,1783735259,39659,no,1783735259,False,CONTAMINATED
KXWTIW-26JUL1014-B74.50,KXWTIW-26JUL1014,Commodities,no,56,56,0,95.0,5320,0,280,0.05263157894736842,1783695600,1783735259,39659,no,1783735259,False,CONTAMINATED
KXINX-26JUL10H1600-B7587,KXINX-26JUL10H1600,Financials,no,325,325,0,90.0,29250,0,-29250,-1.0,1783699200,1783724499,25299,yes,1783724499,False,CONTAMINATED
KXWTIW-26JUL1014-B69.50,KXWTIW-26JUL1014,Commodities,no,520,520,0,96.0,49920,0,2080,0.041666666666666664,1783699200,1783735259,36059,no,1783735259,False,CONTAMINATED
KXBRENTW-26JUL1017-T77.99,KXBRENTW-26JUL1017,Commodities,no,526,526,0,95.0,49970,0,2630,0.05263157894736842,1783702800,1783722059,19259,no,1783722059,False,CONTAMINATED
KXHIGHDEN-26JUL11-B97.5,KXHIGHDEN-26JUL11,Climate and Weather,no,9,9,0,91.0,819,0,81,0.0989010989010989,1783832400,1783869039,36639,no,1783869039,False,CONTAMINATED
KXAAAGASW-26JUL13-3.960,KXAAAGASW-26JUL13,Economics,no,510,510,0,98.0,49980,0,1020,0.02040816326530612,1783908000,1783943949,35949,no,1783943949,False,CONTAMINATED
KXHIGHDEN-26JUL12-B94.5,KXHIGHDEN-26JUL12,Climate and Weather,yes,289,289,0,96.0,27744,0,1156,0.041666666666666664,1783908000,1783940769,32769,yes,1783940769,False,CONTAMINATED
KXAAAGASD-26JUL13-3.870,KXAAAGASD-26JUL13,Economics,yes,82,82,0,90.0,7380,0,820,0.1111111111111111,1783911600,1783945109,33509,yes,1783945109,False,CONTAMINATED
KXTECHRANKLISTAICODE-26JUL13-CHAT,KXTECHRANKLISTAICODE-26JUL13,Science and Technology,yes,34,34,0,95.0,3230,0,170,0.05263157894736842,1783944000,1783957579,13579,yes,1783957579,False,CONTAMINATED
KXTECHRANKLISTAICODE-26JUL13-CLAU,KXTECHRANKLISTAICODE-26JUL13,Science and Technology,no,190,190,0,92.0,17480,0,1520,0.08695652173913043,1783947600,1783957579,9979,no,1783957579,False,CONTAMINATED
KXWTI-26JUL1314-T71.99,KXWTI-26JUL1314,Commodities,yes,91,91,0,95.0,8645,0,455,0.05263157894736842,1783954800,1783995369,40569,yes,1783995369,False,CONTAMINATED
KXWTI-26JUL1314-T75.99,KXWTI-26JUL1314,Commodities,no,276,276,0,94.0,25944,0,-25944,-1.0,1783954800,1783995369,40569,yes,1783995369,False,CONTAMINATED
KXWTI-26JUL1314-T76.49,KXWTI-26JUL1314,Commodities,no,29,29,0,96.0,2784,0,-2784,-1.0,1783954800,1783995369,40569,yes,1783995369,False,CONTAMINATED
KXWTI-26JUL1314-T76.99,KXWTI-26JUL1314,Commodities,no,128,128,0,97.0,12416,0,-12416,-1.0,1783954800,1783995369,40569,yes,1783995369,False,CONTAMINATED
KXWTI-26JUL1314-T77.99,KXWTI-26JUL1314,Commodities,no,2,2,0,98.0,196,0,-196,-1.0,1783954800,1783995369,40569,yes,1783995369,False,CONTAMINATED
KXWTI-26JUL1314-T77.49,KXWTI-26JUL1314,Commodities,no,2,2,0,98.0,196,0,-196,-1.0,1783962000,1783995369,33369,yes,1783995369,False,CONTAMINATED
KXNASDAQ100-26JUL13H1600-B29250,KXNASDAQ100-26JUL13H1600,Financials,no,257,257,0,93.0,23901,0,-23901,-1.0,1783965600,1783983699,18099,yes,1783983699,False,CONTAMINATED
KXWTI-26JUL1314-T78.49,KXWTI-26JUL1314,Commodities,no,139,139,0,97.0,13483,0,417,0.030927835051546393,1783965600,1783995369,29769,no,1783995369,False,CONTAMINATED
KXWTI-26JUL1314-T78.99,KXWTI-26JUL1314,Commodities,no,510,510,0,98.0,49980,0,1020,0.02040816326530612,1783965600,1783995369,29769,no,1783995369,False,CONTAMINATED
KXAAAGASD-26JUL14-3.860,KXAAAGASD-26JUL14,Economics,yes,325,325,0,90.0,29250,0,-29250,-1.0,1783994400,1784028029,33629,no,1784028029,False,CONTAMINATED
KXCPIYOY-26JUN-T3.9,KXCPIYOY-26JUN,Economics,no,47,47,0,95.0,4465,4,231,0.05173572228443449,1784019600,1784033409,13809,no,1784033409,False,CONTAMINATED
KXWTI-26JUL1414-T77.49,KXWTI-26JUL1414,Commodities,yes,103,103,0,94.0,9682,0,618,0.06382978723404255,1784037600,1784086245,48645,yes,1784086245,False,CONTAMINATED
KXWTI-26JUL1414-T77.99,KXWTI-26JUL1414,Commodities,yes,86,86,0,91.0,7826,0,774,0.0989010989010989,1784037600,1784086245,48645,yes,1784086245,False,CONTAMINATED
KXWTI-26JUL1414-T76.99,KXWTI-26JUL1414,Commodities,yes,49,49,0,97.0,4753,0,147,0.030927835051546393,1784041200,1784086245,45045,yes,1784086245,False,CONTAMINATED
KXWTI-26JUL1414-T75.99,KXWTI-26JUL1414,Commodities,yes,66,66,0,96.0,6336,0,264,0.041666666666666664,1784044800,1784086245,41445,yes,1784086245,False,CONTAMINATED
KXAAAGASD-26JUL15-3.885,KXAAAGASD-26JUL15,Economics,yes,115,115,0,91.0,10465,0,1035,0.0989010989010989,1784070000,1784112935,42935,yes,1784112935,False,CONTAMINATED
KXAAAGASD-26JUL15-3.905,KXAAAGASD-26JUL15,Economics,no,325,325,0,90.0,29250,0,3250,0.1111111111111111,1784073600,1784112935,39335,no,1784112935,False,CONTAMINATED
KXAAAGASD-26JUL15-3.875,KXAAAGASD-26JUL15,Economics,yes,510,510,0,98.0,49980,0,1020,0.02040816326530612,1784077200,1784112935,35735,yes,1784112935,False,CONTAMINATED
KXWCPRICE-26JULWCSEMI2-3500,KXWCPRICE-26JULWCSEMI2,Financials,no,39,39,0,92.0,3588,0,-3588,-1.0,1784124000,1784147733,23733,yes,1784147733,False,CONTAMINATED
KXWCPRICE-26JULWCSEMI2-3750,KXWCPRICE-26JULWCSEMI2,Financials,no,54,54,0,95.0,5130,0,270,0.05263157894736842,1784124000,1784147733,23733,no,1784147733,False,CONTAMINATED
KXWCPRICE-26JULWCSEMI2-4000,KXWCPRICE-26JULWCSEMI2,Financials,no,334,334,0,98.0,32732,0,668,0.02040816326530612,1784127600,1784147733,20133,no,1784147733,False,CONTAMINATED
KXWTI-26JUL1514-T77.99,KXWTI-26JUL1514,Commodities,yes,73,73,0,91.0,6643,0,657,0.0989010989010989,1784127600,1784211332,83732,yes,1784211332,False,CONTAMINATED
KXNASDAQ100-26JUL15H1600-B29550,KXNASDAQ100-26JUL15H1600,Financials,no,1,1,0,93.0,93,0,-93,-1.0,1784142000,1784156508,14508,yes,1784156508,False,CONTAMINATED
KXNASDAQ100-26JUL15H1600-B29850,KXNASDAQ100-26JUL15H1600,Financials,no,1,1,0,98.0,98,0,2,0.02040816326530612,1784145600,1784156508,10908,no,1784156508,False,CONTAMINATED
KXHIGHDEN-26JUL15-B93.5,KXHIGHDEN-26JUL15,Climate and Weather,yes,45,45,0,98.0,4410,0,90,0.02040816326530612,1784181600,1784199972,18372,yes,1784199972,False,CONTAMINATED
KXNASDAQ100-26JUL16H1600-B28950,KXNASDAQ100-26JUL16H1600,Financials,no,5,5,0,94.0,470,0,30,0.06382978723404255,1784221200,1784242902,21702,no,1784242902,False,CONTAMINATED
KXINX-26JUL16H1600-B7512,KXINX-26JUL16H1600,Financials,no,250,250,0,91.0,22750,0,2250,0.0989010989010989,1784224800,1784242902,18102,no,1784242902,False,CONTAMINATED
KXAAAGASD-26JUL17-4.005,KXAAAGASD-26JUL17,Economics,no,50,50,0,96.0,4800,0,200,0.041666666666666664,1784242800,1784292932,50132,no,1784292932,False,CONTAMINATED
KXAPRPOTUS-26JUL17-40.6,KXAPRPOTUS-26JUL17,Politics,no,73,73,0,90.0,6570,0,730,0.1111111111111111,1784289600,1784308072,18472,no,1784308072,False,CONTAMINATED
KXAPRPOTUS-26JUL17-41.3,KXAPRPOTUS-26JUL17,Politics,no,36,36,0,96.0,3456,0,144,0.041666666666666664,1784293200,1784308072,14872,no,1784308072,False,CONTAMINATED
KXAPRPOTUS-26JUL17-40.3,KXAPRPOTUS-26JUL17,Politics,no,23,23,0,98.0,2254,0,46,0.02040816326530612,1784296800,1784308072,11272,no,1784308072,False,CONTAMINATED
KXWTI-26JUL1714-T82.49,KXWTI-26JUL1714,Commodities,no,47,47,0,91.0,4277,0,423,0.0989010989010989,1784296800,1784482969,186169,no,1784482969,False,CONTAMINATED
KXWTIW-26JUL1714-B77.50,KXWTIW-26JUL1714,Commodities,no,406,406,0,92.0,37352,0,3248,0.08695652173913043,1784296800,1784523659,226859,no,1784523659,False,CONTAMINATED
KXWTIW-26JUL1714-T77.99,KXWTIW-26JUL1714,Commodities,yes,29,29,0,92.0,2668,0,232,0.08695652173913043,1784300400,1784523659,223259,yes,1784523659,False,CONTAMINATED
KXA100WS-26JUL17-1.250,KXA100WS-26JUL17,Financials,no,24,24,0,95.0,2280,0,120,0.05263157894736842,1784304000,1784326882,22882,no,1784326882,False,CONTAMINATED
KXBRENTW-26JUL1717-T83.99,KXBRENTW-26JUL1717,Commodities,yes,130,130,0,96.0,12480,0,520,0.041666666666666664,1784304000,1784329262,25262,yes,1784329262,False,CONTAMINATED
KXRTX5090WS-26JUL17-0.750,KXRTX5090WS-26JUL17,Financials,no,515,515,0,97.0,49955,0,1545,0.030927835051546393,1784304000,1784326382,22382,no,1784326382,False,CONTAMINATED
KXBRENTW-26JUL1717-T89.99,KXBRENTW-26JUL1717,Commodities,no,345,345,0,95.0,32775,0,1725,0.05263157894736842,1784307600,1784329262,21662,no,1784329262,False,CONTAMINATED
KXBRENTW-26JUL1717-T91.99,KXBRENTW-26JUL1717,Commodities,no,142,142,0,97.0,13774,0,426,0.030927835051546393,1784307600,1784329262,21662,no,1784329262,False,CONTAMINATED
KXWTI-26JUL1714-T81.99,KXWTI-26JUL1714,Commodities,no,398,398,0,92.0,36616,0,3184,0.08695652173913043,1784307600,1784482969,175369,no,1784482969,False,CONTAMINATED
KXNATGASW-26JUL1717-T2.999,KXNATGASW-26JUL1717,Commodities,no,309,309,0,98.0,30282,0,618,0.02040816326530612,1784318400,1784329262,10862,no,1784329262,False,CONTAMINATED
KXWCPRICE-26JULWCFINAL-11500,KXWCPRICE-26JULWCFINAL,Financials,no,132,132,0,97.0,12804,0,396,0.030927835051546393,1784397600,1784412762,15162,no,1784412762,False,CONTAMINATED
KXWCPRICE-26JULWCFINAL-7500,KXWCPRICE-26JULWCFINAL,Financials,yes,5,5,0,97.0,485,0,15,0.030927835051546393,1784401200,1784412762,11562,yes,1784412762,False,CONTAMINATED
KXHIGHDEN-26JUL18-B93.5,KXHIGHDEN-26JUL18,Climate and Weather,yes,13,13,0,97.0,1261,0,39,0.030927835051546393,1784437200,1784459172,21972,yes,1784459172,False,CONTAMINATED
KXTRUMPATTEND,KXTRUMPATTEND,Politics,yes,510,510,0,98.0,49980,0,1020,0.02040816326530612,1784472065,1784489772,17707,yes,1784489772,False,CONTAMINATED
KXWCADS-26JUL19-ADID,KXWCADS-26JUL19,Financials,yes,361,361,0,91.0,32851,0,3249,0.0989010989010989,1784487600,1784505326,17726,yes,1784505326,False,CONTAMINATED
KXWCADS-26JUL19-BURG,KXWCADS-26JUL19,Financials,no,231,231,0,93.0,21483,0,1617,0.07526881720430108,1784487600,1784505366,17766,no,1784505366,False,CONTAMINATED
KXWCADS-26JUL19-SPAC,KXWCADS-26JUL19,Financials,no,171,171,0,93.0,15903,0,1197,0.07526881720430108,1784487600,1784505366,17766,no,1784505366,False,CONTAMINATED
KXWCADS-26JUL19-TEMU,KXWCADS-26JUL19,Financials,no,385,385,0,97.0,37345,0,1155,0.030927835051546393,1784487600,1784505366,17766,no,1784505366,False,CONTAMINATED
KXWCADS-26JUL19-CELS,KXWCADS-26JUL19,Financials,no,218,218,0,94.0,20492,0,1308,0.06382978723404255,1784491200,1784505366,14166,no,1784505366,False,CONTAMINATED
KXWCADS-26JUL19-DPZ,KXWCADS-26JUL19,Financials,no,320,320,0,93.0,29760,0,2240,0.07526881720430108,1784491200,1784505366,14166,no,1784505366,False,CONTAMINATED
KXWCADS-26JUL19-GATO,KXWCADS-26JUL19,Financials,no,361,361,0,91.0,32851,0,3249,0.0989010989010989,1784491200,1784505366,14166,no,1784505366,False,CONTAMINATED
KXWCADS-26JUL19-LEGO,KXWCADS-26JUL19,Financials,no,325,325,0,90.0,29250,0,3250,0.1111111111111111,1784491200,1784505366,14166,no,1784505366,False,CONTAMINATED
KXWCADS-26JUL19-NETF,KXWCADS-26JUL19,Financials,no,140,140,0,92.0,12880,0,1120,0.08695652173913043,1784491200,1784505366,14166,no,1784505366,False,CONTAMINATED
KXWCADS-26JUL19-SAMS,KXWCADS-26JUL19,Financials,no,43,43,0,91.0,3913,0,387,0.0989010989010989,1784491200,1784505366,14166,no,1784505366,False,CONTAMINATED
KXWCADS-26JUL19-SKIM,KXWCADS-26JUL19,Financials,no,208,208,0,98.0,20384,0,416,0.02040816326530612,1784498400,1784505366,6966,no,1784505366,False,CONTAMINATED
KXHIGHDEN-26JUL19-B97.5,KXHIGHDEN-26JUL19,Climate and Weather,yes,16,16,0,95.0,1520,0,80,0.05263157894736842,1784520000,1784545569,25569,yes,1784545569,False,CONTAMINATED
KXWTI-26JUL2014-T82.99,KXWTI-26JUL2014,Commodities,no,325,325,0,90.0,29250,0,3250,0.1111111111111111,1784566800,1784601049,34249,no,1784601049,False,CONTAMINATED
KXHIGHTSEA-26JUL20-B81.5,KXHIGHTSEA-26JUL20,Climate and Weather,yes,227,227,0,95.0,21565,0,1135,0.05263157894736842,1784613600,1784631979,18379,yes,1784631979,False,CONTAMINATED
KXHORMUZWEEKLY-26JUL19-T75,KXHORMUZWEEKLY-26JUL19,Politics,no,19,19,0,90.0,1710,0,-1710,-1.0,1784638800,1784644989,6189,yes,1784644989,False,CONTAMINATED
KXAAAGASD-26JUL22-4.050,KXAAAGASD-26JUL22,Economics,yes,268,268,0,90.0,24120,0,2680,0.1111111111111111,1784689200,1784721943,32743,yes,1784721943,False,CONTAMINATED
KXWTI-26JUL2214-T83.99,KXWTI-26JUL2214,Commodities,yes,35,35,0,94.0,3290,0,210,0.06382978723404255,1784728800,1784774734,45934,yes,1784774734,False,CONTAMINATED
KXWTI-26JUL2214-T84.49,KXWTI-26JUL2214,Commodities,yes,122,122,0,92.0,11224,0,976,0.08695652173913043,1784728800,1784774734,45934,yes,1784774734,False,CONTAMINATED
KXWTI-26JUL2214-T84.99,KXWTI-26JUL2214,Commodities,yes,274,274,0,92.0,25208,0,2192,0.08695652173913043,1784739600,1784774734,35134,yes,1784774734,False,CONTAMINATED
KXINX-26JUL22H1600-B7487,KXINX-26JUL22H1600,Financials,no,66,66,0,93.0,6138,0,-6138,-1.0,1784743200,1784761294,18094,yes,1784761294,False,CONTAMINATED
KXNASDAQ100-26JUL22H1600-B28950,KXNASDAQ100-26JUL22H1600,Financials,no,2,2,0,94.0,188,0,-188,-1.0,1784746800,1784761294,14494,yes,1784761294,False,CONTAMINATED
KXHIGHDEN-26JUL22-B92.5,KXHIGHDEN-26JUL22,Climate and Weather,no,357,357,0,92.0,32844,0,2856,0.08695652173913043,1784775600,1784804766,29166,no,1784804766,False,CONTAMINATED
KXINXDUD-26JUL23H1600-T7498.96,KXINXDUD-26JUL23H1600,Financials,no,209,209,0,91.0,19019,0,1881,0.0989010989010989,1784818800,1784847696,28896,no,1784847696,False,CONTAMINATED
KXWTI-26JUL2314-T87.99,KXWTI-26JUL2314,Commodities,yes,103,103,0,98.0,10094,0,206,0.02040816326530612,1784818800,1784857536,38736,yes,1784857536,False,CONTAMINATED
KXBRENTD-26JUL2317-T100.00,KXBRENTD-26JUL2317,Commodities,yes,361,361,0,91.0,32851,0,3249,0.0989010989010989,1784833200,1784844646,11446,yes,1784844646,False,CONTAMINATED
KXBRENTD-26JUL2317-T99.50,KXBRENTD-26JUL2317,Commodities,yes,314,314,0,92.0,28888,0,2512,0.08695652173913043,1784836800,1784844646,7846,yes,1784844646,False,CONTAMINATED
KXAAAGASD-26JUL24-4.120,KXAAAGASD-26JUL24,Economics,no,510,510,0,98.0,49980,0,1020,0.02040816326530612,1784854800,1784897726,42926,no,1784897726,False,CONTAMINATED
KXAPRPOTUS-26JUL24-40.2,KXAPRPOTUS-26JUL24,Politics,no,235,235,0,93.0,21855,0,1645,0.07526881720430108,1784894400,1784910526,16126,no,1784910526,False,CONTAMINATED
KXAPRPOTUS-26JUL24-40.3,KXAPRPOTUS-26JUL24,Politics,no,59,59,0,95.0,5605,0,295,0.05263157894736842,1784894400,1784910526,16126,no,1784910526,False,CONTAMINATED
KXAPRPOTUS-26JUL24-41.2,KXAPRPOTUS-26JUL24,Politics,no,17,17,0,96.0,1632,0,68,0.041666666666666664,1784898000,1784910526,12526,no,1784910526,False,CONTAMINATED
KXWTIW-26JUL2414-B93.50,KXWTIW-26JUL2414,Commodities,no,394,394,0,96.0,37824,0,1576,0.041666666666666664,1784901600,1784947546,45946,no,1784947546,False,CONTAMINATED
KXWTIW-26JUL2414-B94.50,KXWTIW-26JUL2414,Commodities,no,52,52,0,98.0,5096,0,104,0.02040816326530612,1784901600,1784947546,45946,no,1784947546,False,CONTAMINATED
KXWTI-26JUL2414-T87.49,KXWTI-26JUL2414,Commodities,yes,47,47,0,95.0,4465,0,235,0.05263157894736842,1784905200,1784947536,42336,yes,1784947536,False,CONTAMINATED
KXWTIW-26JUL2414-B87.50,KXWTIW-26JUL2414,Commodities,no,71,71,0,95.0,6745,0,355,0.05263157894736842,1784905200,1784947546,42346,no,1784947546,False,CONTAMINATED
KXWTIW-26JUL2414-B92.50,KXWTIW-26JUL2414,Commodities,no,361,361,0,91.0,32851,0,3249,0.0989010989010989,1784905200,1784947546,42346,no,1784947546,False,CONTAMINATED
KXBRENTW-26JUL2417-T88.99,KXBRENTW-26JUL2417,Commodities,yes,186,186,0,94.0,17484,0,1116,0.06382978723404255,1784908800,1784931056,22256,yes,1784931056,False,CONTAMINATED
KXINX-26JUL24H1600-B7462,KXINX-26JUL24H1600,Financials,no,325,325,0,90.0,29250,0,3250,0.1111111111111111,1784908800,1784934106,25306,no,1784934106,False,CONTAMINATED
KXWTIW-26JUL2414-B85.50,KXWTIW-26JUL2414,Commodities,no,58,58,0,98.0,5684,0,116,0.02040816326530612,1784908800,1784947546,38746,no,1784947546,False,CONTAMINATED
KXWTIW-26JUL2414-B86.50,KXWTIW-26JUL2414,Commodities,no,13,13,0,97.0,1261,0,39,0.030927835051546393,1784908800,1784947546,38746,no,1784947546,False,CONTAMINATED
KXWTIW-26JUL2414-B90.50,KXWTIW-26JUL2414,Commodities,no,531,531,0,94.0,49914,0,3186,0.06382978723404255,1784912400,1784947546,35146,no,1784947546,False,CONTAMINATED
KXINX-26JUL24H1600-B7387,KXINX-26JUL24H1600,Financials,no,12,12,0,94.0,1128,0,72,0.06382978723404255,1784916000,1784934106,18106,no,1784934106,False,CONTAMINATED
KXAAAGASD-26JUL25-4.115,KXAAAGASD-26JUL25,Economics,no,154,154,0,92.0,14168,0,1232,0.08695652173913043,1784934000,1784980226,46226,no,1784980226,False,CONTAMINATED
KXSPACEXSTARSHIP-13-26JUL31,KXSPACEXSTARSHIP-13,Science and Technology,yes,9,9,0,95.0,855,0,45,0.05263157894736842,1784934000,1784941475,7475,yes,1784941475,False,CONTAMINATED
KXAAAGASD-26JUL26-4.120,KXAAAGASD-26JUL26,Economics,no,308,308,0,94.0,28952,0,1848,0.06382978723404255,1785020400,1785071146,50746,no,1785071146,False,CONTAMINATED
KXAAAGASD-26JUL26-4.125,KXAAAGASD-26JUL26,Economics,no,510,510,0,98.0,49980,0,1020,0.02040816326530612,1785034800,1785071146,36346,no,1785071146,False,CONTAMINATED
KXAAAGASD-26JUL27-4.115,KXAAAGASD-26JUL27,Economics,no,531,531,0,94.0,49914,0,3186,0.06382978723404255,1785106800,1785157826,51026,no,1785157826,False,CONTAMINATED
KXAAAGASD-26JUL27-4.120,KXAAAGASD-26JUL27,Economics,no,320,320,0,98.0,31360,0,640,0.02040816326530612,1785110400,1785157826,47426,no,1785157826,False,CONTAMINATED
KXAAAGASD-26JUL27-4.100,KXAAAGASD-26JUL27,Economics,yes,294,294,0,98.0,28812,0,588,0.02040816326530612,1785117600,1785157826,40226,yes,1785157826,False,CONTAMINATED
KXAAAGASW-26JUL27-4.100,KXAAAGASW-26JUL27,Economics,yes,316,316,0,98.0,30968,0,632,0.02040816326530612,1785117600,1785157746,40146,yes,1785157746,False,CONTAMINATED
KXTOPMODEL-26JUL27-CLAUT,KXTOPMODEL-26JUL27,Science and Technology,no,526,526,0,95.0,49970,0,2630,0.05263157894736842,1785142800,1785163296,20496,no,1785163296,False,CONTAMINATED
KXCHINAAI-26JUL27-MOON,KXCHINAAI-26JUL27,Science and Technology,no,30,30,0,92.0,2760,0,240,0.08695652173913043,1785157200,1785166776,9576,no,1785166776,False,CONTAMINATED
KXWTI-26JUL2714-T86.99,KXWTI-26JUL2714,Commodities,no,23,23,0,92.0,2116,0,184,0.08695652173913043,1785160800,1785203146,42346,no,1785203146,False,CONTAMINATED
KXWTI-26JUL2714-T87.49,KXWTI-26JUL2714,Commodities,no,52,52,0,94.0,4888,0,312,0.06382978723404255,1785160800,1785203146,42346,no,1785203146,False,CONTAMINATED
KXWTI-26JUL2714-T89.99,KXWTI-26JUL2714,Commodities,no,50,50,0,97.0,4850,0,150,0.030927835051546393,1785164400,1785203146,38746,no,1785203146,False,CONTAMINATED
KXWTI-26JUL2714-T85.99,KXWTI-26JUL2714,Commodities,no,42,42,0,97.0,4074,0,126,0.030927835051546393,1785175200,1785203146,27946,no,1785203146,False,CONTAMINATED
KXTRUMPNUMSTATES-26AUG01-E8,KXTRUMPNUMSTATES-26AUG01,Politics,no,68,68,0,98.0,6664,0,136,0.02040816326530612,1785186000,1785195166,9166,no,1785195166,False,CONTAMINATED
KXWTI-26JUL2814-T83.49,KXWTI-26JUL2814,Commodities,no,15,15,0,92.0,1380,0,120,0.08695652173913043,1785247200,1785291336,44136,no,1785291336,False,CONTAMINATED
KXWTI-26JUL2814-T78.49,KXWTI-26JUL2814,Commodities,yes,23,23,0,97.0,2231,0,69,0.030927835051546393,1785254400,1785291336,36936,yes,1785291336,False,CONTAMINATED
KXAAAGASD-26JUL29-4.105,KXAAAGASD-26JUL29,Economics,no,515,515,0,97.0,49955,0,1545,0.030927835051546393,1785279600,1785327936,48336,no,1785327936,False,CONTAMINATED
KXGOVSDNOMR-26-LRHO,KXGOVSDNOMR-26,Elections,yes,515,515,0,97.0,49955,0,1545,0.030927835051546393,1785286800,1785298566,11766,yes,1785298566,False,CONTAMINATED
KXAAAGASD-26JUL29-4.070,KXAAAGASD-26JUL29,Economics,yes,510,510,0,98.0,49980,0,1020,0.02040816326530612,1785290400,1785327936,37536,yes,1785327936,False,CONTAMINATED
KXFOMCDISSENTCOUNT-26JUL-4,KXFOMCDISSENTCOUNT-26JUL,Economics,no,134,134,0,93.0,12462,0,938,0.07526881720430108,1785337200,1785350686,13486,no,1785350686,False,CONTAMINATED
KXINX-26JUL29H1600-B7362,KXINX-26JUL29H1600,Financials,no,520,520,0,96.0,49920,0,2080,0.041666666666666664,1785355200,1785366106,10906,no,1785366106,False,CONTAMINATED
KXMETA-26SEPHEAD-74000,KXMETA-26SEPHEAD,Financials,yes,109,109,0,94.0,10246,0,654,0.06382978723404255,1785358800,1785365226,6426,yes,1785365226,False,CONTAMINATED
KXAAAGASD-26JUL30-4.085,KXAAAGASD-26JUL30,Economics,yes,26,26,0,92.0,2392,0,208,0.08695652173913043,1785366000,1785413140,47140,yes,1785413140,False,CONTAMINATED
KXHIGHTBOS-26JUL29-B68.5,KXHIGHTBOS-26JUL29,Climate and Weather,yes,27,27,0,95.0,2565,0,135,0.05263157894736842,1785369600,1785410071,40471,yes,1785410071,False,CONTAMINATED
KXAAAGASD-26JUL30-4.105,KXAAAGASD-26JUL30,Economics,no,204,204,0,98.0,19992,0,408,0.02040816326530612,1785380400,1785413140,32740,no,1785413140,False,CONTAMINATED
KXWTI-26JUL3014-T81.99,KXWTI-26JUL3014,Commodities,yes,319,319,0,91.0,29029,0,2871,0.0989010989010989,1785420000,1785514541,94541,yes,1785514541,False,CONTAMINATED
KXTRUMPENDORSESC-26AUG11-DNOR,KXTRUMPENDORSESC-26AUG11,Elections,yes,134,134,0,92.0,12328,0,1072,0.08695652173913043,1785423600,1785428910,5310,yes,1785428910,False,CONTAMINATED
KXWTI-26JUL3014-T82.49,KXWTI-26JUL3014,Commodities,yes,406,406,0,92.0,37352,0,3248,0.08695652173913043,1785430800,1785514541,83741,yes,1785514541,False,CONTAMINATED
KXCOINBASE-26JULVOL-150000000000,KXCOINBASE-26JULVOL,Financials,yes,26,26,0,97.0,2522,0,-52,-0.020618556701030927,1785445200,1785450850,5650,scalar,1785450850,False,CONTAMINATED
KXCOINBASE-26JULVOL-180000000000,KXCOINBASE-26JULVOL,Financials,no,526,526,0,95.0,49970,0,-1578,-0.031578947368421054,1785445200,1785450850,5650,scalar,1785450850,False,CONTAMINATED
KXAAAGASD-26JUL31-4.100,KXAAAGASD-26JUL31,Economics,yes,464,464,0,93.0,43152,0,3248,0.07526881720430108,1785452400,1785499540,47140,yes,1785499540,False,CONTAMINATED
KXCBDECISIONJAPAN-26JUL30-HOLD,KXCBDECISIONJAPAN-26JUL30,Economics,yes,510,510,0,98.0,49980,0,1020,0.02040816326530612,1785459600,1785501740,42140,yes,1785501740,False,CONTAMINATED
KXAAAGASD-26JUL31-4.095,KXAAAGASD-26JUL31,Economics,yes,181,181,0,98.0,17738,0,362,0.02040816326530612,1785463200,1785499540,36340,yes,1785499540,False,CONTAMINATED
KXHIGHTLV-26JUL30-B110.5,KXHIGHTLV-26JUL30,Climate and Weather,yes,49,49,0,96.0,4704,0,196,0.041666666666666664,1785470400,1785495980,25580,yes,1785495980,False,CONTAMINATED
KXA100WS-26JUL31-1.250,KXA100WS-26JUL31,Financials,no,4,4,0,94.0,376,0,24,0.06382978723404255,1785510000,1785533210,23210,no,1785533210,False,CONTAMINATED
KXWTIW-26JUL3114-B82.50,KXWTIW-26JUL3114,Commodities,no,295,295,0,95.0,28025,0,1475,0.05263157894736842,1785510000,1785550550,40550,no,1785550550,False,CONTAMINATED
KXWTIW-26JUL3114-B83.50,KXWTIW-26JUL3114,Commodities,no,406,406,0,92.0,37352,0,3248,0.08695652173913043,1785513600,1785550550,36950,no,1785550550,False,CONTAMINATED
KXRTX5090WS-26JUL31-0.500,KXRTX5090WS-26JUL31,Financials,no,325,325,0,90.0,29250,0,3250,0.1111111111111111,1785528000,1785533180,5180,no,1785533180,False,CONTAMINATED
KXRTX5090MS-26JUL-0.500,KXRTX5090MS-26JUL,Financials,no,137,137,0,91.0,12467,0,1233,0.0989010989010989,1785531600,1785536060,4460,no,1785536060,False,CONTAMINATED
KXAAAGASD-26AUG01-4.110,KXAAAGASD-26AUG01,Economics,no,345,345,0,91.0,31395,0,3105,0.0989010989010989,1785549600,1785584730,35130,no,1785584730,False,CONTAMINATED
KXAAAGASD-26AUG02-4.110,KXAAAGASD-26AUG02,Economics,no,140,140,0,98.0,13720,0,280,0.02040816326530612,1785639600,1785669930,30330,no,1785669930,False,CONTAMINATED
KXAAAGASD-26AUG03-4.100,KXAAAGASD-26AUG03,Economics,no,190,190,0,94.0,17860,0,1140,0.06382978723404255,1785715200,1785754230,39030,no,1785754230,False,CONTAMINATED
KXAAAGASD-26AUG03-4.085,KXAAAGASD-26AUG03,Economics,yes,360,360,0,96.0,34560,0,1440,0.041666666666666664,1785726000,1785754230,28230,yes,1785754230,False,CONTAMINATED
KXWTI-26AUG0314-T81.49,KXWTI-26AUG0314,Commodities,no,379,379,0,92.0,34868,0,3032,0.08695652173913043,1785765600,1785808450,42850,no,1785808450,False,CONTAMINATED
KXINX-26AUG03H1600-B7612,KXINX-26AUG03H1600,Financials,no,361,361,0,91.0,32851,0,-32851,-1.0,1785772800,1785798110,25310,yes,1785798110,False,CONTAMINATED
KXWTI-26AUG0314-T77.99,KXWTI-26AUG0314,Commodities,yes,51,51,0,91.0,4641,0,459,0.0989010989010989,1785772800,1785808450,35650,yes,1785808450,False,CONTAMINATED
KXWTI-26AUG0314-T81.99,KXWTI-26AUG0314,Commodities,no,1,1,0,95.0,95,0,5,0.05263157894736842,1785772800,1785808450,35650,no,1785808450,False,CONTAMINATED
KXWTI-26AUG0314-T82.49,KXWTI-26AUG0314,Commodities,no,114,114,0,98.0,11172,0,228,0.02040816326530612,1785772800,1785808450,35650,no,1785808450,False,CONTAMINATED
KXWTI-26AUG0314-T83.49,KXWTI-26AUG0314,Commodities,no,167,167,0,98.0,16366,0,334,0.02040816326530612,1785772800,1785808450,35650,no,1785808450,False,CONTAMINATED
KXAAAGASD-26AUG04-4.095,KXAAAGASD-26AUG04,Economics,no,406,406,0,92.0,37352,0,3248,0.08695652173913043,1785801600,1785844830,43230,no,1785844830,False,CONTAMINATED
KXAAAGASD-26AUG04-4.100,KXAAAGASD-26AUG04,Economics,no,52,52,0,98.0,5096,0,104,0.02040816326530612,1785801600,1785844830,43230,no,1785844830,False,CONTAMINATED
KXAAAGASD-26AUG04-4.085,KXAAAGASD-26AUG04,Economics,yes,213,213,0,97.0,20661,0,639,0.030927835051546393,1785805200,1785844830,39630,yes,1785844830,False,CONTAMINATED
KXHORMUZWEEKLY-26JUL26-T50,KXHORMUZWEEKLY-26JUL26,Politics,yes,5,5,0,94.0,470,0,-470,-1.0,1785844800,1785942640,97840,no,1785942640,False,CONTAMINATED
KXINX-26AUG04H1600-B7737,KXINX-26AUG04H1600,Financials,no,2,2,0,95.0,190,0,-190,-1.0,1785859200,1785884500,25300,yes,1785884500,False,CONTAMINATED
KXINX-26AUG04H1600-B7762,KXINX-26AUG04H1600,Financials,no,33,33,0,92.0,3036,0,264,0.08695652173913043,1785862800,1785884500,21700,no,1785884500,False,CONTAMINATED
KXGOVKSNOMD-26-CH,KXGOVKSNOMD-26,Elections,yes,15,15,0,95.0,1425,0,75,0.05263157894736842,1785880800,1785898770,17970,yes,1785898770,False,CONTAMINATED
KXGOVKSNOMD-26-EC,KXGOVKSNOMD-26,Elections,no,54,54,0,95.0,5130,0,270,0.05263157894736842,1785880800,1785898770,17970,no,1785898770,False,CONTAMINATED
KXGOVMINOMR-26-JJ,KXGOVMINOMR-26,Elections,yes,264,264,0,96.0,25344,0,1056,0.041666666666666664,1785880800,1785898800,18000,yes,1785898800,False,CONTAMINATED
KXAAAGASD-26AUG05-4.090,KXAAAGASD-26AUG05,Economics,no,428,428,0,98.0,41944,0,856,0.02040816326530612,1785884400,1785933630,49230,no,1785933630,False,CONTAMINATED
KXGOVKSNOMR-26-PS,KXGOVKSNOMR-26,Elections,no,36,36,0,95.0,3420,0,180,0.05263157894736842,1785884400,1785893781,9381,no,1785893781,False,CONTAMINATED
KXGOVKSNOMR-26-TM,KXGOVKSNOMR-26,Elections,yes,520,520,0,96.0,49920,0,2080,0.041666666666666664,1785884400,1785893781,9381,yes,1785893781,False,CONTAMINATED
KXSENATEKSD-26-AHAM,KXSENATEKSD-26,Elections,yes,17,17,0,96.0,1632,0,68,0.041666666666666664,1785884400,1785895240,10840,yes,1785895240,False,CONTAMINATED
KXAAAGASD-26AUG05-4.070,KXAAAGASD-26AUG05,Economics,yes,520,520,0,96.0,49920,0,2080,0.041666666666666664,1785888000,1785933630,45630,yes,1785933630,False,CONTAMINATED
KXGOVMINOMR-26-PJ,KXGOVMINOMR-26,Elections,no,510,510,0,98.0,49980,0,1020,0.02040816326530612,1785888000,1785898800,10800,no,1785898800,False,CONTAMINATED
KXMI11D-26-AFAR,KXMI11D-26,Elections,no,128,128,0,94.0,12032,0,768,0.06382978723404255,1785888000,1785895600,7600,no,1785895600,False,CONTAMINATED
KXMI11D-26-JMOS,KXMI11D-26,Elections,yes,9,9,0,95.0,855,0,45,0.05263157894736842,1785888000,1785895600,7600,yes,1785895600,False,CONTAMINATED
KXTRUMPAPPROVALBELOW-26DEC31-38,KXTRUMPAPPROVALBELOW-26DEC31,Politics,yes,32,32,0,97.0,3104,0,96,0.030927835051546393,1785942000,1785946940,4940,yes,1785946940,False,CONTAMINATED
KXAAAGASD-26AUG06-4.060,KXAAAGASD-26AUG06,Economics,yes,510,510,0,98.0,49980,0,1020,0.02040816326530612,1785978000,1786020031,42031,yes,1786020031,False,CONTAMINATED
KXAAAGASD-26AUG06-4.070,KXAAAGASD-26AUG06,Economics,no,325,325,0,90.0,29250,0,3250,0.1111111111111111,1785978000,1786020031,42031,no,1786020031,False,CONTAMINATED
KXAAAGASD-26AUG06-4.075,KXAAAGASD-26AUG06,Economics,no,499,499,0,98.0,48902,0,998,0.02040816326530612,1785981600,1786020031,38431,no,1786020031,False,CONTAMINATED
KXWTI-26AUG0614-T78.49,KXWTI-26AUG0614,Commodities,no,464,464,0,93.0,43152,0,3248,0.07526881720430108,1786024800,1786068049,43249,no,1786068049,False,CONTAMINATED
KXWTI-26AUG0614-T77.99,KXWTI-26AUG0614,Commodities,no,531,531,0,94.0,49914,0,3186,0.06382978723404255,1786032000,1786068049,36049,no,1786068049,False,CONTAMINATED
KXWTI-26AUG0614-T78.99,KXWTI-26AUG0614,Commodities,no,131,131,0,97.0,12707,0,393,0.030927835051546393,1786032000,1786068049,36049,no,1786068049,False,CONTAMINATED
KXGOVTNNOMR-2-26-JROS,KXGOVTNNOMR-2-26,Elections,no,464,464,0,93.0,43152,0,3248,0.07526881720430108,1786053600,1786067439,13839,no,1786067439,False,CONTAMINATED
KXGOVTNNOMR-2-26-MFRI,KXGOVTNNOMR-2-26,Elections,no,510,510,0,98.0,49980,0,1020,0.02040816326530612,1786057200,1786067439,10239,no,1786067439,False,CONTAMINATED
KXGOVTNNOMR-2-26-MBLA,KXGOVTNNOMR-2-26,Elections,yes,531,531,0,94.0,49914,0,3186,0.06382978723404255,1786060800,1786067439,6639,yes,1786067439,False,CONTAMINATED
KXHIGHTBOS-26AUG06-T87,KXHIGHTBOS-26AUG06,Climate and Weather,yes,131,131,0,93.0,12183,0,917,0.07526881720430108,1786060800,1786100805,40005,yes,1786100805,False,CONTAMINATED
KXTNPRIMARY-09R26-BTAY,KXTNPRIMARY-09R26,Elections,yes,16,16,0,94.0,1504,0,96,0.06382978723404255,1786064400,1786069089,4689,yes,1786069089,False,CONTAMINATED
KXTNPRIMARY-09R26-TWAR,KXTNPRIMARY-09R26,Elections,no,1,1,0,92.0,92,0,8,0.08695652173913043,1786064400,1786069089,4689,no,1786069089,False,CONTAMINATED
KXAAAGASD-26AUG07-4.045,KXAAAGASD-26AUG07,Economics,no,325,325,0,90.0,29250,0,3250,0.1111111111111111,1786068000,1786103135,35135,no,1786103135,False,CONTAMINATED
KXU3-26JUL-T4.3,KXU3-26JUL,Economics,no,62,62,0,91.0,5642,9,549,0.09730591988656505,1786104000,1786111535,7535,no,1786111535,False,CONTAMINATED
KXBRENTW-26AUG0717-T78.99,KXBRENTW-26AUG0717,Commodities,yes,57,57,0,98.0,5586,0,114,0.02040816326530612,1786132800,1786140065,7265,yes,1786140065,False,CONTAMINATED
KXAAAGASD-26AUG08-4.025,KXAAAGASD-26AUG08,Economics,no,361,361,0,91.0,32851,0,3249,0.0989010989010989,1786147200,1786194025,46825,no,1786194025,False,CONTAMINATED
KXAAAGASD-26AUG08-4.030,KXAAAGASD-26AUG08,Economics,no,510,510,0,98.0,49980,0,1020,0.02040816326530612,1786150800,1786194025,43225,no,1786194025,False,CONTAMINATED
KXBLANCHECOUNT-27-T49,KXBLANCHECOUNT-27,Politics,yes,32,32,0,93.0,2976,0,224,0.07526881720430108,1786176000,1786194185,18185,yes,1786194185,False,CONTAMINATED
KXAAAGASD-26AUG09-4.015,KXAAAGASD-26AUG09,Economics,no,451,451,0,98.0,44198,0,902,0.02040816326530612,1786237200,1786280135,42935,no,1786280135,False,CONTAMINATED
KXAAAGASD-26AUG09-4.020,KXAAAGASD-26AUG09,Economics,no,510,510,0,98.0,49980,0,1020,0.02040816326530612,1786244400,1786280135,35735,no,1786280135,False,CONTAMINATED
KXAAAGASD-26AUG10-4.010,KXAAAGASD-26AUG10,Economics,no,406,406,0,92.0,37352,0,3248,0.08695652173913043,1786320000,1786367145,47145,no,1786367145,False,CONTAMINATED
KXAAAGASD-26AUG10-4.000,KXAAAGASD-26AUG10,Economics,yes,373,373,0,96.0,35808,0,1492,0.041666666666666664,1786327200,1786367145,39945,yes,1786367145,False,CONTAMINATED
KXWTI-26AUG1014-T76.99,KXWTI-26AUG1014,Commodities,yes,44,44,0,97.0,4268,0,132,0.030927835051546393,1786370400,1786421735,51335,yes,1786421735,False,CONTAMINATED
KXWTI-26AUG1014-T77.49,KXWTI-26AUG1014,Commodities,yes,464,464,0,93.0,43152,0,3248,0.07526881720430108,1786370400,1786421735,51335,yes,1786421735,False,CONTAMINATED
KXWTI-26AUG1014-T81.99,KXWTI-26AUG1014,Commodities,no,325,325,0,90.0,29250,0,-29250,-1.0,1786370400,1786421735,51335,yes,1786421735,False,CONTAMINATED
KXWTI-26AUG1014-T82.49,KXWTI-26AUG1014,Commodities,no,4,4,0,95.0,380,0,20,0.05263157894736842,1786370400,1786421735,51335,no,1786421735,False,CONTAMINATED
KXWTI-26AUG1014-T83.49,KXWTI-26AUG1014,Commodities,no,160,160,0,97.0,15520,0,480,0.030927835051546393,1786370400,1786421735,51335,no,1786421735,False,CONTAMINATED
KXWTI-26AUG1014-T83.99,KXWTI-26AUG1014,Commodities,no,223,223,0,98.0,21854,0,446,0.02040816326530612,1786370400,1786421735,51335,no,1786421735,False,CONTAMINATED
KXWTI-26AUG1014-T79.99,KXWTI-26AUG1014,Commodities,yes,325,325,0,90.0,29250,0,3250,0.1111111111111111,1786381200,1786421735,40535,yes,1786421735,False,CONTAMINATED
KXAAAGASD-26AUG11-4.015,KXAAAGASD-26AUG11,Economics,no,362,362,0,94.0,34028,0,2172,0.06382978723404255,1786402800,1786452029,49229,no,1786452029,False,CONTAMINATED
KXAAAGASD-26AUG11-4.020,KXAAAGASD-26AUG11,Economics,no,510,510,0,98.0,49980,0,1020,0.02040816326530612,1786402800,1786452029,49229,no,1786452029,False,CONTAMINATED
KXAAAGASD-26AUG11-4.010,KXAAAGASD-26AUG11,Economics,yes,361,361,0,91.0,32851,0,3249,0.0989010989010989,1786417200,1786452029,34829,yes,1786452029,False,CONTAMINATED
KXAAAGASD-26AUG11-4.025,KXAAAGASD-26AUG11,Economics,no,510,510,0,98.0,49980,0,1020,0.02040816326530612,1786417200,1786452029,34829,no,1786452029,False,CONTAMINATED
